[2024-03-27T05:21:20.830Z] error: Error in /controller/posterSelectCont/getPoster: Failed to connect to 216.48.176.144:1433 - Could not connect (sequence). SQL query: select poster_id, poster_name from Webcast_poster_mst where client_id = @clientId and dept_id = @deptId and Spk_Count = @spkCount
[2024-03-27T05:21:20.843Z] error: Error in /controller/authenticateCont/getClient: Failed to connect to 216.48.176.144:1433 - Could not connect (sequence). SQL query: SELECT ClientCode, FullName from Client_Mst Where Status = @y
[2024-03-27T05:21:20.898Z] error: Error in /controller/authenticateCont/getDepartMent: Failed to connect to 216.48.176.144:1433 - Could not connect (sequence). SQL query: SELECT DeptId, DeptName,DeptUrl from Department_Mst Where ClientCode = @clientId and Status = @y
[2024-03-27T05:21:20.922Z] error: Error in /controller/authenticateCont/getDepartMent: Failed to connect to 216.48.176.144:1433 - Could not connect (sequence). SQL query: SELECT DeptId, DeptName,DeptUrl from Department_Mst Where ClientCode = @clientId and Status = @y
[2024-03-27T05:21:20.940Z] error: Error in /controller/posterSelectCont/getPoster: Failed to connect to 216.48.176.144:1433 - Could not connect (sequence). SQL query: select poster_id, poster_name from Webcast_poster_mst where client_id = @clientId and dept_id = @deptId and Spk_Count = @spkCount
[2024-03-27T05:21:20.962Z] error: Error in /controller/authenticateCont/getClient: Failed to connect to 216.48.176.144:1433 - Could not connect (sequence). SQL query: SELECT ClientCode, FullName from Client_Mst Where Status = @y
[2024-03-27T08:24:26.918Z] error: Error in /controller/posterSelectCont/getPoster: Failed to connect to 216.48.176.144:1433 in 15000ms. SQL query: select poster_id, poster_name from Webcast_poster_mst where client_id = @clientId and dept_id = @deptId and Spk_Count = @spkCount
[2024-03-27T08:24:26.944Z] error: Error in /controller/posterSelectCont/getPoster: Failed to connect to 216.48.176.144:1433 in 15000ms. SQL query: select poster_id, poster_name from Webcast_poster_mst where client_id = @clientId and dept_id = @deptId and Spk_Count = @spkCount
[2024-03-27T08:24:26.954Z] error: Error in /controller/speakerDetlCont/getSpeaker: Failed to connect to 216.48.176.144:1433 in 15000ms. SQL query: SELECT  Id , SpkName, SpkImage, SpkDesignation,Bio1,Bio2,Bio3 FROM Webcast_Speaker_Detail where fk_mid = @fkmid and Status= @y
[2024-03-27T08:24:26.982Z] error: Error in /controller/physicalMeetCont/getMeetingById: Failed to connect to 216.48.176.144:1433 in 15000ms. SQL query: SELECT WcCode, WcId, ClientCode, DeptId, Name, Mobile, Title, EventStartDateTime, IsPosterEnable, EventEndDateTime, EventLocation FROM Webcast_Mst where WcCode = @id and EventStatus = @y
[2024-03-27T08:24:26.989Z] error: Error in /controller/posterSelectCont/getPosterById: Failed to connect to 216.48.176.144:1433 in 15000ms. SQL query: SELECT Webcast_Poster_Mst.client_id, Webcast_Poster_Mst.height, Webcast_Poster_Mst.width, Webcast_Poster_Mapping.fk_mid,
   Webcast_Poster_Mapping.fk_pid, Webcast_Poster_Mapping.poster_name from Webcast_Poster_Mst inner join Webcast_Poster_Mapping on
   Webcast_Poster_Mst.poster_id = Webcast_Poster_Mapping.fk_pid where Webcast_Poster_Mapping.fk_mid = @fkid;
[2024-03-27T08:25:41.537Z] error: Error in /controller/physicalMeetCont/getMeetingData: Timeout: Request failed to complete in 15000ms. SQL query: SELECT Webcast_Mst.Title,Webcast_Mst.WcCode,Webcast_Mst.Name ,Webcast_Mst.Mobile, Webcast_Mst.EventStartDateTime, Webcast_Mst.EventEndDateTime,
      Webcast_Speaker_Detail.SpkName,Webcast_Speaker_Detail.SpkDesignation,Webcast_Speaker_Detail.Bio1,Webcast_Speaker_Detail.Bio2,
      Webcast_Speaker_Detail.Bio3
      FROM Webcast_Mst Inner Join Webcast_Speaker_Detail on Webcast_Mst.WcCode = Webcast_Speaker_Detail.fk_mid 
      where Webcast_Mst.EventType = @Etype and Webcast_Mst.EventStatus = @y
      and Webcast_Speaker_Detail.Status = @y;
[2024-03-27T08:25:45.399Z] error: Error in /controller/virtualMeetCont/getTotalCompletedMeeting: Failed to cancel request in 5000ms. SQL query: select COALESCE(COUNT(*), 0) as totalCompletedMeeting from Webcast_Mst where @formateddate > EventEndDateTime and eventType = @event and EventStatus = @y
[2024-03-27T08:26:07.162Z] error: Error in /controller/physicalMeetCont/getMeetingData: Failed to connect to 216.48.176.144:1433 in 15000ms. SQL query: SELECT Webcast_Mst.Title, Webcast_Mst.WcCode,Webcast_Mst.Name ,Webcast_Mst.Mobile, Webcast_Mst.EventLocation, Webcast_Mst.EventStartDateTime, Webcast_Mst.EventEndDateTime,
        Webcast_Speaker_Detail.SpkName,Webcast_Speaker_Detail.SpkDesignation,Webcast_Speaker_Detail.Bio1,Webcast_Speaker_Detail.Bio2,
        Webcast_Speaker_Detail.Bio3
        FROM Webcast_Mst Inner Join Webcast_Speaker_Detail on Webcast_Mst.WcCode = Webcast_Speaker_Detail.fk_mid 
        where Webcast_Mst.EventType = @Etype and Webcast_Mst.EventStatus = @y
        and Webcast_Speaker_Detail.Status = @y;
[2024-03-27T08:26:12.653Z] error: Error in /controller/physicalMeetCont/getTotalMeeting: Failed to cancel request in 5000ms. SQL query: select COALESCE(COUNT(*), 0) as totalMeeting from Webcast_Mst where eventType = @event and EventStatus = @y
[2024-03-27T08:26:23.105Z] error: Error in /controller/virtualMeetCont/getMeetingWithStatus: Timeout: Request failed to complete in 15000ms. SQL query: SELECT Webcast_Mst.WcCode, Webcast_Mst.Title, 
      Webcast_Mst.EventStartDateTime, Webcast_Mst.EventEndDateTime,
      Webcast_Mst.CreatedDate,
      Webcast_Webinar_Mst.MeetingId,Webcast_Webinar_Mst.AccountId 
      FROM Webcast_Mst Inner Join Webcast_Webinar_Mst on  
      Webcast_Mst.WcCode = Webcast_Webinar_Mst.fk_mid where
      @formateddate < Webcast_Mst.EventEndDateTime and
      Webcast_Mst.EventType = @Etype and Webcast_Mst.EventStatus = @y and Webcast_Mst.Title LIKE '%' + @searchname + '%' ORDER BY Webcast_Mst.EventStartDateTime
[2024-03-27T11:45:27.843Z] error: Error in /controller/speakerDetlCont/getSpeaker: Failed to connect to 216.48.176.144:1433 - Could not connect (sequence). SQL query: SELECT  Id , SpkName, SpkImage, SpkDesignation,Bio1,Bio2,Bio3 FROM Webcast_Speaker_Detail where fk_mid = @fkmid and Status= @y
[2024-03-27T11:45:27.864Z] error: Error in /controller/physicalMeetCont/getMeetingById: Failed to connect to 216.48.176.144:1433 - Could not connect (sequence). SQL query: SELECT WcCode, WcId, ClientCode, DeptId, Name, Mobile, Title, EventStartDateTime, IsPosterEnable, EventEndDateTime, EventLocation FROM Webcast_Mst where WcCode = @id and EventStatus = @y
[2024-03-27T11:45:27.873Z] error: Error in /controller/posterSelectCont/getPosterById: Failed to connect to 216.48.176.144:1433 - Could not connect (sequence). SQL query: SELECT Webcast_Poster_Mst.client_id, Webcast_Poster_Mst.height, Webcast_Poster_Mst.width, Webcast_Poster_Mapping.fk_mid,
   Webcast_Poster_Mapping.fk_pid, Webcast_Poster_Mapping.poster_name from Webcast_Poster_Mst inner join Webcast_Poster_Mapping on
   Webcast_Poster_Mst.poster_id = Webcast_Poster_Mapping.fk_pid where Webcast_Poster_Mapping.fk_mid = @fkid;
[2024-03-27T11:45:27.893Z] error: Error in /controller/posterSelectCont/getPoster: Failed to connect to 216.48.176.144:1433 - Could not connect (sequence). SQL query: select poster_id, poster_name from Webcast_poster_mst where client_id = @clientId and dept_id = @deptId and Spk_Count = @spkCount
[2024-03-27T11:45:27.898Z] error: Error in /controller/posterSelectCont/getPoster: Failed to connect to 216.48.176.144:1433 - Could not connect (sequence). SQL query: select poster_id, poster_name from Webcast_poster_mst where client_id = @clientId and dept_id = @deptId and Spk_Count = @spkCount
[2024-03-27T11:45:27.915Z] error: Error in /controller/physicalMeetCont/getMeetingById: Failed to connect to 216.48.176.144:1433 - Could not connect (sequence). SQL query: SELECT WcCode, WcId, ClientCode, DeptId, Name, Mobile, Title, EventStartDateTime, IsPosterEnable, EventEndDateTime, EventLocation FROM Webcast_Mst where WcCode = @id and EventStatus = @y
[2024-03-27T11:45:27.923Z] error: Error in /controller/posterSelectCont/getPosterById: Failed to connect to 216.48.176.144:1433 - Could not connect (sequence). SQL query: SELECT Webcast_Poster_Mst.client_id, Webcast_Poster_Mst.height, Webcast_Poster_Mst.width, Webcast_Poster_Mapping.fk_mid,
   Webcast_Poster_Mapping.fk_pid, Webcast_Poster_Mapping.poster_name from Webcast_Poster_Mst inner join Webcast_Poster_Mapping on
   Webcast_Poster_Mst.poster_id = Webcast_Poster_Mapping.fk_pid where Webcast_Poster_Mapping.fk_mid = @fkid;
[2024-03-27T11:45:27.930Z] error: Error in /controller/speakerDetlCont/getSpeaker: Failed to connect to 216.48.176.144:1433 - Could not connect (sequence). SQL query: SELECT  Id , SpkName, SpkImage, SpkDesignation,Bio1,Bio2,Bio3 FROM Webcast_Speaker_Detail where fk_mid = @fkmid and Status= @y
[2024-03-27T11:59:30.882Z] error: Error in /controller/virtualMeetCont/getTotalUpcomingMeeting: Failed to connect to 216.48.176.144:1433 in 15000ms. SQL query: select COALESCE(COUNT(*), 0) as totalUpcomingMeeting from Webcast_Mst where @formateddate < EventEndDateTime and eventType = @event and EventStatus = @y
[2024-03-27T11:59:30.887Z] error: Error in /controller/physicalMeetCont/getTotalUpcomingMeeting: Failed to connect to 216.48.176.144:1433 in 15000ms. SQL query: select COALESCE(COUNT(*), 0) as totalUpcomingMeeting from Webcast_Mst where @formateddate < EventEndDateTime and eventType = @event and EventStatus = @y
[2024-03-27T11:59:40.914Z] error: Error in /controller/physicalMeetCont/getTotalMeeting: Failed to connect to 216.48.176.144:1433 in 15000ms. SQL query: select COALESCE(COUNT(*), 0) as totalMeeting from Webcast_Mst where eventType = @event and EventStatus = @y
[2024-03-27T11:59:44.117Z] error: Error in /controller/virtualMeetCont/getTotalMeeting: Failed to connect to 216.48.176.144:1433 in 15000ms. SQL query: select COALESCE(COUNT(*), 0) as totalMeeting from Webcast_Mst where eventType = @event and EventStatus = @y
[2024-03-27T11:59:44.121Z] error: Error in /controller/physicalMeetCont/getTotalCompletedMeeting: Failed to connect to 216.48.176.144:1433 in 15000ms. SQL query: select COALESCE(COUNT(*), 0) as totalCompletedMeeting from Webcast_Mst where @formateddate > EventEndDateTime and eventType = @event and EventStatus = @y
[2024-03-27T11:59:44.552Z] error: Error in /controller/virtualMeetCont/getTotalCompletedMeeting: Failed to connect to 216.48.176.144:1433 in 15000ms. SQL query: select COALESCE(COUNT(*), 0) as totalCompletedMeeting from Webcast_Mst where @formateddate > EventEndDateTime and eventType = @event and EventStatus = @y
[2024-03-27T11:59:45.914Z] error: Error in /controller/physicalMeetCont/getMeetingData: Failed to connect to 216.48.176.144:1433 in 15000ms. SQL query: SELECT Webcast_Mst.Title, Webcast_Mst.WcCode,Webcast_Mst.Name ,Webcast_Mst.Mobile, Webcast_Mst.EventLocation, Webcast_Mst.EventStartDateTime, Webcast_Mst.EventEndDateTime,
        Webcast_Speaker_Detail.SpkName,Webcast_Speaker_Detail.SpkDesignation,Webcast_Speaker_Detail.Bio1,Webcast_Speaker_Detail.Bio2,
        Webcast_Speaker_Detail.Bio3
        FROM Webcast_Mst Inner Join Webcast_Speaker_Detail on Webcast_Mst.WcCode = Webcast_Speaker_Detail.fk_mid 
        where Webcast_Mst.EventType = @Etype and Webcast_Mst.EventStatus = @y
        and Webcast_Speaker_Detail.Status = @y;
[2024-03-27T11:59:45.921Z] error: Error in /controller/physicalMeetCont/getTotalMeeting: Failed to connect to 216.48.176.144:1433 in 15000ms. SQL query: select COALESCE(COUNT(*), 0) as totalMeeting from Webcast_Mst where eventType = @event and EventStatus = @y
[2024-03-27T11:59:55.938Z] error: Error in /controller/physicalMeetCont/getMeetingData: Failed to connect to 216.48.176.144:1433 in 15000ms. SQL query: SELECT Webcast_Mst.Title,Webcast_Mst.WcCode,Webcast_Mst.Name ,Webcast_Mst.Mobile, Webcast_Mst.EventStartDateTime, Webcast_Mst.EventEndDateTime,
      Webcast_Speaker_Detail.SpkName,Webcast_Speaker_Detail.SpkDesignation,Webcast_Speaker_Detail.Bio1,Webcast_Speaker_Detail.Bio2,
      Webcast_Speaker_Detail.Bio3
      FROM Webcast_Mst Inner Join Webcast_Speaker_Detail on Webcast_Mst.WcCode = Webcast_Speaker_Detail.fk_mid 
      where Webcast_Mst.EventType = @Etype and Webcast_Mst.EventStatus = @y
      and Webcast_Speaker_Detail.Status = @y;
[2024-03-27T11:59:59.151Z] error: Error in /controller/virtualMeetCont/getMeetingWithStatus: Failed to connect to 216.48.176.144:1433 in 15000ms. SQL query: SELECT Webcast_Mst.WcCode, Webcast_Mst.Title, 
      Webcast_Mst.EventStartDateTime, Webcast_Mst.EventEndDateTime,
      Webcast_Mst.CreatedDate,
      Webcast_Webinar_Mst.MeetingId,Webcast_Webinar_Mst.AccountId 
      FROM Webcast_Mst Inner Join Webcast_Webinar_Mst on  
      Webcast_Mst.WcCode = Webcast_Webinar_Mst.fk_mid where
      @formateddate < Webcast_Mst.EventEndDateTime and
      Webcast_Mst.EventType = @Etype and Webcast_Mst.EventStatus = @y and Webcast_Mst.Title LIKE '%' + @searchname + '%' ORDER BY Webcast_Mst.EventStartDateTime
[2024-03-27T11:59:59.158Z] error: Error in /controller/virtualMeetCont/getMeetingWithStatus: Failed to connect to 216.48.176.144:1433 in 15000ms. SQL query: SELECT WcCode, Title, EventStartDateTime, EventEndDateTime, CreatedDate FROM Webcast_Mst
             where  @formateddate < EventEndDateTime and EventType = @Etype and EventStatus = @y and Title LIKE '%' + @searchname + '%' ORDER BY EventStartDateTime
[2024-03-27T11:59:59.576Z] error: Error in /controller/virtualMeetCont/getTotalMeeting: Failed to connect to 216.48.176.144:1433 in 15000ms. SQL query: select COALESCE(COUNT(*), 0) as totalMeeting from Webcast_Mst where eventType = @event and EventStatus = @y
[2024-03-27T12:00:01.054Z] error: Error in /controller/physicalMeetCont/getTotalMeeting: Failed to connect to 216.48.176.144:1433 in 15000ms. SQL query: select COALESCE(COUNT(*), 0) as totalMeeting from Webcast_Mst where eventType = @event and EventStatus = @y
[2024-03-27T12:00:01.085Z] error: Error in /controller/virtualMeetCont/getTotalMeeting: Failed to connect to 216.48.176.144:1433 in 15000ms. SQL query: select COALESCE(COUNT(*), 0) as totalMeeting from Webcast_Mst where eventType = @event and EventStatus = @y
[2024-03-27T12:00:01.091Z] error: Error in /controller/physicalMeetCont/getTotalMeeting: Failed to connect to 216.48.176.144:1433 in 15000ms. SQL query: select COALESCE(COUNT(*), 0) as totalMeeting from Webcast_Mst where eventType = @event and EventStatus = @y
[2024-03-27T12:00:01.101Z] error: Error in /controller/virtualMeetCont/getTotalMeeting: Failed to connect to 216.48.176.144:1433 in 15000ms. SQL query: select COALESCE(COUNT(*), 0) as totalMeeting from Webcast_Mst where eventType = @event and EventStatus = @y
[2024-03-27T12:00:01.140Z] error: Error in /controller/physicalMeetCont/getTotalUpcomingMeeting: Failed to connect to 216.48.176.144:1433 in 15000ms. SQL query: select COALESCE(COUNT(*), 0) as totalUpcomingMeeting from Webcast_Mst where @formateddate < EventEndDateTime and eventType = @event and EventStatus = @y
[2024-03-27T12:00:01.166Z] error: Error in /controller/virtualMeetCont/getTotalUpcomingMeeting: Failed to connect to 216.48.176.144:1433 in 15000ms. SQL query: select COALESCE(COUNT(*), 0) as totalUpcomingMeeting from Webcast_Mst where @formateddate < EventEndDateTime and eventType = @event and EventStatus = @y
[2024-03-27T12:00:26.435Z] error: Error in /controller/physicalMeetCont/getTotalMeeting: Connection is closed.. SQL query: select COALESCE(COUNT(*), 0) as totalMeeting from Webcast_Mst where eventType = @event and EventStatus = @y
[2024-03-27T12:00:26.556Z] error: Error in /controller/virtualMeetCont/getTotalMeeting: Connection is closed.. SQL query: select COALESCE(COUNT(*), 0) as totalMeeting from Webcast_Mst where eventType = @event and EventStatus = @y
[2024-03-27T12:00:26.560Z] error: Error in /controller/physicalMeetCont/getTotalUpcomingMeeting: Connection is closed.. SQL query: select COALESCE(COUNT(*), 0) as totalUpcomingMeeting from Webcast_Mst where @formateddate < EventEndDateTime and eventType = @event and EventStatus = @y
[2024-03-27T12:00:26.566Z] error: Error in /controller/virtualMeetCont/getTotalUpcomingMeeting: Connection is closed.. SQL query: select COALESCE(COUNT(*), 0) as totalUpcomingMeeting from Webcast_Mst where @formateddate < EventEndDateTime and eventType = @event and EventStatus = @y
[2024-03-27T12:00:26.584Z] error: Error in /controller/virtualMeetCont/getTotalCompletedMeeting: Connection is closed.. SQL query: select COALESCE(COUNT(*), 0) as totalCompletedMeeting from Webcast_Mst where @formateddate > EventEndDateTime and eventType = @event and EventStatus = @y
[2024-03-27T12:00:26.601Z] error: Error in /controller/physicalMeetCont/getTotalCompletedMeeting: Connection is closed.. SQL query: select COALESCE(COUNT(*), 0) as totalCompletedMeeting from Webcast_Mst where @formateddate > EventEndDateTime and eventType = @event and EventStatus = @y
[2024-03-27T12:00:26.680Z] error: Error in /controller/physicalMeetCont/getMeetingData: Connection is closed.. SQL query: SELECT Webcast_Mst.Title, Webcast_Mst.WcCode,Webcast_Mst.Name ,Webcast_Mst.Mobile, Webcast_Mst.EventLocation, Webcast_Mst.EventStartDateTime, Webcast_Mst.EventEndDateTime,
        Webcast_Speaker_Detail.SpkName,Webcast_Speaker_Detail.SpkDesignation,Webcast_Speaker_Detail.Bio1,Webcast_Speaker_Detail.Bio2,
        Webcast_Speaker_Detail.Bio3
        FROM Webcast_Mst Inner Join Webcast_Speaker_Detail on Webcast_Mst.WcCode = Webcast_Speaker_Detail.fk_mid 
        where Webcast_Mst.EventType = @Etype and Webcast_Mst.EventStatus = @y
        and Webcast_Speaker_Detail.Status = @y;
[2024-03-27T12:00:26.693Z] error: Error in /controller/physicalMeetCont/getMeetingData: Connection is closed.. SQL query: SELECT Webcast_Mst.Title,Webcast_Mst.WcCode,Webcast_Mst.Name ,Webcast_Mst.Mobile, Webcast_Mst.EventStartDateTime, Webcast_Mst.EventEndDateTime,
      Webcast_Speaker_Detail.SpkName,Webcast_Speaker_Detail.SpkDesignation,Webcast_Speaker_Detail.Bio1,Webcast_Speaker_Detail.Bio2,
      Webcast_Speaker_Detail.Bio3
      FROM Webcast_Mst Inner Join Webcast_Speaker_Detail on Webcast_Mst.WcCode = Webcast_Speaker_Detail.fk_mid 
      where Webcast_Mst.EventType = @Etype and Webcast_Mst.EventStatus = @y
      and Webcast_Speaker_Detail.Status = @y;
[2024-03-27T12:00:26.699Z] error: Error in /controller/virtualMeetCont/getMeetingWithStatus: Connection is closed.. SQL query: SELECT Webcast_Mst.WcCode, Webcast_Mst.Title, 
      Webcast_Mst.EventStartDateTime, Webcast_Mst.EventEndDateTime,
      Webcast_Mst.CreatedDate,
      Webcast_Webinar_Mst.MeetingId,Webcast_Webinar_Mst.AccountId 
      FROM Webcast_Mst Inner Join Webcast_Webinar_Mst on  
      Webcast_Mst.WcCode = Webcast_Webinar_Mst.fk_mid where
      @formateddate < Webcast_Mst.EventEndDateTime and
      Webcast_Mst.EventType = @Etype and Webcast_Mst.EventStatus = @y and Webcast_Mst.Title LIKE '%' + @searchname + '%' ORDER BY Webcast_Mst.EventStartDateTime
[2024-03-27T12:00:26.708Z] error: Error in /controller/virtualMeetCont/getMeetingWithStatus: Connection is closed.. SQL query: SELECT WcCode, Title, EventStartDateTime, EventEndDateTime, CreatedDate FROM Webcast_Mst
             where  @formateddate < EventEndDateTime and EventType = @Etype and EventStatus = @y and Title LIKE '%' + @searchname + '%' ORDER BY EventStartDateTime
[2024-03-27T12:00:26.726Z] error: Error in /controller/physicalMeetCont/getTotalUpcomingMeeting: Connection is closed.. SQL query: select COALESCE(COUNT(*), 0) as totalUpcomingMeeting from Webcast_Mst where @formateddate < EventEndDateTime and eventType = @event and EventStatus = @y
[2024-03-27T12:00:26.765Z] error: Error in /controller/virtualMeetCont/getTotalMeeting: Connection is closed.. SQL query: select COALESCE(COUNT(*), 0) as totalMeeting from Webcast_Mst where eventType = @event and EventStatus = @y
[2024-03-27T12:00:26.769Z] error: Error in /controller/physicalMeetCont/getTotalMeeting: Connection is closed.. SQL query: select COALESCE(COUNT(*), 0) as totalMeeting from Webcast_Mst where eventType = @event and EventStatus = @y
[2024-03-27T12:00:26.779Z] error: Error in /controller/virtualMeetCont/getTotalUpcomingMeeting: Connection is closed.. SQL query: select COALESCE(COUNT(*), 0) as totalUpcomingMeeting from Webcast_Mst where @formateddate < EventEndDateTime and eventType = @event and EventStatus = @y
[2024-03-27T12:00:26.784Z] error: Error in /controller/physicalMeetCont/getTotalCompletedMeeting: Connection is closed.. SQL query: select COALESCE(COUNT(*), 0) as totalCompletedMeeting from Webcast_Mst where @formateddate > EventEndDateTime and eventType = @event and EventStatus = @y
[2024-03-27T12:00:26.790Z] error: Error in /controller/virtualMeetCont/getTotalCompletedMeeting: Connection is closed.. SQL query: select COALESCE(COUNT(*), 0) as totalCompletedMeeting from Webcast_Mst where @formateddate > EventEndDateTime and eventType = @event and EventStatus = @y
[2024-03-27T12:00:26.819Z] error: Error in /controller/physicalMeetCont/getMeetingData: Connection is closed.. SQL query: SELECT Webcast_Mst.Title, Webcast_Mst.WcCode,Webcast_Mst.Name ,Webcast_Mst.Mobile, Webcast_Mst.EventLocation, Webcast_Mst.EventStartDateTime, Webcast_Mst.EventEndDateTime,
        Webcast_Speaker_Detail.SpkName,Webcast_Speaker_Detail.SpkDesignation,Webcast_Speaker_Detail.Bio1,Webcast_Speaker_Detail.Bio2,
        Webcast_Speaker_Detail.Bio3
        FROM Webcast_Mst Inner Join Webcast_Speaker_Detail on Webcast_Mst.WcCode = Webcast_Speaker_Detail.fk_mid 
        where Webcast_Mst.EventType = @Etype and Webcast_Mst.EventStatus = @y
        and Webcast_Speaker_Detail.Status = @y;
[2024-03-27T12:00:26.825Z] error: Error in /controller/physicalMeetCont/getMeetingData: Connection is closed.. SQL query: SELECT Webcast_Mst.Title,Webcast_Mst.WcCode,Webcast_Mst.Name ,Webcast_Mst.Mobile, Webcast_Mst.EventStartDateTime, Webcast_Mst.EventEndDateTime,
      Webcast_Speaker_Detail.SpkName,Webcast_Speaker_Detail.SpkDesignation,Webcast_Speaker_Detail.Bio1,Webcast_Speaker_Detail.Bio2,
      Webcast_Speaker_Detail.Bio3
      FROM Webcast_Mst Inner Join Webcast_Speaker_Detail on Webcast_Mst.WcCode = Webcast_Speaker_Detail.fk_mid 
      where Webcast_Mst.EventType = @Etype and Webcast_Mst.EventStatus = @y
      and Webcast_Speaker_Detail.Status = @y;
[2024-03-27T12:00:26.834Z] error: Error in /controller/virtualMeetCont/getMeetingWithStatus: Connection is closed.. SQL query: SELECT Webcast_Mst.WcCode, Webcast_Mst.Title, 
      Webcast_Mst.EventStartDateTime, Webcast_Mst.EventEndDateTime,
      Webcast_Mst.CreatedDate,
      Webcast_Webinar_Mst.MeetingId,Webcast_Webinar_Mst.AccountId 
      FROM Webcast_Mst Inner Join Webcast_Webinar_Mst on  
      Webcast_Mst.WcCode = Webcast_Webinar_Mst.fk_mid where
      @formateddate < Webcast_Mst.EventEndDateTime and
      Webcast_Mst.EventType = @Etype and Webcast_Mst.EventStatus = @y and Webcast_Mst.Title LIKE '%' + @searchname + '%' ORDER BY Webcast_Mst.EventStartDateTime
[2024-03-27T12:00:26.841Z] error: Error in /controller/virtualMeetCont/getMeetingWithStatus: Connection is closed.. SQL query: SELECT WcCode, Title, EventStartDateTime, EventEndDateTime, CreatedDate FROM Webcast_Mst
             where  @formateddate < EventEndDateTime and EventType = @Etype and EventStatus = @y and Title LIKE '%' + @searchname + '%' ORDER BY EventStartDateTime
[2024-03-27T12:00:27.294Z] error: Error in /controller/virtualMeetCont/getMeetingWithStatus: Connection is closed.. SQL query: SELECT Webcast_Mst.WcCode, Webcast_Mst.Title, 
      Webcast_Mst.EventStartDateTime, Webcast_Mst.EventEndDateTime,
      Webcast_Mst.CreatedDate,
      Webcast_Webinar_Mst.MeetingId,Webcast_Webinar_Mst.AccountId 
      FROM Webcast_Mst Inner Join Webcast_Webinar_Mst on  
      Webcast_Mst.WcCode = Webcast_Webinar_Mst.fk_mid where
      @formateddate < Webcast_Mst.EventEndDateTime and
      Webcast_Mst.EventType = @Etype and Webcast_Mst.EventStatus = @y and Webcast_Mst.Title LIKE '%' + @searchname + '%' ORDER BY Webcast_Mst.EventStartDateTime
[2024-03-27T12:00:27.303Z] error: Error in /controller/virtualMeetCont/getMeetingWithStatus: Connection is closed.. SQL query: SELECT WcCode, Title, EventStartDateTime, EventEndDateTime, CreatedDate FROM Webcast_Mst
             where  @formateddate < EventEndDateTime and EventType = @Etype and EventStatus = @y and Title LIKE '%' + @searchname + '%' ORDER BY EventStartDateTime
[2024-03-27T12:00:43.457Z] error: Error in /controller/physicalMeetCont/getMeetingByIdFormatDate: No connection is specified for that request.. SQL query: SELECT Webcast_Mst.WcCode, Webcast_Mst.Name, Webcast_Mst.Mobile,
    Webcast_Mst.Title, Webcast_Mst.EventStartDateTime, Webcast_Mst.EventEndDateTime,
    Webcast_Mst.EventLocation, Webcast_Mst.IsPosterEnable,
    Client_Mst.FullName, Department_Mst.DeptName
    FROM Webcast_Mst 
    Inner Join Client_Mst on Webcast_Mst.ClientCode = Client_Mst.ClientCode
    Inner Join Department_Mst on Webcast_Mst.DeptId = Department_Mst.DeptId 
    where 
    WcCode = @id and EventStatus = @y
[2024-03-27T12:00:43.468Z] error: Error in /controller/speakerDetlCont/getSpeaker: No connection is specified for that request.. SQL query: SELECT  Id , SpkName, SpkImage, SpkDesignation,Bio1,Bio2,Bio3 FROM Webcast_Speaker_Detail where fk_mid = @fkmid and Status= @y
[2024-03-27T12:00:43.474Z] error: Error in /controller/posterSelectCont/getPosterById: No connection is specified for that request.. SQL query: SELECT Webcast_Poster_Mst.client_id, Webcast_Poster_Mst.height, Webcast_Poster_Mst.width, Webcast_Poster_Mapping.fk_mid,
   Webcast_Poster_Mapping.fk_pid, Webcast_Poster_Mapping.poster_name from Webcast_Poster_Mst inner join Webcast_Poster_Mapping on
   Webcast_Poster_Mst.poster_id = Webcast_Poster_Mapping.fk_pid where Webcast_Poster_Mapping.fk_mid = @fkid;
[2024-03-27T12:00:43.489Z] error: Error in /controller/physicalMeetCont/getMeetingByIdFormatDate: No connection is specified for that request.. SQL query: SELECT Webcast_Mst.WcCode, Webcast_Mst.Name, Webcast_Mst.Mobile,
    Webcast_Mst.Title, Webcast_Mst.EventStartDateTime, Webcast_Mst.EventEndDateTime,
    Webcast_Mst.EventLocation, Webcast_Mst.IsPosterEnable,
    Client_Mst.FullName, Department_Mst.DeptName
    FROM Webcast_Mst 
    Inner Join Client_Mst on Webcast_Mst.ClientCode = Client_Mst.ClientCode
    Inner Join Department_Mst on Webcast_Mst.DeptId = Department_Mst.DeptId 
    where 
    WcCode = @id and EventStatus = @y
[2024-03-27T12:00:43.520Z] error: Error in /controller/speakerDetlCont/getSpeaker: No connection is specified for that request.. SQL query: SELECT  Id , SpkName, SpkImage, SpkDesignation,Bio1,Bio2,Bio3 FROM Webcast_Speaker_Detail where fk_mid = @fkmid and Status= @y
[2024-03-27T12:00:43.523Z] error: Error in /controller/posterSelectCont/getPosterById: No connection is specified for that request.. SQL query: SELECT Webcast_Poster_Mst.client_id, Webcast_Poster_Mst.height, Webcast_Poster_Mst.width, Webcast_Poster_Mapping.fk_mid,
   Webcast_Poster_Mapping.fk_pid, Webcast_Poster_Mapping.poster_name from Webcast_Poster_Mst inner join Webcast_Poster_Mapping on
   Webcast_Poster_Mst.poster_id = Webcast_Poster_Mapping.fk_pid where Webcast_Poster_Mapping.fk_mid = @fkid;
[2024-03-27T12:00:46.334Z] error: Error in /controller/virtualMeetCont/getTotalMeeting: No connection is specified for that request.. SQL query: select COALESCE(COUNT(*), 0) as totalMeeting from Webcast_Mst where eventType = @event and EventStatus = @y
[2024-03-27T12:00:46.341Z] error: Error in /controller/physicalMeetCont/getTotalMeeting: No connection is specified for that request.. SQL query: select COALESCE(COUNT(*), 0) as totalMeeting from Webcast_Mst where eventType = @event and EventStatus = @y
[2024-03-27T12:00:46.389Z] error: Error in /controller/physicalMeetCont/getTotalMeeting: No connection is specified for that request.. SQL query: select COALESCE(COUNT(*), 0) as totalMeeting from Webcast_Mst where eventType = @event and EventStatus = @y
[2024-03-27T12:00:46.406Z] error: Error in /controller/virtualMeetCont/getTotalMeeting: No connection is specified for that request.. SQL query: select COALESCE(COUNT(*), 0) as totalMeeting from Webcast_Mst where eventType = @event and EventStatus = @y
[2024-03-27T12:00:46.420Z] error: Error in /controller/physicalMeetCont/getTotalUpcomingMeeting: No connection is specified for that request.. SQL query: select COALESCE(COUNT(*), 0) as totalUpcomingMeeting from Webcast_Mst where @formateddate < EventEndDateTime and eventType = @event and EventStatus = @y
[2024-03-27T12:00:46.438Z] error: Error in /controller/virtualMeetCont/getTotalUpcomingMeeting: No connection is specified for that request.. SQL query: select COALESCE(COUNT(*), 0) as totalUpcomingMeeting from Webcast_Mst where @formateddate < EventEndDateTime and eventType = @event and EventStatus = @y
[2024-03-27T12:00:46.453Z] error: Error in /controller/physicalMeetCont/getTotalCompletedMeeting: No connection is specified for that request.. SQL query: select COALESCE(COUNT(*), 0) as totalCompletedMeeting from Webcast_Mst where @formateddate > EventEndDateTime and eventType = @event and EventStatus = @y
[2024-03-27T12:00:46.460Z] error: Error in /controller/virtualMeetCont/getTotalCompletedMeeting: No connection is specified for that request.. SQL query: select COALESCE(COUNT(*), 0) as totalCompletedMeeting from Webcast_Mst where @formateddate > EventEndDateTime and eventType = @event and EventStatus = @y
[2024-03-27T12:00:46.493Z] error: Error in /controller/physicalMeetCont/getMeetingData: No connection is specified for that request.. SQL query: SELECT Webcast_Mst.Title, Webcast_Mst.WcCode,Webcast_Mst.Name ,Webcast_Mst.Mobile, Webcast_Mst.EventLocation, Webcast_Mst.EventStartDateTime, Webcast_Mst.EventEndDateTime,
        Webcast_Speaker_Detail.SpkName,Webcast_Speaker_Detail.SpkDesignation,Webcast_Speaker_Detail.Bio1,Webcast_Speaker_Detail.Bio2,
        Webcast_Speaker_Detail.Bio3
        FROM Webcast_Mst Inner Join Webcast_Speaker_Detail on Webcast_Mst.WcCode = Webcast_Speaker_Detail.fk_mid 
        where Webcast_Mst.EventType = @Etype and Webcast_Mst.EventStatus = @y
        and Webcast_Speaker_Detail.Status = @y;
[2024-03-27T12:00:46.502Z] error: Error in /controller/physicalMeetCont/getMeetingData: No connection is specified for that request.. SQL query: SELECT Webcast_Mst.Title,Webcast_Mst.WcCode,Webcast_Mst.Name ,Webcast_Mst.Mobile, Webcast_Mst.EventStartDateTime, Webcast_Mst.EventEndDateTime,
      Webcast_Speaker_Detail.SpkName,Webcast_Speaker_Detail.SpkDesignation,Webcast_Speaker_Detail.Bio1,Webcast_Speaker_Detail.Bio2,
      Webcast_Speaker_Detail.Bio3
      FROM Webcast_Mst Inner Join Webcast_Speaker_Detail on Webcast_Mst.WcCode = Webcast_Speaker_Detail.fk_mid 
      where Webcast_Mst.EventType = @Etype and Webcast_Mst.EventStatus = @y
      and Webcast_Speaker_Detail.Status = @y;
[2024-03-27T12:00:46.508Z] error: Error in /controller/virtualMeetCont/getMeetingWithStatus: No connection is specified for that request.. SQL query: SELECT Webcast_Mst.WcCode, Webcast_Mst.Title, 
      Webcast_Mst.EventStartDateTime, Webcast_Mst.EventEndDateTime,
      Webcast_Mst.CreatedDate,
      Webcast_Webinar_Mst.MeetingId,Webcast_Webinar_Mst.AccountId 
      FROM Webcast_Mst Inner Join Webcast_Webinar_Mst on  
      Webcast_Mst.WcCode = Webcast_Webinar_Mst.fk_mid where
      @formateddate < Webcast_Mst.EventEndDateTime and
      Webcast_Mst.EventType = @Etype and Webcast_Mst.EventStatus = @y and Webcast_Mst.Title LIKE '%' + @searchname + '%' ORDER BY Webcast_Mst.EventStartDateTime
[2024-03-27T12:00:46.517Z] error: Error in /controller/virtualMeetCont/getTotalUpcomingMeeting: No connection is specified for that request.. SQL query: select COALESCE(COUNT(*), 0) as totalUpcomingMeeting from Webcast_Mst where @formateddate < EventEndDateTime and eventType = @event and EventStatus = @y
[2024-03-27T12:00:46.542Z] error: Error in /controller/virtualMeetCont/getMeetingWithStatus: No connection is specified for that request.. SQL query: SELECT WcCode, Title, EventStartDateTime, EventEndDateTime, CreatedDate FROM Webcast_Mst
             where  @formateddate < EventEndDateTime and EventType = @Etype and EventStatus = @y and Title LIKE '%' + @searchname + '%' ORDER BY EventStartDateTime
[2024-03-27T12:00:46.544Z] error: Error in /controller/physicalMeetCont/getTotalUpcomingMeeting: No connection is specified for that request.. SQL query: select COALESCE(COUNT(*), 0) as totalUpcomingMeeting from Webcast_Mst where @formateddate < EventEndDateTime and eventType = @event and EventStatus = @y
[2024-03-27T12:00:46.557Z] error: Error in /controller/physicalMeetCont/getTotalCompletedMeeting: No connection is specified for that request.. SQL query: select COALESCE(COUNT(*), 0) as totalCompletedMeeting from Webcast_Mst where @formateddate > EventEndDateTime and eventType = @event and EventStatus = @y
[2024-03-27T12:00:46.561Z] error: Error in /controller/virtualMeetCont/getTotalCompletedMeeting: No connection is specified for that request.. SQL query: select COALESCE(COUNT(*), 0) as totalCompletedMeeting from Webcast_Mst where @formateddate > EventEndDateTime and eventType = @event and EventStatus = @y
[2024-03-27T12:00:46.577Z] error: Error in /controller/physicalMeetCont/getMeetingData: No connection is specified for that request.. SQL query: SELECT Webcast_Mst.Title, Webcast_Mst.WcCode,Webcast_Mst.Name ,Webcast_Mst.Mobile, Webcast_Mst.EventLocation, Webcast_Mst.EventStartDateTime, Webcast_Mst.EventEndDateTime,
        Webcast_Speaker_Detail.SpkName,Webcast_Speaker_Detail.SpkDesignation,Webcast_Speaker_Detail.Bio1,Webcast_Speaker_Detail.Bio2,
        Webcast_Speaker_Detail.Bio3
        FROM Webcast_Mst Inner Join Webcast_Speaker_Detail on Webcast_Mst.WcCode = Webcast_Speaker_Detail.fk_mid 
        where Webcast_Mst.EventType = @Etype and Webcast_Mst.EventStatus = @y
        and Webcast_Speaker_Detail.Status = @y;
[2024-03-27T12:00:46.604Z] error: Error in /controller/physicalMeetCont/getMeetingData: No connection is specified for that request.. SQL query: SELECT Webcast_Mst.Title,Webcast_Mst.WcCode,Webcast_Mst.Name ,Webcast_Mst.Mobile, Webcast_Mst.EventStartDateTime, Webcast_Mst.EventEndDateTime,
      Webcast_Speaker_Detail.SpkName,Webcast_Speaker_Detail.SpkDesignation,Webcast_Speaker_Detail.Bio1,Webcast_Speaker_Detail.Bio2,
      Webcast_Speaker_Detail.Bio3
      FROM Webcast_Mst Inner Join Webcast_Speaker_Detail on Webcast_Mst.WcCode = Webcast_Speaker_Detail.fk_mid 
      where Webcast_Mst.EventType = @Etype and Webcast_Mst.EventStatus = @y
      and Webcast_Speaker_Detail.Status = @y;
[2024-03-27T12:00:46.609Z] error: Error in /controller/virtualMeetCont/getMeetingWithStatus: No connection is specified for that request.. SQL query: SELECT Webcast_Mst.WcCode, Webcast_Mst.Title, 
      Webcast_Mst.EventStartDateTime, Webcast_Mst.EventEndDateTime,
      Webcast_Mst.CreatedDate,
      Webcast_Webinar_Mst.MeetingId,Webcast_Webinar_Mst.AccountId 
      FROM Webcast_Mst Inner Join Webcast_Webinar_Mst on  
      Webcast_Mst.WcCode = Webcast_Webinar_Mst.fk_mid where
      @formateddate < Webcast_Mst.EventEndDateTime and
      Webcast_Mst.EventType = @Etype and Webcast_Mst.EventStatus = @y and Webcast_Mst.Title LIKE '%' + @searchname + '%' ORDER BY Webcast_Mst.EventStartDateTime
[2024-03-27T12:00:46.620Z] error: Error in /controller/virtualMeetCont/getMeetingWithStatus: No connection is specified for that request.. SQL query: SELECT WcCode, Title, EventStartDateTime, EventEndDateTime, CreatedDate FROM Webcast_Mst
             where  @formateddate < EventEndDateTime and EventType = @Etype and EventStatus = @y and Title LIKE '%' + @searchname + '%' ORDER BY EventStartDateTime
[2024-03-27T12:00:47.338Z] error: Error in /controller/virtualMeetCont/getMeetingWithStatus: No connection is specified for that request.. SQL query: SELECT Webcast_Mst.WcCode, Webcast_Mst.Title, 
      Webcast_Mst.EventStartDateTime, Webcast_Mst.EventEndDateTime,
      Webcast_Mst.CreatedDate,
      Webcast_Webinar_Mst.MeetingId,Webcast_Webinar_Mst.AccountId 
      FROM Webcast_Mst Inner Join Webcast_Webinar_Mst on  
      Webcast_Mst.WcCode = Webcast_Webinar_Mst.fk_mid where
      @formateddate < Webcast_Mst.EventEndDateTime and
      Webcast_Mst.EventType = @Etype and Webcast_Mst.EventStatus = @y and Webcast_Mst.Title LIKE '%' + @searchname + '%' ORDER BY Webcast_Mst.EventStartDateTime
[2024-03-27T12:00:47.344Z] error: Error in /controller/virtualMeetCont/getMeetingWithStatus: No connection is specified for that request.. SQL query: SELECT WcCode, Title, EventStartDateTime, EventEndDateTime, CreatedDate FROM Webcast_Mst
             where  @formateddate < EventEndDateTime and EventType = @Etype and EventStatus = @y and Title LIKE '%' + @searchname + '%' ORDER BY EventStartDateTime
[2024-03-27T13:00:29.082Z] error: Error in /controller/physicalMeetCont/getMeetingData: Failed to connect to 216.48.176.144:1433 in 15000ms. SQL query: SELECT Webcast_Mst.Title, Webcast_Mst.WcCode,Webcast_Mst.Name ,Webcast_Mst.Mobile, Webcast_Mst.EventLocation, Webcast_Mst.EventStartDateTime, Webcast_Mst.EventEndDateTime,
        Webcast_Speaker_Detail.SpkName,Webcast_Speaker_Detail.SpkDesignation,Webcast_Speaker_Detail.Bio1,Webcast_Speaker_Detail.Bio2,
        Webcast_Speaker_Detail.Bio3
        FROM Webcast_Mst Inner Join Webcast_Speaker_Detail on Webcast_Mst.WcCode = Webcast_Speaker_Detail.fk_mid 
        where Webcast_Mst.EventType = @Etype and Webcast_Mst.EventStatus = @y
        and Webcast_Speaker_Detail.Status = @y;
[2024-03-27T13:00:29.089Z] error: Error in /controller/physicalMeetCont/getMeetingData: Failed to connect to 216.48.176.144:1433 in 15000ms. SQL query: SELECT Webcast_Mst.Title,Webcast_Mst.WcCode,Webcast_Mst.Name ,Webcast_Mst.Mobile, Webcast_Mst.EventStartDateTime, Webcast_Mst.EventEndDateTime,
      Webcast_Speaker_Detail.SpkName,Webcast_Speaker_Detail.SpkDesignation,Webcast_Speaker_Detail.Bio1,Webcast_Speaker_Detail.Bio2,
      Webcast_Speaker_Detail.Bio3
      FROM Webcast_Mst Inner Join Webcast_Speaker_Detail on Webcast_Mst.WcCode = Webcast_Speaker_Detail.fk_mid 
      where Webcast_Mst.EventType = @Etype and Webcast_Mst.EventStatus = @y
      and Webcast_Speaker_Detail.Status = @y;
[2024-03-27T13:00:29.117Z] error: Error in /controller/virtualMeetCont/getMeetingWithStatus: Failed to connect to 216.48.176.144:1433 in 15000ms. SQL query: SELECT Webcast_Mst.WcCode, Webcast_Mst.Title, 
      Webcast_Mst.EventStartDateTime, Webcast_Mst.EventEndDateTime,
      Webcast_Mst.CreatedDate,
      Webcast_Webinar_Mst.MeetingId,Webcast_Webinar_Mst.AccountId 
      FROM Webcast_Mst Inner Join Webcast_Webinar_Mst on  
      Webcast_Mst.WcCode = Webcast_Webinar_Mst.fk_mid where
      @formateddate < Webcast_Mst.EventEndDateTime and
      Webcast_Mst.EventType = @Etype and Webcast_Mst.EventStatus = @y and Webcast_Mst.Title LIKE '%' + @searchname + '%' ORDER BY Webcast_Mst.EventStartDateTime
[2024-03-27T13:05:43.536Z] error: Error in /controller/formCont/addHost: Failed to connect to 216.48.176.144:1433 in 15000ms. SQL query: insert into webcast_host_login (wc_code,username,password,createddate) values (@fkmid,@hostUserName,@hostPassword,@crdate);
[2024-03-27T13:59:18.706Z] error: Error in /controller/virtualMeetCont/getMeetingType: Failed to connect to 216.48.176.144:1433 - Could not connect (sequence). SQL query: SELECT BasicId, Code, Description from Basic_Mst where Status = @y
     and IdentifierCode = @code order by DisplayOrder;
[2024-03-27T13:59:18.848Z] error: Error in /controller/posterSelectCont/getPoster: Failed to connect to 216.48.176.144:1433 - Could not connect (sequence). SQL query: select poster_id, poster_name from Webcast_poster_mst where client_id = @clientId and dept_id = @deptId and Spk_Count = @spkCount
[2024-03-27T13:59:18.877Z] error: Error in /controller/formCont/getFormField: Failed to connect to 216.48.176.144:1433 - Could not connect (sequence). SQL query: SELECT Field_Mst.FieldCode, Field_Mst.FieldName, Field_Mst.FieldType, Field_Mst.FieldInfo, Field_Mst.FieldMandatory,
    Client_Field_Mapping.ClientCode,Client_Field_Mapping.DisplayOrder From Field_Mst Inner Join Client_Field_Mapping on Field_Mst.FieldCode = Client_Field_Mapping.FieldCode 
    where Client_Field_Mapping.ClientCode = @clcode And Field_Mst.FieldMandatory = @m  And Client_Field_Mapping.Status = @y
    Order By Client_Field_Mapping.DisplayOrder;
[2024-03-27T13:59:18.986Z] error: Error in /controller/formCont/getFormFieldOptional: Failed to connect to 216.48.176.144:1433 - Could not connect (sequence). SQL query: SELECT Field_Mst.FieldCode, Field_Mst.FieldName, Field_Mst.FieldType, Field_Mst.FieldInfo, Field_Mst.FieldMandatory,
    Client_Field_Mapping.ClientCode ,Client_Field_Mapping.DisplayOrder From Field_Mst Inner Join Client_Field_Mapping on Field_Mst.FieldCode = Client_Field_Mapping.FieldCode 
    where Client_Field_Mapping.ClientCode = @clcode And Field_Mst.FieldMandatory = @o  And Client_Field_Mapping.Status = @y
    Order By Client_Field_Mapping.DisplayOrder;
[2024-03-27T13:59:19.084Z] error: Error in /controller/authenticateCont/getDepartMent: Failed to connect to 216.48.176.144:1433 - Could not connect (sequence). SQL query: SELECT DeptId, DeptName,DeptUrl from Department_Mst Where ClientCode = @clientId and Status = @y
[2024-03-27T13:59:19.110Z] error: Error in /controller/posterSelectCont/getPoster: Failed to connect to 216.48.176.144:1433 - Could not connect (sequence). SQL query: select poster_id, poster_name from Webcast_poster_mst where client_id = @clientId and dept_id = @deptId and Spk_Count = @spkCount
[2024-03-27T13:59:19.152Z] error: Error in /controller/virtualMeetCont/getMessageType: Failed to connect to 216.48.176.144:1433 - Could not connect (sequence). SQL query: SELECT BasicId, Code, Description from Basic_Mst where Status = @y
     and IdentifierCode = @code order by DisplayOrder;
[2024-03-27T13:59:19.169Z] error: Error in /controller/authenticateCont/getClient: Failed to connect to 216.48.176.144:1433 - Could not connect (sequence). SQL query: SELECT ClientCode, FullName from Client_Mst Where Status = @y
[2024-03-27T13:59:19.218Z] error: Error in /controller/formCont/getFormField: Failed to connect to 216.48.176.144:1433 - Could not connect (sequence). SQL query: SELECT Field_Mst.FieldCode, Field_Mst.FieldName, Field_Mst.FieldType, Field_Mst.FieldInfo, Field_Mst.FieldMandatory,
    Client_Field_Mapping.ClientCode,Client_Field_Mapping.DisplayOrder From Field_Mst Inner Join Client_Field_Mapping on Field_Mst.FieldCode = Client_Field_Mapping.FieldCode 
    where Client_Field_Mapping.ClientCode = @clcode And Field_Mst.FieldMandatory = @m  And Client_Field_Mapping.Status = @y
    Order By Client_Field_Mapping.DisplayOrder;
[2024-03-27T13:59:19.267Z] error: Error in /controller/formCont/getFormFieldOptional: Failed to connect to 216.48.176.144:1433 - Could not connect (sequence). SQL query: SELECT Field_Mst.FieldCode, Field_Mst.FieldName, Field_Mst.FieldType, Field_Mst.FieldInfo, Field_Mst.FieldMandatory,
    Client_Field_Mapping.ClientCode ,Client_Field_Mapping.DisplayOrder From Field_Mst Inner Join Client_Field_Mapping on Field_Mst.FieldCode = Client_Field_Mapping.FieldCode 
    where Client_Field_Mapping.ClientCode = @clcode And Field_Mst.FieldMandatory = @o  And Client_Field_Mapping.Status = @y
    Order By Client_Field_Mapping.DisplayOrder;
[2024-03-27T13:59:19.282Z] error: Error in /controller/authenticateCont/getDepartMent: Failed to connect to 216.48.176.144:1433 - Could not connect (sequence). SQL query: SELECT DeptId, DeptName,DeptUrl from Department_Mst Where ClientCode = @clientId and Status = @y
[2024-03-27T13:59:19.308Z] error: Error in /controller/virtualMeetCont/getMeetingType: Failed to connect to 216.48.176.144:1433 - Could not connect (sequence). SQL query: SELECT BasicId, Code, Description from Basic_Mst where Status = @y
     and IdentifierCode = @code order by DisplayOrder;
[2024-03-27T13:59:19.313Z] error: Error in /controller/virtualMeetCont/getMessageType: Failed to connect to 216.48.176.144:1433 - Could not connect (sequence). SQL query: SELECT BasicId, Code, Description from Basic_Mst where Status = @y
     and IdentifierCode = @code order by DisplayOrder;
[2024-03-27T13:59:19.320Z] error: Error in /controller/authenticateCont/getClient: Failed to connect to 216.48.176.144:1433 - Could not connect (sequence). SQL query: SELECT ClientCode, FullName from Client_Mst Where Status = @y
[2024-03-27T14:55:26.355Z] error: Error in /controller/physicalMeetCont/getMeetingByIdFormatDate: Incorrect syntax near the keyword 'FROM'.. SQL query: SELECT Webcast_Mst.WcCode,Webcast_Mst.Name, Webcast_Mst.Mobile,
  Webcast_Mst.Title, Webcast_Mst.EventStartDateTime, Webcast_Mst.EventEndDateTime,Webcast_Mst.IsPosterEnable,
  Webcast_Webinar_Mst.MeetingId,Webcast_Webinar_Mst.Passcode,
  Webcast_Webinar_Mst.AccountId,
  Webcast_Webinar_Mst.PresenterUrl,Webcast_Webinar_Mst.AttendeeUrl, 
  FROM Webcast_Mst Inner Join Webcast_Webinar_Mst on  
  Webcast_Mst.WcCode = Webcast_Webinar_Mst.fk_mid
  where 
  Webcast_Mst.WcCode = @id and Webcast_Mst.EventStatus =@y
[2024-03-27T14:56:02.578Z] error: Error in /controller/physicalMeetCont/getMeetingByIdFormatDate: Connection is closed.. SQL query: SELECT Webcast_Mst.WcCode,Webcast_Mst.Name, Webcast_Mst.Mobile,
  Webcast_Mst.Title, Webcast_Mst.EventStartDateTime, Webcast_Mst.EventEndDateTime,Webcast_Mst.IsPosterEnable,
  Webcast_Webinar_Mst.MeetingId,Webcast_Webinar_Mst.Passcode,
  Webcast_Webinar_Mst.AccountId,
  Webcast_Webinar_Mst.PresenterUrl,Webcast_Webinar_Mst.AttendeeUrl
  FROM Webcast_Mst Inner Join Webcast_Webinar_Mst on  
  Webcast_Mst.WcCode = Webcast_Webinar_Mst.fk_mid
  where 
  Webcast_Mst.WcCode = @id and Webcast_Mst.EventStatus =@y
[2024-03-27T14:58:03.243Z] error: Error in /controller/physicalMeetCont/getMeetingByIdFormatDate: Incorrect syntax near the keyword 'FROM'.. SQL query: SELECT Webcast_Mst.WcCode,Webcast_Mst.Name, Webcast_Mst.Mobile,
  Webcast_Mst.Title, Webcast_Mst.EventStartDateTime, Webcast_Mst.EventEndDateTime,Webcast_Mst.IsPosterEnable,
  FROM Webcast_Mst Inner Join Webcast_Webinar_Mst on  
  Webcast_Mst.WcCode = Webcast_Webinar_Mst.fk_mid
  where 
  Webcast_Mst.WcCode = @id and Webcast_Mst.EventStatus =@y
[2024-03-27T15:12:05.601Z] error: Error in /controller/VirtualMeet/addMeeting: Arithmetic overflow error converting IDENTITY to data type int.. SQL query: insert into Webcast_mst 
         (Title,Name,Mobile,EventDuration,IsQuestionEnable,
          IsPollEnable,IsPosterEnable,EventStartDateTime,EventEndDateTime,
          ClientCode,DeptId,Description,CreatedDate,CreatedBy,EventType,EventWebType)
         OUTPUT INSERTED.WcId, INSERTED.WcCode values 
         (@title,@cname,@cmobile,@duration, @isQEnable,@isPEnable,
          @isPosterEnable,
          @sdate,@edate,@clcode,@depid,@cname,@crdate,@userId,@eventType,@vtype);
[2024-03-27T15:18:22.720Z] error: Error in /controller/VirtualMeet/addMeeting: Arithmetic overflow error converting IDENTITY to data type int.. SQL query: insert into Webcast_mst 
         (Title,Name,Mobile,EventDuration,IsQuestionEnable,
          IsPollEnable,IsPosterEnable,EventStartDateTime,EventEndDateTime,
          ClientCode,DeptId,Description,CreatedDate,CreatedBy,EventType,EventWebType)
         OUTPUT INSERTED.WcId, INSERTED.WcCode values 
         (@title,@cname,@cmobile,@duration, @isQEnable,@isPEnable,
          @isPosterEnable,
          @sdate,@edate,@clcode,@depid,@cname,@crdate,@userId,@eventType,@vtype);
[2024-03-27T16:35:09.686Z] error: Error in /controller/VirtualMeet/addMeeting: Arithmetic overflow error converting IDENTITY to data type int.. SQL query: insert into Webcast_mst 
         (Title,Name,Mobile,EventDuration,IsQuestionEnable,
          IsPollEnable,IsPosterEnable,EventStartDateTime,EventEndDateTime,
          ClientCode,DeptId,Description,CreatedDate,CreatedBy,EventType,EventWebType)
         OUTPUT INSERTED.WcId, INSERTED.WcCode values 
         (@title,@cname,@cmobile,@duration, @isQEnable,@isPEnable,
          @isPosterEnable,
          @sdate,@edate,@clcode,@depid,@cname,@crdate,@userId,@eventType,@vtype);
[2024-03-27T16:37:17.349Z] error: Error in /controller/physicalMeetCont/addMeeting: Arithmetic overflow error converting IDENTITY to data type int.. SQL query: 
  INSERT INTO Webcast_mst (
    Title, Name, Mobile, EventStartDateTime, EventEndDateTime,
    ClientCode, DeptId, Description,CreatedDate,CreatedBy, EventType, EventLocation
  ) 
  OUTPUT INSERTED.WcId, INSERTED.WcCode
  VALUES (
    @title, @cname, @cmobile, @sdate, @edate,
    @clcode, @depid, @cname, @crdate,@userId, @eventType, @venue
  );

[2024-03-27T16:45:57.327Z] error: Error in /controller/physicalMeetCont/addMeeting: Arithmetic overflow error converting IDENTITY to data type int.. SQL query: 
  INSERT INTO Webcast_mst (
    Title, Name, Mobile, EventStartDateTime, EventEndDateTime,
    ClientCode, DeptId, Description,CreatedDate,CreatedBy, EventType, EventLocation
  ) 
  OUTPUT INSERTED.WcId, INSERTED.WcCode
  VALUES (
    @title, @cname, @cmobile, @sdate, @edate,
    @clcode, @depid, @cname, @crdate,@userId, @eventType, @venue
  );

[2024-03-28T03:23:50.377Z] error: Error in /controller/speakerDetl/addSpeaker: Validation failed for parameter 'fkmid'. Value must be between -2147483648 and 2147483647, inclusive.. SQL query: insert into Webcast_Speaker_Detail (WcId,SpkName,SpkDesignation,SpkImage,Bio1,Bio2,Bio3,fk_mid) values (@fkwcid,@name,@qualification,@speakerImg,@line1,@line2,@line3,@fkmid)
[2024-03-28T03:28:44.201Z] error: Error in /controller/physicalMeetCont/deleteMeeting: Validation failed for parameter 'id'. Value must be between -2147483648 and 2147483647, inclusive.
[2024-03-28T03:28:49.488Z] error: Error in /controller/physicalMeetCont/deleteMeeting: Validation failed for parameter 'id'. Value must be between -2147483648 and 2147483647, inclusive.
[2024-03-28T03:29:09.274Z] error: Error in /controller/physicalMeetCont/deleteMeeting: Validation failed for parameter 'id'. Value must be between -2147483648 and 2147483647, inclusive.
[2024-03-28T03:29:57.964Z] error: Error in /controller/physicalMeetCont/deleteMeeting: Validation failed for parameter 'id'. Value must be between -2147483648 and 2147483647, inclusive.
[2024-03-28T03:44:01.348Z] error: Error in /controller/speakerDetl/addSpeaker: Validation failed for parameter 'fkmid'. Value must be between -2147483648 and 2147483647, inclusive.. SQL query: insert into Webcast_Speaker_Detail (WcId,SpkName,SpkDesignation,SpkImage,Bio1,Bio2,Bio3,fk_mid) values (@fkwcid,@name,@qualification,@speakerImg,@line1,@line2,@line3,@fkmid)
[2024-03-28T03:53:29.399Z] error: Error in /controller/speakerDetl/addSpeaker: Validation failed for parameter 'fkmid'. Value must be between -2147483648 and 2147483647, inclusive.. SQL query: insert into Webcast_Speaker_Detail (WcId,SpkName,SpkDesignation,SpkImage,Bio1,Bio2,Bio3,fk_mid) values (@fkwcid,@name,@qualification,@speakerImg,@line1,@line2,@line3,@fkmid)
[2024-03-28T07:02:34.080Z] error: Error in /controller/physicalMeetCont/getMeetingByIdFormatDate: Invalid column name 'EventWebType'.. SQL query: SELECT Webcast_Mst.WcCode,Webcast_Mst.Name, Webcast_Mst.Mobile,
  Webcast_Mst.Title, Webcast_Mst.EventStartDateTime, Webcast_Mst.EventEndDateTime,Webcast_Mst.IsPosterEnable,
  Webcast_Webinar_Mst.MeetingId,Webcast_Webinar_Mst.Passcode,
  Webcast_Webinar_Mst.AccountId, Webcast_Webinar_Mst.EventWebType,
  Webcast_Webinar_Mst.PresenterUrl,Webcast_Webinar_Mst.AttendeeUrl,
  zoom_ac_dtl.Account_no,zoom_ac_dtl.Account_name,webcast_host_login.username,webcast_host_login.password,
  Client_Mst.FullName, Department_Mst.DeptName  
  FROM Webcast_Mst Inner Join Webcast_Webinar_Mst on  
  Webcast_Mst.WcCode = Webcast_Webinar_Mst.fk_mid
  Left Join zoom_ac_dtl on Webcast_Webinar_Mst.AccountId = zoom_ac_dtl.Account_id
  Left Join webcast_host_login on Webcast_Mst.WcCode = webcast_host_login.wc_code
  Inner Join Client_Mst on Webcast_Mst.ClientCode = Client_Mst.ClientCode
  Inner Join Department_Mst on Webcast_Mst.DeptId = Department_Mst.DeptId 
  where 
  Webcast_Mst.WcCode = @id and Webcast_Mst.EventStatus =@y
[2024-03-28T07:02:36.170Z] error: Error in /controller/physicalMeetCont/getMeetingByIdFormatDate: Invalid column name 'EventWebType'.. SQL query: SELECT Webcast_Mst.WcCode,Webcast_Mst.Name, Webcast_Mst.Mobile,
  Webcast_Mst.Title, Webcast_Mst.EventStartDateTime, Webcast_Mst.EventEndDateTime,Webcast_Mst.IsPosterEnable,
  Webcast_Webinar_Mst.MeetingId,Webcast_Webinar_Mst.Passcode,
  Webcast_Webinar_Mst.AccountId, Webcast_Webinar_Mst.EventWebType,
  Webcast_Webinar_Mst.PresenterUrl,Webcast_Webinar_Mst.AttendeeUrl,
  zoom_ac_dtl.Account_no,zoom_ac_dtl.Account_name,webcast_host_login.username,webcast_host_login.password,
  Client_Mst.FullName, Department_Mst.DeptName  
  FROM Webcast_Mst Inner Join Webcast_Webinar_Mst on  
  Webcast_Mst.WcCode = Webcast_Webinar_Mst.fk_mid
  Left Join zoom_ac_dtl on Webcast_Webinar_Mst.AccountId = zoom_ac_dtl.Account_id
  Left Join webcast_host_login on Webcast_Mst.WcCode = webcast_host_login.wc_code
  Inner Join Client_Mst on Webcast_Mst.ClientCode = Client_Mst.ClientCode
  Inner Join Department_Mst on Webcast_Mst.DeptId = Department_Mst.DeptId 
  where 
  Webcast_Mst.WcCode = @id and Webcast_Mst.EventStatus =@y
[2024-03-28T07:17:44.214Z] error: Error in /controller/virtualMeetCont/getTotalMeeting: Failed to connect to 216.48.176.144:1433 in 15000ms. SQL query: select COALESCE(COUNT(*), 0) as totalMeeting from Webcast_Mst where eventType = @event and EventStatus = @y
[2024-03-28T07:17:44.219Z] error: Error in /controller/physicalMeetCont/getTotalUpcomingMeeting: Failed to connect to 216.48.176.144:1433 in 15000ms. SQL query: select COALESCE(COUNT(*), 0) as totalUpcomingMeeting from Webcast_Mst where @formateddate < EventEndDateTime and eventType = @event and EventStatus = @y
[2024-03-28T07:17:44.240Z] error: Error in /controller/virtualMeetCont/getTotalUpcomingMeeting: Failed to connect to 216.48.176.144:1433 in 15000ms. SQL query: select COALESCE(COUNT(*), 0) as totalUpcomingMeeting from Webcast_Mst where @formateddate < EventEndDateTime and eventType = @event and EventStatus = @y
[2024-03-28T08:04:57.020Z] error: Error in /controller/virtualMeetCont/getTotalMeeting: Failed to connect to 216.48.176.144:1433 in 15000ms. SQL query: select COALESCE(COUNT(*), 0) as totalMeeting from Webcast_Mst where eventType = @event and EventStatus = @y
[2024-03-28T08:04:57.033Z] error: Error in /controller/physicalMeetCont/getTotalUpcomingMeeting: Failed to connect to 216.48.176.144:1433 in 15000ms. SQL query: select COALESCE(COUNT(*), 0) as totalUpcomingMeeting from Webcast_Mst where @formateddate < EventEndDateTime and eventType = @event and EventStatus = @y
[2024-03-28T08:04:57.045Z] error: Error in /controller/virtualMeetCont/getTotalUpcomingMeeting: Failed to connect to 216.48.176.144:1433 in 15000ms. SQL query: select COALESCE(COUNT(*), 0) as totalUpcomingMeeting from Webcast_Mst where @formateddate < EventEndDateTime and eventType = @event and EventStatus = @y
[2024-03-28T08:04:57.060Z] error: Error in /controller/physicalMeetCont/getTotalCompletedMeeting: Failed to connect to 216.48.176.144:1433 in 15000ms. SQL query: select COALESCE(COUNT(*), 0) as totalCompletedMeeting from Webcast_Mst where @formateddate > EventEndDateTime and eventType = @event and EventStatus = @y
[2024-03-28T08:04:57.100Z] error: Error in /controller/virtualMeetCont/getTotalCompletedMeeting: Failed to connect to 216.48.176.144:1433 in 15000ms. SQL query: select COALESCE(COUNT(*), 0) as totalCompletedMeeting from Webcast_Mst where @formateddate > EventEndDateTime and eventType = @event and EventStatus = @y
[2024-03-28T08:06:44.366Z] error: Error in /controller/formCont/getFormField: Failed to cancel request in 5000ms. SQL query: SELECT Field_Mst.FieldCode, Field_Mst.FieldName, Field_Mst.FieldType, Field_Mst.FieldInfo, Field_Mst.FieldMandatory,
    Client_Field_Mapping.ClientCode,Client_Field_Mapping.DisplayOrder From Field_Mst Inner Join Client_Field_Mapping on Field_Mst.FieldCode = Client_Field_Mapping.FieldCode 
    where Client_Field_Mapping.ClientCode = @clcode And Field_Mst.FieldMandatory = @m  And Client_Field_Mapping.Status = @y
    Order By Client_Field_Mapping.DisplayOrder;
[2024-03-28T08:06:45.009Z] error: Error in /controller/virtualMeetCont/getMessageType: Failed to connect to 216.48.176.144:1433 in 15000ms. SQL query: SELECT BasicId, Code, Description from Basic_Mst where Status = @y
     and IdentifierCode = @code order by DisplayOrder;
[2024-03-28T08:06:45.014Z] error: Error in /controller/virtualMeetCont/getMeetingType: Failed to connect to 216.48.176.144:1433 in 15000ms. SQL query: SELECT BasicId, Code, Description from Basic_Mst where Status = @y
     and IdentifierCode = @code order by DisplayOrder;
[2024-03-28T08:06:45.040Z] error: Error in /controller/posterSelectCont/getPoster: Failed to connect to 216.48.176.144:1433 in 15000ms. SQL query: select poster_id, poster_name from Webcast_poster_mst where client_id = @clientId and dept_id = @deptId and Spk_Count = @spkCount
[2024-03-28T08:06:45.046Z] error: Error in /controller/formCont/getFormField: Failed to connect to 216.48.176.144:1433 in 15000ms. SQL query: SELECT Field_Mst.FieldCode, Field_Mst.FieldName, Field_Mst.FieldType, Field_Mst.FieldInfo, Field_Mst.FieldMandatory,
    Client_Field_Mapping.ClientCode,Client_Field_Mapping.DisplayOrder From Field_Mst Inner Join Client_Field_Mapping on Field_Mst.FieldCode = Client_Field_Mapping.FieldCode 
    where Client_Field_Mapping.ClientCode = @clcode And Field_Mst.FieldMandatory = @m  And Client_Field_Mapping.Status = @y
    Order By Client_Field_Mapping.DisplayOrder;
[2024-03-28T08:06:51.302Z] error: Error in /controller/posterSelectCont/getPoster: Failed to connect to 216.48.176.144:1433 in 15000ms. SQL query: select poster_id, poster_name from Webcast_poster_mst where client_id = @clientId and dept_id = @deptId and Spk_Count = @spkCount
[2024-03-28T08:06:51.927Z] error: Error in /controller/formCont/getFormFieldOptional: Failed to connect to 216.48.176.144:1433 in 15000ms. SQL query: SELECT Field_Mst.FieldCode, Field_Mst.FieldName, Field_Mst.FieldType, Field_Mst.FieldInfo, Field_Mst.FieldMandatory,
    Client_Field_Mapping.ClientCode ,Client_Field_Mapping.DisplayOrder From Field_Mst Inner Join Client_Field_Mapping on Field_Mst.FieldCode = Client_Field_Mapping.FieldCode 
    where Client_Field_Mapping.ClientCode = @clcode And Field_Mst.FieldMandatory = @o  And Client_Field_Mapping.Status = @y
    Order By Client_Field_Mapping.DisplayOrder;
[2024-03-28T08:06:54.636Z] error: Error in /controller/virtualMeetCont/getMeetingType: Failed to connect to 216.48.176.144:1433 in 15000ms. SQL query: SELECT BasicId, Code, Description from Basic_Mst where Status = @y
     and IdentifierCode = @code order by DisplayOrder;
[2024-03-28T08:06:54.640Z] error: Error in /controller/formCont/getFormField: Failed to connect to 216.48.176.144:1433 in 15000ms. SQL query: SELECT Field_Mst.FieldCode, Field_Mst.FieldName, Field_Mst.FieldType, Field_Mst.FieldInfo, Field_Mst.FieldMandatory,
    Client_Field_Mapping.ClientCode,Client_Field_Mapping.DisplayOrder From Field_Mst Inner Join Client_Field_Mapping on Field_Mst.FieldCode = Client_Field_Mapping.FieldCode 
    where Client_Field_Mapping.ClientCode = @clcode And Field_Mst.FieldMandatory = @m  And Client_Field_Mapping.Status = @y
    Order By Client_Field_Mapping.DisplayOrder;
[2024-03-28T08:06:59.374Z] error: Error in /controller/authenticateCont/getDepartMent: Failed to connect to 216.48.176.144:1433 in 15000ms. SQL query: SELECT DeptId, DeptName,DeptUrl from Department_Mst Where ClientCode = @clientId and Status = @y
[2024-03-28T08:07:00.040Z] error: Error in /controller/virtualMeetCont/getMessageType: Failed to connect to 216.48.176.144:1433 in 15000ms. SQL query: SELECT BasicId, Code, Description from Basic_Mst where Status = @y
     and IdentifierCode = @code order by DisplayOrder;
[2024-03-28T09:12:53.814Z] error: Error in /controller/posterSelectCont/getPoster: Failed to connect to 216.48.176.144:1433 - Could not connect (sequence). SQL query: select poster_id, poster_name from Webcast_poster_mst where client_id = @clientId and dept_id = @deptId and Spk_Count = @spkCount
[2024-03-28T09:12:53.842Z] error: Error in /controller/formCont/getFormField: Failed to connect to 216.48.176.144:1433 - Could not connect (sequence). SQL query: SELECT Field_Mst.FieldCode, Field_Mst.FieldName, Field_Mst.FieldType, Field_Mst.FieldInfo, Field_Mst.FieldMandatory,
    Client_Field_Mapping.ClientCode,Client_Field_Mapping.DisplayOrder From Field_Mst Inner Join Client_Field_Mapping on Field_Mst.FieldCode = Client_Field_Mapping.FieldCode 
    where Client_Field_Mapping.ClientCode = @clcode And Field_Mst.FieldMandatory = @m  And Client_Field_Mapping.Status = @y
    Order By Client_Field_Mapping.DisplayOrder;
[2024-03-28T09:12:53.855Z] error: Error in /controller/formCont/getFormFieldOptional: Failed to connect to 216.48.176.144:1433 - Could not connect (sequence). SQL query: SELECT Field_Mst.FieldCode, Field_Mst.FieldName, Field_Mst.FieldType, Field_Mst.FieldInfo, Field_Mst.FieldMandatory,
    Client_Field_Mapping.ClientCode ,Client_Field_Mapping.DisplayOrder From Field_Mst Inner Join Client_Field_Mapping on Field_Mst.FieldCode = Client_Field_Mapping.FieldCode 
    where Client_Field_Mapping.ClientCode = @clcode And Field_Mst.FieldMandatory = @o  And Client_Field_Mapping.Status = @y
    Order By Client_Field_Mapping.DisplayOrder;
[2024-03-28T09:12:53.867Z] error: Error in /controller/authenticateCont/getDepartMent: Failed to connect to 216.48.176.144:1433 - Could not connect (sequence). SQL query: SELECT DeptId, DeptName,DeptUrl from Department_Mst Where ClientCode = @clientId and Status = @y
[2024-03-28T09:12:53.893Z] error: Error in /controller/posterSelectCont/getPoster: Failed to connect to 216.48.176.144:1433 - Could not connect (sequence). SQL query: select poster_id, poster_name from Webcast_poster_mst where client_id = @clientId and dept_id = @deptId and Spk_Count = @spkCount
[2024-03-28T09:12:53.926Z] error: Error in /controller/formCont/getFormField: Failed to connect to 216.48.176.144:1433 - Could not connect (sequence). SQL query: SELECT Field_Mst.FieldCode, Field_Mst.FieldName, Field_Mst.FieldType, Field_Mst.FieldInfo, Field_Mst.FieldMandatory,
    Client_Field_Mapping.ClientCode,Client_Field_Mapping.DisplayOrder From Field_Mst Inner Join Client_Field_Mapping on Field_Mst.FieldCode = Client_Field_Mapping.FieldCode 
    where Client_Field_Mapping.ClientCode = @clcode And Field_Mst.FieldMandatory = @m  And Client_Field_Mapping.Status = @y
    Order By Client_Field_Mapping.DisplayOrder;
[2024-03-28T09:12:54.007Z] error: Error in /controller/formCont/getFormFieldOptional: Failed to connect to 216.48.176.144:1433 - Could not connect (sequence). SQL query: SELECT Field_Mst.FieldCode, Field_Mst.FieldName, Field_Mst.FieldType, Field_Mst.FieldInfo, Field_Mst.FieldMandatory,
    Client_Field_Mapping.ClientCode ,Client_Field_Mapping.DisplayOrder From Field_Mst Inner Join Client_Field_Mapping on Field_Mst.FieldCode = Client_Field_Mapping.FieldCode 
    where Client_Field_Mapping.ClientCode = @clcode And Field_Mst.FieldMandatory = @o  And Client_Field_Mapping.Status = @y
    Order By Client_Field_Mapping.DisplayOrder;
[2024-03-28T09:12:54.018Z] error: Error in /controller/authenticateCont/getDepartMent: Failed to connect to 216.48.176.144:1433 - Could not connect (sequence). SQL query: SELECT DeptId, DeptName,DeptUrl from Department_Mst Where ClientCode = @clientId and Status = @y
[2024-03-28T09:12:54.025Z] error: Error in /controller/virtualMeetCont/getMeetingType: Failed to connect to 216.48.176.144:1433 - Could not connect (sequence). SQL query: SELECT BasicId, Code, Description from Basic_Mst where Status = @y
     and IdentifierCode = @code order by DisplayOrder;
[2024-03-28T09:12:54.036Z] error: Error in /controller/virtualMeetCont/getMessageType: Failed to connect to 216.48.176.144:1433 - Could not connect (sequence). SQL query: SELECT BasicId, Code, Description from Basic_Mst where Status = @y
     and IdentifierCode = @code order by DisplayOrder;
[2024-03-28T09:12:54.040Z] error: Error in /controller/authenticateCont/getClient: Failed to connect to 216.48.176.144:1433 - Could not connect (sequence). SQL query: SELECT ClientCode, FullName from Client_Mst Where Status = @y
[2024-03-28T09:12:54.083Z] error: Error in /controller/virtualMeetCont/getMeetingType: Failed to connect to 216.48.176.144:1433 - Could not connect (sequence). SQL query: SELECT BasicId, Code, Description from Basic_Mst where Status = @y
     and IdentifierCode = @code order by DisplayOrder;
[2024-03-28T09:12:54.091Z] error: Error in /controller/virtualMeetCont/getMessageType: Failed to connect to 216.48.176.144:1433 - Could not connect (sequence). SQL query: SELECT BasicId, Code, Description from Basic_Mst where Status = @y
     and IdentifierCode = @code order by DisplayOrder;
[2024-03-28T09:12:54.137Z] error: Error in /controller/authenticateCont/getClient: Failed to connect to 216.48.176.144:1433 - Could not connect (sequence). SQL query: SELECT ClientCode, FullName from Client_Mst Where Status = @y
[2024-03-28T11:07:59.847Z] error: Error in /controller/posterSelectCont/getPoster: Validation failed for parameter 'deptId'. Invalid number.. SQL query: select poster_id, poster_name from Webcast_poster_mst where client_id = @clientId and dept_id = @deptId and Spk_Count = @spkCount
[2024-03-28T11:08:16.850Z] error: Error in /controller/posterSelectCont/getPoster: Validation failed for parameter 'deptId'. Invalid number.. SQL query: select poster_id, poster_name from Webcast_poster_mst where client_id = @clientId and dept_id = @deptId and Spk_Count = @spkCount
[2024-03-28T11:10:51.742Z] error: Error in /controller/posterSelectCont/getPoster: Validation failed for parameter 'deptId'. Invalid number.. SQL query: select poster_id, poster_name from Webcast_poster_mst where client_id = @clientId and dept_id = @deptId and Spk_Count = @spkCount
[2024-03-28T11:13:37.588Z] error: Error in /controller/posterSelectCont/getPoster: Validation failed for parameter 'deptId'. Invalid number.. SQL query: select poster_id, poster_name from Webcast_poster_mst where client_id = @clientId and dept_id = @deptId and Spk_Count = @spkCount
[2024-03-28T13:46:22.224Z] error: Error in /controller/physicalMeetCont/getMeetingByIdFormatDate: Failed to connect to 216.48.176.144:1433 - Could not connect (sequence). SQL query: SELECT Webcast_Mst.WcCode,Webcast_Mst.Name, Webcast_Mst.Mobile,
  Webcast_Mst.Title, Webcast_Mst.EventStartDateTime,
   Webcast_Mst.EventEndDateTime,Webcast_Mst.IsPosterEnable, Webcast_Mst.EventWebType,
  Webcast_Webinar_Mst.MeetingId,Webcast_Webinar_Mst.Passcode,
  Webcast_Webinar_Mst.AccountId, 
  Webcast_Webinar_Mst.PresenterUrl,Webcast_Webinar_Mst.AttendeeUrl,
  zoom_ac_dtl.Account_no,zoom_ac_dtl.Account_name,webcast_host_login.username,webcast_host_login.password,
  Client_Mst.FullName, Department_Mst.DeptName  
  FROM Webcast_Mst Inner Join Webcast_Webinar_Mst on  
  Webcast_Mst.WcCode = Webcast_Webinar_Mst.fk_mid
  Left Join zoom_ac_dtl on Webcast_Webinar_Mst.AccountId = zoom_ac_dtl.Account_id
  Left Join webcast_host_login on Webcast_Mst.WcCode = webcast_host_login.wc_code
  Inner Join Client_Mst on Webcast_Mst.ClientCode = Client_Mst.ClientCode
  Inner Join Department_Mst on Webcast_Mst.DeptId = Department_Mst.DeptId 
  where 
  Webcast_Mst.WcCode = @id and Webcast_Mst.EventStatus =@y
[2024-03-28T13:46:22.247Z] error: Error in /controller/speakerDetlCont/getSpeaker: Failed to connect to 216.48.176.144:1433 - Could not connect (sequence). SQL query: SELECT  Id , SpkName, SpkImage, SpkDesignation,Bio1,Bio2,Bio3 FROM Webcast_Speaker_Detail where fk_mid = @fkmid and Status= @y
[2024-03-28T13:46:22.252Z] error: Error in /controller/posterSelectCont/getPosterById: Failed to connect to 216.48.176.144:1433 - Could not connect (sequence). SQL query: SELECT Webcast_Poster_Mst.client_id, Webcast_Poster_Mst.height, Webcast_Poster_Mst.width, Webcast_Poster_Mapping.fk_mid,
   Webcast_Poster_Mapping.fk_pid, Webcast_Poster_Mapping.poster_name from Webcast_Poster_Mst inner join Webcast_Poster_Mapping on
   Webcast_Poster_Mst.poster_id = Webcast_Poster_Mapping.fk_pid where Webcast_Poster_Mapping.fk_mid = @fkid;
[2024-03-28T13:46:22.258Z] error: Error in /controller/physicalMeetCont/getMeetingByIdFormatDate: Failed to connect to 216.48.176.144:1433 - Could not connect (sequence). SQL query: SELECT Webcast_Mst.WcCode,Webcast_Mst.Name, Webcast_Mst.Mobile,
  Webcast_Mst.Title, Webcast_Mst.EventStartDateTime,
   Webcast_Mst.EventEndDateTime,Webcast_Mst.IsPosterEnable, Webcast_Mst.EventWebType,
  Webcast_Webinar_Mst.MeetingId,Webcast_Webinar_Mst.Passcode,
  Webcast_Webinar_Mst.AccountId, 
  Webcast_Webinar_Mst.PresenterUrl,Webcast_Webinar_Mst.AttendeeUrl,
  zoom_ac_dtl.Account_no,zoom_ac_dtl.Account_name,webcast_host_login.username,webcast_host_login.password,
  Client_Mst.FullName, Department_Mst.DeptName  
  FROM Webcast_Mst Inner Join Webcast_Webinar_Mst on  
  Webcast_Mst.WcCode = Webcast_Webinar_Mst.fk_mid
  Left Join zoom_ac_dtl on Webcast_Webinar_Mst.AccountId = zoom_ac_dtl.Account_id
  Left Join webcast_host_login on Webcast_Mst.WcCode = webcast_host_login.wc_code
  Inner Join Client_Mst on Webcast_Mst.ClientCode = Client_Mst.ClientCode
  Inner Join Department_Mst on Webcast_Mst.DeptId = Department_Mst.DeptId 
  where 
  Webcast_Mst.WcCode = @id and Webcast_Mst.EventStatus =@y
[2024-03-28T13:46:22.270Z] error: Error in /controller/speakerDetlCont/getSpeaker: Failed to connect to 216.48.176.144:1433 - Could not connect (sequence). SQL query: SELECT  Id , SpkName, SpkImage, SpkDesignation,Bio1,Bio2,Bio3 FROM Webcast_Speaker_Detail where fk_mid = @fkmid and Status= @y
[2024-03-28T13:46:22.280Z] error: Error in /controller/posterSelectCont/getPosterById: Failed to connect to 216.48.176.144:1433 - Could not connect (sequence). SQL query: SELECT Webcast_Poster_Mst.client_id, Webcast_Poster_Mst.height, Webcast_Poster_Mst.width, Webcast_Poster_Mapping.fk_mid,
   Webcast_Poster_Mapping.fk_pid, Webcast_Poster_Mapping.poster_name from Webcast_Poster_Mst inner join Webcast_Poster_Mapping on
   Webcast_Poster_Mst.poster_id = Webcast_Poster_Mapping.fk_pid where Webcast_Poster_Mapping.fk_mid = @fkid;
[2024-03-28T14:54:47.906Z] error: Error in /controller/physicalMeetCont/getMeetingByIdFormatDate: Failed to connect to 216.48.176.144:1433 in 15000ms. SQL query: SELECT Webcast_Mst.WcCode,Webcast_Mst.Name, Webcast_Mst.Mobile,
  Webcast_Mst.Title, Webcast_Mst.EventStartDateTime,
   Webcast_Mst.EventEndDateTime,Webcast_Mst.IsPosterEnable, Webcast_Mst.EventWebType,
  Webcast_Webinar_Mst.MeetingId,Webcast_Webinar_Mst.Passcode,
  Webcast_Webinar_Mst.AccountId, 
  Webcast_Webinar_Mst.PresenterUrl,Webcast_Webinar_Mst.AttendeeUrl,
  zoom_ac_dtl.Account_no,zoom_ac_dtl.Account_name,webcast_host_login.username,webcast_host_login.password,
  Client_Mst.FullName, Department_Mst.DeptName  
  FROM Webcast_Mst Inner Join Webcast_Webinar_Mst on  
  Webcast_Mst.WcCode = Webcast_Webinar_Mst.fk_mid
  Left Join zoom_ac_dtl on Webcast_Webinar_Mst.AccountId = zoom_ac_dtl.Account_id
  Left Join webcast_host_login on Webcast_Mst.WcCode = webcast_host_login.wc_code
  Inner Join Client_Mst on Webcast_Mst.ClientCode = Client_Mst.ClientCode
  Inner Join Department_Mst on Webcast_Mst.DeptId = Department_Mst.DeptId 
  where 
  Webcast_Mst.WcCode = @id and Webcast_Mst.EventStatus =@y
[2024-03-28T14:54:47.917Z] error: Error in /controller/speakerDetlCont/getSpeaker: Failed to connect to 216.48.176.144:1433 in 15000ms. SQL query: SELECT  Id , SpkName, SpkImage, SpkDesignation,Bio1,Bio2,Bio3 FROM Webcast_Speaker_Detail where fk_mid = @fkmid and Status= @y
[2024-03-28T14:54:47.925Z] error: Error in /controller/posterSelectCont/getPosterById: Failed to connect to 216.48.176.144:1433 in 15000ms. SQL query: SELECT Webcast_Poster_Mst.client_id, Webcast_Poster_Mst.height, Webcast_Poster_Mst.width, Webcast_Poster_Mapping.fk_mid,
   Webcast_Poster_Mapping.fk_pid, Webcast_Poster_Mapping.poster_name from Webcast_Poster_Mst inner join Webcast_Poster_Mapping on
   Webcast_Poster_Mst.poster_id = Webcast_Poster_Mapping.fk_pid where Webcast_Poster_Mapping.fk_mid = @fkid;
[2024-03-28T14:57:14.864Z] error: Error in /controller/physicalMeetCont/getMeetingByIdFormatDate: Failed to connect to 216.48.176.144:1433 in 15000ms. SQL query: SELECT Webcast_Mst.WcCode,Webcast_Mst.Name, Webcast_Mst.Mobile,
  Webcast_Mst.Title, Webcast_Mst.EventStartDateTime,
   Webcast_Mst.EventEndDateTime,Webcast_Mst.IsPosterEnable, Webcast_Mst.EventWebType,
  Webcast_Webinar_Mst.MeetingId,Webcast_Webinar_Mst.Passcode,
  Webcast_Webinar_Mst.AccountId, 
  Webcast_Webinar_Mst.PresenterUrl,Webcast_Webinar_Mst.AttendeeUrl,
  zoom_ac_dtl.Account_no,zoom_ac_dtl.Account_name,webcast_host_login.username,webcast_host_login.password,
  Client_Mst.FullName, Department_Mst.DeptName  
  FROM Webcast_Mst Inner Join Webcast_Webinar_Mst on  
  Webcast_Mst.WcCode = Webcast_Webinar_Mst.fk_mid
  Left Join zoom_ac_dtl on Webcast_Webinar_Mst.AccountId = zoom_ac_dtl.Account_id
  Left Join webcast_host_login on Webcast_Mst.WcCode = webcast_host_login.wc_code
  Inner Join Client_Mst on Webcast_Mst.ClientCode = Client_Mst.ClientCode
  Inner Join Department_Mst on Webcast_Mst.DeptId = Department_Mst.DeptId 
  where 
  Webcast_Mst.WcCode = @id and Webcast_Mst.EventStatus =@y
[2024-03-28T14:57:14.870Z] error: Error in /controller/speakerDetlCont/getSpeaker: Failed to connect to 216.48.176.144:1433 in 15000ms. SQL query: SELECT  Id , SpkName, SpkImage, SpkDesignation,Bio1,Bio2,Bio3 FROM Webcast_Speaker_Detail where fk_mid = @fkmid and Status= @y
[2024-03-28T14:57:14.883Z] error: Error in /controller/posterSelectCont/getPosterById: Failed to connect to 216.48.176.144:1433 in 15000ms. SQL query: SELECT Webcast_Poster_Mst.client_id, Webcast_Poster_Mst.height, Webcast_Poster_Mst.width, Webcast_Poster_Mapping.fk_mid,
   Webcast_Poster_Mapping.fk_pid, Webcast_Poster_Mapping.poster_name from Webcast_Poster_Mst inner join Webcast_Poster_Mapping on
   Webcast_Poster_Mst.poster_id = Webcast_Poster_Mapping.fk_pid where Webcast_Poster_Mapping.fk_mid = @fkid;
[2024-03-28T15:01:58.855Z] error: Error in /controller/physicalMeetCont/getMeetingByIdFormatDate: Failed to connect to 216.48.176.144:1433 in 15000ms. SQL query: SELECT Webcast_Mst.WcCode,Webcast_Mst.Name, Webcast_Mst.Mobile,
  Webcast_Mst.Title, Webcast_Mst.EventStartDateTime,
   Webcast_Mst.EventEndDateTime,Webcast_Mst.IsPosterEnable, Webcast_Mst.EventWebType,
  Webcast_Webinar_Mst.MeetingId,Webcast_Webinar_Mst.Passcode,
  Webcast_Webinar_Mst.AccountId, 
  Webcast_Webinar_Mst.PresenterUrl,Webcast_Webinar_Mst.AttendeeUrl,
  zoom_ac_dtl.Account_no,zoom_ac_dtl.Account_name,webcast_host_login.username,webcast_host_login.password,
  Client_Mst.FullName, Department_Mst.DeptName  
  FROM Webcast_Mst Inner Join Webcast_Webinar_Mst on  
  Webcast_Mst.WcCode = Webcast_Webinar_Mst.fk_mid
  Left Join zoom_ac_dtl on Webcast_Webinar_Mst.AccountId = zoom_ac_dtl.Account_id
  Left Join webcast_host_login on Webcast_Mst.WcCode = webcast_host_login.wc_code
  Inner Join Client_Mst on Webcast_Mst.ClientCode = Client_Mst.ClientCode
  Inner Join Department_Mst on Webcast_Mst.DeptId = Department_Mst.DeptId 
  where 
  Webcast_Mst.WcCode = @id and Webcast_Mst.EventStatus =@y
[2024-03-28T15:01:58.862Z] error: Error in /controller/speakerDetlCont/getSpeaker: Failed to connect to 216.48.176.144:1433 in 15000ms. SQL query: SELECT  Id , SpkName, SpkImage, SpkDesignation,Bio1,Bio2,Bio3 FROM Webcast_Speaker_Detail where fk_mid = @fkmid and Status= @y
[2024-03-28T15:01:58.882Z] error: Error in /controller/posterSelectCont/getPosterById: Failed to connect to 216.48.176.144:1433 in 15000ms. SQL query: SELECT Webcast_Poster_Mst.client_id, Webcast_Poster_Mst.height, Webcast_Poster_Mst.width, Webcast_Poster_Mapping.fk_mid,
   Webcast_Poster_Mapping.fk_pid, Webcast_Poster_Mapping.poster_name from Webcast_Poster_Mst inner join Webcast_Poster_Mapping on
   Webcast_Poster_Mst.poster_id = Webcast_Poster_Mapping.fk_pid where Webcast_Poster_Mapping.fk_mid = @fkid;
[2024-03-29T09:18:35.237Z] error: Error in /controller/posterSelectCont/getPoster: Validation failed for parameter 'deptId'. Invalid number.. SQL query: select poster_id, poster_name from Webcast_poster_mst where client_id = @clientId and dept_id = @deptId and Spk_Count = @spkCount
[2024-03-29T09:29:54.465Z] error: Error in /controller/posterSelectCont/getPoster: Validation failed for parameter 'deptId'. Invalid number.. SQL query: select poster_id, poster_name from Webcast_poster_mst where client_id = @clientId and dept_id = @deptId and Spk_Count = @spkCount
[2024-03-29T09:30:04.132Z] error: Error in /controller/posterSelectCont/getPoster: Validation failed for parameter 'deptId'. Invalid number.. SQL query: select poster_id, poster_name from Webcast_poster_mst where client_id = @clientId and dept_id = @deptId and Spk_Count = @spkCount
[2024-03-29T09:31:39.482Z] error: Error in /controller/posterSelectCont/getPoster: Validation failed for parameter 'deptId'. Invalid number.. SQL query: select poster_id, poster_name from Webcast_poster_mst where client_id = @clientId and dept_id = @deptId and Spk_Count = @spkCount
[2024-03-29T09:33:27.224Z] error: Error in /controller/posterSelectCont/getPoster: Validation failed for parameter 'deptId'. Invalid number.. SQL query: select poster_id, poster_name from Webcast_poster_mst where client_id = @clientId and dept_id = @deptId and Spk_Count = @spkCount
[2024-03-29T10:13:23.639Z] error: Error in /controller/posterSelectCont/getPoster: Validation failed for parameter 'deptId'. Invalid number.. SQL query: select poster_id, poster_name from Webcast_poster_mst where client_id = @clientId and dept_id = @deptId and Spk_Count = @spkCount
[2024-03-29T10:14:46.627Z] error: Error in /controller/posterSelectCont/getPoster: Validation failed for parameter 'deptId'. Invalid number.. SQL query: select poster_id, poster_name from Webcast_poster_mst where client_id = @clientId and dept_id = @deptId and Spk_Count = @spkCount
[2024-03-29T10:15:40.077Z] error: Error in /controller/posterSelectCont/getPoster: Validation failed for parameter 'deptId'. Invalid number.. SQL query: select poster_id, poster_name from Webcast_poster_mst where client_id = @clientId and dept_id = @deptId and Spk_Count = @spkCount
[2024-03-29T10:17:06.641Z] error: Error in /controller/VirtualMeet/addMeeting: Validation failed for parameter 'depid'. Invalid number.. SQL query: insert into Webcast_mst 
         (Title,Name,Mobile,EventDuration,IsQuestionEnable,
          IsPollEnable,IsPosterEnable,EventStartDateTime,EventEndDateTime,
          ClientCode,DeptId,Description,CreatedDate,CreatedBy,EventType,EventWebType)
         OUTPUT INSERTED.WcId, INSERTED.WcCode values 
         (@title,@cname,@cmobile,@duration, @isQEnable,@isPEnable,
          @isPosterEnable,
          @sdate,@edate,@clcode,@depid,@cname,@crdate,@userId,@eventType,@vtype);
[2024-03-29T10:26:13.846Z] error: Error in /controller/posterSelectCont/getPoster: Validation failed for parameter 'deptId'. Invalid number.. SQL query: select poster_id, poster_name from Webcast_poster_mst where client_id = @clientId and dept_id = @deptId and Spk_Count = @spkCount
[2024-03-29T10:27:29.433Z] error: Error in /controller/VirtualMeet/addMeeting: Validation failed for parameter 'depid'. Invalid number.. SQL query: insert into Webcast_mst 
         (Title,Name,Mobile,EventDuration,IsQuestionEnable,
          IsPollEnable,IsPosterEnable,EventStartDateTime,EventEndDateTime,
          ClientCode,DeptId,Description,CreatedDate,CreatedBy,EventType,EventWebType)
         OUTPUT INSERTED.WcId, INSERTED.WcCode values 
         (@title,@cname,@cmobile,@duration, @isQEnable,@isPEnable,
          @isPosterEnable,
          @sdate,@edate,@clcode,@depid,@cname,@crdate,@userId,@eventType,@vtype);
[2024-03-29T10:32:18.879Z] error: Error in /controller/posterSelectCont/getPoster: Validation failed for parameter 'deptId'. Invalid number.. SQL query: select poster_id, poster_name from Webcast_poster_mst where client_id = @clientId and dept_id = @deptId and Spk_Count = @spkCount
[2024-03-29T10:33:00.637Z] error: Error in /controller/VirtualMeet/addMeeting: Validation failed for parameter 'depid'. Invalid number.. SQL query: insert into Webcast_mst 
         (Title,Name,Mobile,EventDuration,IsQuestionEnable,
          IsPollEnable,IsPosterEnable,EventStartDateTime,EventEndDateTime,
          ClientCode,DeptId,Description,CreatedDate,CreatedBy,EventType,EventWebType)
         OUTPUT INSERTED.WcId, INSERTED.WcCode values 
         (@title,@cname,@cmobile,@duration, @isQEnable,@isPEnable,
          @isPosterEnable,
          @sdate,@edate,@clcode,@depid,@cname,@crdate,@userId,@eventType,@vtype);
[2024-03-29T10:39:08.451Z] error: Error in /controller/posterSelectCont/getPoster: Validation failed for parameter 'deptId'. Invalid number.. SQL query: select poster_id, poster_name from Webcast_poster_mst where client_id = @clientId and dept_id = @deptId and Spk_Count = @spkCount
[2024-03-29T10:40:09.909Z] error: Error in /controller/VirtualMeet/addMeeting: Validation failed for parameter 'depid'. Invalid number.. SQL query: insert into Webcast_mst 
         (Title,Name,Mobile,EventDuration,IsQuestionEnable,
          IsPollEnable,IsPosterEnable,EventStartDateTime,EventEndDateTime,
          ClientCode,DeptId,Description,CreatedDate,CreatedBy,EventType,EventWebType)
         OUTPUT INSERTED.WcId, INSERTED.WcCode values 
         (@title,@cname,@cmobile,@duration, @isQEnable,@isPEnable,
          @isPosterEnable,
          @sdate,@edate,@clcode,@depid,@cname,@crdate,@userId,@eventType,@vtype);
[2024-03-29T10:49:29.989Z] error: Error in /controller/virtualMeetCont/getMeetingType: Failed to connect to 216.48.176.144:1433 in 15000ms. SQL query: SELECT BasicId, Code, Description from Basic_Mst where Status = @y
     and IdentifierCode = @code order by DisplayOrder;
[2024-03-29T10:49:30.049Z] error: Error in /controller/posterSelectCont/getPoster: Failed to connect to 216.48.176.144:1433 in 15000ms. SQL query: select poster_id, poster_name from Webcast_poster_mst where client_id = @clientId and dept_id = @deptId and Spk_Count = @spkCount
[2024-03-29T10:49:30.052Z] error: Error in /controller/formCont/getFormField: Failed to connect to 216.48.176.144:1433 in 15000ms. SQL query: SELECT Field_Mst.FieldCode, Field_Mst.FieldName, Field_Mst.FieldType, Field_Mst.FieldInfo, Field_Mst.FieldMandatory,
    Client_Field_Mapping.ClientCode,Client_Field_Mapping.DisplayOrder From Field_Mst Inner Join Client_Field_Mapping on Field_Mst.FieldCode = Client_Field_Mapping.FieldCode 
    where Client_Field_Mapping.ClientCode = @clcode And Field_Mst.FieldMandatory = @m  And Client_Field_Mapping.Status = @y
    Order By Client_Field_Mapping.DisplayOrder;
[2024-03-29T10:49:30.056Z] error: Error in /controller/formCont/getFormFieldOptional: Failed to connect to 216.48.176.144:1433 in 15000ms. SQL query: SELECT Field_Mst.FieldCode, Field_Mst.FieldName, Field_Mst.FieldType, Field_Mst.FieldInfo, Field_Mst.FieldMandatory,
    Client_Field_Mapping.ClientCode ,Client_Field_Mapping.DisplayOrder From Field_Mst Inner Join Client_Field_Mapping on Field_Mst.FieldCode = Client_Field_Mapping.FieldCode 
    where Client_Field_Mapping.ClientCode = @clcode And Field_Mst.FieldMandatory = @o  And Client_Field_Mapping.Status = @y
    Order By Client_Field_Mapping.DisplayOrder;
[2024-03-29T10:49:30.062Z] error: Error in /controller/authenticateCont/getDepartMent: Failed to connect to 216.48.176.144:1433 in 15000ms. SQL query: SELECT DeptId, DeptName,DeptUrl from Department_Mst Where ClientCode = @clientId and Status = @y
[2024-03-29T10:49:30.065Z] error: Error in /controller/posterSelectCont/getPoster: Failed to connect to 216.48.176.144:1433 in 15000ms. SQL query: select poster_id, poster_name from Webcast_poster_mst where client_id = @clientId and dept_id = @deptId and Spk_Count = @spkCount
[2024-03-29T10:49:44.699Z] error: Error in /controller/formCont/getFormField: Connection is closed.. SQL query: SELECT Field_Mst.FieldCode, Field_Mst.FieldName, Field_Mst.FieldType, Field_Mst.FieldInfo, Field_Mst.FieldMandatory,
    Client_Field_Mapping.ClientCode,Client_Field_Mapping.DisplayOrder From Field_Mst Inner Join Client_Field_Mapping on Field_Mst.FieldCode = Client_Field_Mapping.FieldCode 
    where Client_Field_Mapping.ClientCode = @clcode And Field_Mst.FieldMandatory = @m  And Client_Field_Mapping.Status = @y
    Order By Client_Field_Mapping.DisplayOrder;
[2024-03-29T10:49:44.750Z] error: Error in /controller/formCont/getFormFieldOptional: Connection is closed.. SQL query: SELECT Field_Mst.FieldCode, Field_Mst.FieldName, Field_Mst.FieldType, Field_Mst.FieldInfo, Field_Mst.FieldMandatory,
    Client_Field_Mapping.ClientCode ,Client_Field_Mapping.DisplayOrder From Field_Mst Inner Join Client_Field_Mapping on Field_Mst.FieldCode = Client_Field_Mapping.FieldCode 
    where Client_Field_Mapping.ClientCode = @clcode And Field_Mst.FieldMandatory = @o  And Client_Field_Mapping.Status = @y
    Order By Client_Field_Mapping.DisplayOrder;
[2024-03-29T10:49:44.756Z] error: Error in /controller/virtualMeetCont/getMeetingType: Connection is closed.. SQL query: SELECT BasicId, Code, Description from Basic_Mst where Status = @y
     and IdentifierCode = @code order by DisplayOrder;
[2024-03-29T10:49:44.767Z] error: Error in /controller/authenticateCont/getDepartMent: Connection is closed.. SQL query: SELECT DeptId, DeptName,DeptUrl from Department_Mst Where ClientCode = @clientId and Status = @y
[2024-03-29T10:49:44.773Z] error: Error in /controller/authenticateCont/getClient: Connection is closed.. SQL query: SELECT ClientCode, FullName from Client_Mst Where Status = @y
[2024-03-29T10:49:44.780Z] error: Error in /controller/virtualMeetCont/getMessageType: Connection is closed.. SQL query: SELECT BasicId, Code, Description from Basic_Mst where Status = @y
     and IdentifierCode = @code order by DisplayOrder;
[2024-03-29T10:49:44.791Z] error: Error in /controller/virtualMeetCont/getMeetingType: Connection is closed.. SQL query: SELECT BasicId, Code, Description from Basic_Mst where Status = @y
     and IdentifierCode = @code order by DisplayOrder;
[2024-03-29T10:50:57.598Z] error: Error in /controller/posterSelectCont/getPoster: Validation failed for parameter 'deptId'. Invalid number.. SQL query: select poster_id, poster_name from Webcast_poster_mst where client_id = @clientId and dept_id = @deptId and Spk_Count = @spkCount
[2024-03-29T10:52:22.581Z] error: Error in /controller/VirtualMeet/addMeeting: Validation failed for parameter 'depid'. Invalid number.. SQL query: insert into Webcast_mst 
         (Title,Name,Mobile,EventDuration,IsQuestionEnable,
          IsPollEnable,IsPosterEnable,EventStartDateTime,EventEndDateTime,
          ClientCode,DeptId,Description,CreatedDate,CreatedBy,EventType,EventWebType)
         OUTPUT INSERTED.WcId, INSERTED.WcCode values 
         (@title,@cname,@cmobile,@duration, @isQEnable,@isPEnable,
          @isPosterEnable,
          @sdate,@edate,@clcode,@depid,@cname,@crdate,@userId,@eventType,@vtype);
[2024-03-29T11:00:56.954Z] error: Error in /controller/posterSelectCont/getPoster: Validation failed for parameter 'deptId'. Invalid number.. SQL query: select poster_id, poster_name from Webcast_poster_mst where client_id = @clientId and dept_id = @deptId and Spk_Count = @spkCount
[2024-03-29T11:01:46.642Z] error: Error in /controller/VirtualMeet/addMeeting: Validation failed for parameter 'depid'. Invalid number.. SQL query: insert into Webcast_mst 
         (Title,Name,Mobile,EventDuration,IsQuestionEnable,
          IsPollEnable,IsPosterEnable,EventStartDateTime,EventEndDateTime,
          ClientCode,DeptId,Description,CreatedDate,CreatedBy,EventType,EventWebType)
         OUTPUT INSERTED.WcId, INSERTED.WcCode values 
         (@title,@cname,@cmobile,@duration, @isQEnable,@isPEnable,
          @isPosterEnable,
          @sdate,@edate,@clcode,@depid,@cname,@crdate,@userId,@eventType,@vtype);
[2024-03-29T11:15:55.636Z] error: Error in /controller/posterSelectCont/getPoster: Validation failed for parameter 'deptId'. Invalid number.. SQL query: select poster_id, poster_name from Webcast_poster_mst where client_id = @clientId and dept_id = @deptId and Spk_Count = @spkCount
[2024-03-29T11:47:21.630Z] error: Error in /controller/posterSelectCont/getPoster: Validation failed for parameter 'deptId'. Invalid number.. SQL query: select poster_id, poster_name from Webcast_poster_mst where client_id = @clientId and dept_id = @deptId and Spk_Count = @spkCount
[2024-03-29T11:55:57.370Z] error: Error in /controller/posterSelectCont/getPoster: Validation failed for parameter 'deptId'. Invalid number.. SQL query: select poster_id, poster_name from Webcast_poster_mst where client_id = @clientId and dept_id = @deptId and Spk_Count = @spkCount
[2024-03-29T11:56:31.294Z] error: Error in /controller/posterSelectCont/getPoster: Validation failed for parameter 'deptId'. Invalid number.. SQL query: select poster_id, poster_name from Webcast_poster_mst where client_id = @clientId and dept_id = @deptId and Spk_Count = @spkCount
[2024-03-29T11:57:24.338Z] error: Error in /controller/posterSelectCont/getPoster: Validation failed for parameter 'deptId'. Invalid number.. SQL query: select poster_id, poster_name from Webcast_poster_mst where client_id = @clientId and dept_id = @deptId and Spk_Count = @spkCount
[2024-03-29T11:58:24.354Z] error: Error in /controller/posterSelectCont/getPoster: Validation failed for parameter 'deptId'. Invalid number.. SQL query: select poster_id, poster_name from Webcast_poster_mst where client_id = @clientId and dept_id = @deptId and Spk_Count = @spkCount
[2024-03-29T11:59:08.081Z] error: Error in /controller/posterSelectCont/getPoster: Validation failed for parameter 'deptId'. Invalid number.. SQL query: select poster_id, poster_name from Webcast_poster_mst where client_id = @clientId and dept_id = @deptId and Spk_Count = @spkCount
[2024-03-29T12:01:12.350Z] error: Error in /controller/posterSelectCont/getPoster: Validation failed for parameter 'deptId'. Invalid number.. SQL query: select poster_id, poster_name from Webcast_poster_mst where client_id = @clientId and dept_id = @deptId and Spk_Count = @spkCount
[2024-03-29T15:55:37.438Z] error: Error in /controller/speakerDetlCont/getSpeaker: Failed to connect to 216.48.176.144:1433 in 15000ms. SQL query: SELECT  Id , SpkName, SpkImage, SpkDesignation,Bio1,Bio2,Bio3 FROM Webcast_Speaker_Detail where fk_mid = @fkmid and Status= @y
[2024-03-29T15:55:37.443Z] error: Error in /controller/posterSelectCont/getPosterById: Failed to connect to 216.48.176.144:1433 in 15000ms. SQL query: SELECT Webcast_Poster_Mst.client_id, Webcast_Poster_Mst.height, Webcast_Poster_Mst.width, Webcast_Poster_Mapping.fk_mid,
   Webcast_Poster_Mapping.fk_pid, Webcast_Poster_Mapping.poster_name from Webcast_Poster_Mst inner join Webcast_Poster_Mapping on
   Webcast_Poster_Mst.poster_id = Webcast_Poster_Mapping.fk_pid where Webcast_Poster_Mapping.fk_mid = @fkid;
[2024-03-30T10:47:39.941Z] error: Error in /controller/physicalMeetCont/getTotalMeeting: Failed to connect to 216.48.176.144:1433 in 15000ms. SQL query: select COALESCE(COUNT(*), 0) as totalMeeting from Webcast_Mst where eventType = @event and EventStatus = @y
[2024-03-30T10:47:39.945Z] error: Error in /controller/virtualMeetCont/getTotalMeeting: Failed to connect to 216.48.176.144:1433 in 15000ms. SQL query: select COALESCE(COUNT(*), 0) as totalMeeting from Webcast_Mst where eventType = @event and EventStatus = @y
[2024-03-30T10:47:39.950Z] error: Error in /controller/physicalMeetCont/getTotalUpcomingMeeting: Failed to connect to 216.48.176.144:1433 in 15000ms. SQL query: select COALESCE(COUNT(*), 0) as totalUpcomingMeeting from Webcast_Mst where @formateddate < EventEndDateTime and eventType = @event and EventStatus = @y
[2024-03-30T10:47:39.957Z] error: Error in /controller/virtualMeetCont/getTotalUpcomingMeeting: Failed to connect to 216.48.176.144:1433 in 15000ms. SQL query: select COALESCE(COUNT(*), 0) as totalUpcomingMeeting from Webcast_Mst where @formateddate < EventEndDateTime and eventType = @event and EventStatus = @y
[2024-03-30T10:47:39.961Z] error: Error in /controller/physicalMeetCont/getTotalCompletedMeeting: Failed to connect to 216.48.176.144:1433 in 15000ms. SQL query: select COALESCE(COUNT(*), 0) as totalCompletedMeeting from Webcast_Mst where @formateddate > EventEndDateTime and eventType = @event and EventStatus = @y
[2024-03-30T10:47:39.966Z] error: Error in /controller/virtualMeetCont/getTotalCompletedMeeting: Failed to connect to 216.48.176.144:1433 in 15000ms. SQL query: select COALESCE(COUNT(*), 0) as totalCompletedMeeting from Webcast_Mst where @formateddate > EventEndDateTime and eventType = @event and EventStatus = @y
[2024-03-30T11:10:02.117Z] error: Error in /controller/physicalMeetCont/getMeetingByIdFormatDate: Failed to connect to 216.48.176.144:1433 in 15000ms. SQL query: SELECT Webcast_Mst.WcCode,Webcast_Mst.Name, Webcast_Mst.Mobile,Webcast_Mst.EventWebType,
  Webcast_Mst.Title, Webcast_Mst.EventStartDateTime, Webcast_Mst.EventEndDateTime,Webcast_Mst.IsPosterEnable,
  Webcast_Webinar_Mst.PresenterUrl,Webcast_Webinar_Mst.AttendeeUrl,Webcast_Webinar_Mst.ModeratorUrl
  FROM Webcast_Mst Inner Join Webcast_Webinar_Mst on  
  Webcast_Mst.WcCode = Webcast_Webinar_Mst.fk_mid
  where 
  Webcast_Mst.WcCode = @id and Webcast_Mst.EventStatus =@y
[2024-03-30T11:23:02.644Z] error: Error in /controller/posterSelectCont/getPoster: Failed to connect to 216.48.176.144:1433 in 15000ms. SQL query: select poster_id, poster_name from Webcast_poster_mst where client_id = @clientId and dept_id = @deptId and Spk_Count = @spkCount
[2024-03-30T11:33:56.494Z] error: Error in /controller/speakerDetlCont/deleteSpeaker: Failed to connect to 216.48.176.144:1433 in 15000ms. SQL query: update Webcast_Speaker_Detail set Status=@n where Id = @id
[2024-03-30T11:34:32.934Z] error: Error in /controller/speakerDetlCont/deleteSpeaker: Failed to connect to 216.48.176.144:1433 in 15000ms. SQL query: update Webcast_Speaker_Detail set Status=@n where Id = @id
[2024-03-30T11:41:53.258Z] error: Error in /controller/speakerDetlCont/deleteSpeaker: Failed to connect to 216.48.176.144:1433 in 15000ms. SQL query: update Webcast_Speaker_Detail set Status=@n where Id = @id
[2024-03-30T11:42:26.440Z] error: Error in /controller/speakerDetlCont/deleteSpeaker: Failed to connect to 216.48.176.144:1433 in 15000ms. SQL query: update Webcast_Speaker_Detail set Status=@n where Id = @id
[2024-03-30T12:54:40.680Z] error: Error in /controller/posterSelectCont/getPoster: Validation failed for parameter 'deptId'. Invalid number.. SQL query: select poster_id, poster_name from Webcast_poster_mst where client_id = @clientId and dept_id = @deptId and Spk_Count = @spkCount
[2024-04-02T06:40:53.575Z] error: Error in /controller/posterSelectCont/getPosterPresent: Incorrect syntax near the keyword 'from'.. SQL query: select Distinct(Spk_count), poster_name, from Webcast_poster_mst where dept_id = @deptId and Status = 'Y' ORDER BY Spk_Count
[2024-04-02T12:02:35.412Z] error: Error in /controller/physicalMeetCont/getMeetingData: Must declare the scalar variable "@clientId".. SQL query: SELECT Webcast_Mst.Title,Webcast_Mst.WcCode,Webcast_Mst.Name ,Webcast_Mst.Mobile, Webcast_Mst.EventStartDateTime, Webcast_Mst.EventEndDateTime,
      Webcast_Speaker_Detail.SpkName,Webcast_Speaker_Detail.SpkDesignation,Webcast_Speaker_Detail.Bio1,Webcast_Speaker_Detail.Bio2,
      Webcast_Speaker_Detail.Bio3
      FROM Webcast_Mst Inner Join Webcast_Speaker_Detail on Webcast_Mst.WcCode = Webcast_Speaker_Detail.fk_mid 
      where Webcast_Mst.EventType = @Etype and Webcast_Mst.EventStatus = @y
      and Webcast_Mst.ClientCode = @clientId and Webcast_Speaker_Detail.Status = @y;
[2024-04-02T12:02:35.457Z] error: Error in /controller/physicalMeetCont/getMeetingData: Must declare the scalar variable "@clientId".. SQL query: SELECT Webcast_Mst.Title,Webcast_Mst.WcCode,Webcast_Mst.Name ,Webcast_Mst.Mobile, Webcast_Mst.EventStartDateTime, Webcast_Mst.EventEndDateTime,
      Webcast_Speaker_Detail.SpkName,Webcast_Speaker_Detail.SpkDesignation,Webcast_Speaker_Detail.Bio1,Webcast_Speaker_Detail.Bio2,
      Webcast_Speaker_Detail.Bio3
      FROM Webcast_Mst Inner Join Webcast_Speaker_Detail on Webcast_Mst.WcCode = Webcast_Speaker_Detail.fk_mid 
      where Webcast_Mst.EventType = @Etype and Webcast_Mst.EventStatus = @y
      and Webcast_Mst.ClientCode = @clientId and Webcast_Speaker_Detail.Status = @y;
[2024-04-02T12:02:51.856Z] error: Error in /controller/physicalMeetCont/getMeetingData: Must declare the scalar variable "@clientId".. SQL query: SELECT Webcast_Mst.Title,Webcast_Mst.WcCode,Webcast_Mst.Name ,Webcast_Mst.Mobile, Webcast_Mst.EventStartDateTime, Webcast_Mst.EventEndDateTime,
      Webcast_Speaker_Detail.SpkName,Webcast_Speaker_Detail.SpkDesignation,Webcast_Speaker_Detail.Bio1,Webcast_Speaker_Detail.Bio2,
      Webcast_Speaker_Detail.Bio3
      FROM Webcast_Mst Inner Join Webcast_Speaker_Detail on Webcast_Mst.WcCode = Webcast_Speaker_Detail.fk_mid 
      where Webcast_Mst.EventType = @Etype and Webcast_Mst.EventStatus = @y
      and Webcast_Mst.ClientCode = @clientId and Webcast_Speaker_Detail.Status = @y;
[2024-04-02T12:08:53.600Z] error: Error in /controller/virtualMeetCont/getTotalMeeting: Connection is closed.. SQL query: select COALESCE(COUNT(*), 0) as totalMeeting from Webcast_Mst where eventType = @event and CreatedBy = @userId and EventStatus = @y
[2024-04-02T12:08:53.648Z] error: Error in /controller/physicalMeetCont/getTotalMeeting: Connection is closed.. SQL query: select COALESCE(COUNT(*), 0) as totalMeeting from Webcast_Mst where eventType = @event and CreatedBy = @userId and EventStatus = @y
[2024-04-02T12:08:53.656Z] error: Error in /controller/physicalMeetCont/getTotalCompletedMeeting: Connection is closed.. SQL query: select COALESCE(COUNT(*), 0) as totalCompletedMeeting from Webcast_Mst where @formateddate > EventEndDateTime and eventType = @event and CreatedBy = @userId and EventStatus = @y
[2024-04-02T12:08:53.795Z] error: Error in /controller/physicalMeetCont/getTotalUpcomingMeeting: Connection is closed.. SQL query: select COALESCE(COUNT(*), 0) as totalUpcomingMeeting from Webcast_Mst where @formateddate < EventEndDateTime and eventType = @event and CreatedBy = @userId and EventStatus = @y
[2024-04-02T12:08:53.809Z] error: Error in /controller/virtualMeetCont/getTotalUpcomingMeeting: Connection is closed.. SQL query: select COALESCE(COUNT(*), 0) as totalUpcomingMeeting from Webcast_Mst where @formateddate < EventEndDateTime and eventType = @event and CreatedBy = @userId and EventStatus = @y
[2024-04-02T12:35:53.893Z] error: Error in /controller/physicalMeetCont/getTotalMeeting: Failed to connect to 216.48.176.144:1433 - Could not connect (sequence). SQL query: select COALESCE(COUNT(*), 0) as totalMeeting from Webcast_Mst where eventType = @event and EventStatus = @y
[2024-04-02T12:35:54.020Z] error: Error in /controller/virtualMeetCont/getTotalMeeting: Failed to connect to 216.48.176.144:1433 - Could not connect (sequence). SQL query: select COALESCE(COUNT(*), 0) as totalMeeting from Webcast_Mst where eventType = @event and EventStatus = @y
[2024-04-02T12:35:54.178Z] error: Error in /controller/physicalMeetCont/getTotalMeeting: Failed to connect to 216.48.176.144:1433 - Could not connect (sequence). SQL query: select COALESCE(COUNT(*), 0) as totalMeeting from Webcast_Mst where eventType = @event and EventStatus = @y
[2024-04-02T12:35:54.205Z] error: Error in /controller/virtualMeetCont/getTotalMeeting: Failed to connect to 216.48.176.144:1433 - Could not connect (sequence). SQL query: select COALESCE(COUNT(*), 0) as totalMeeting from Webcast_Mst where eventType = @event and EventStatus = @y
[2024-04-02T12:35:54.282Z] error: Error in /controller/physicalMeetCont/getTotalUpcomingMeeting: Failed to connect to 216.48.176.144:1433 - Could not connect (sequence). SQL query: select COALESCE(COUNT(*), 0) as totalUpcomingMeeting from Webcast_Mst where @formateddate < EventEndDateTime and eventType = @event and EventStatus = @y
[2024-04-02T12:35:54.296Z] error: Error in /controller/virtualMeetCont/getTotalUpcomingMeeting: Failed to connect to 216.48.176.144:1433 - Could not connect (sequence). SQL query: select COALESCE(COUNT(*), 0) as totalUpcomingMeeting from Webcast_Mst where @formateddate < EventEndDateTime and eventType = @event and EventStatus = @y
[2024-04-02T12:35:54.302Z] error: Error in /controller/physicalMeetCont/getMeetingData: Failed to connect to 216.48.176.144:1433 - Could not connect (sequence). SQL query: SELECT Webcast_Mst.Title, Webcast_Mst.WcCode,Webcast_Mst.Name ,Webcast_Mst.Mobile, Webcast_Mst.EventLocation, Webcast_Mst.EventStartDateTime, Webcast_Mst.EventEndDateTime,
            Webcast_Speaker_Detail.SpkName,Webcast_Speaker_Detail.SpkDesignation,Webcast_Speaker_Detail.Bio1,Webcast_Speaker_Detail.Bio2,
            Webcast_Speaker_Detail.Bio3
            FROM Webcast_Mst Inner Join Webcast_Speaker_Detail on Webcast_Mst.WcCode = Webcast_Speaker_Detail.fk_mid 
            where Webcast_Mst.EventType = @Etype and Webcast_Mst.EventStatus = @y
            and Webcast_Speaker_Detail.Status = @y;
[2024-04-02T12:35:54.308Z] error: Error in /controller/virtualMeetCont/getMeetingWithStatus: Failed to connect to 216.48.176.144:1433 - Could not connect (sequence). SQL query: SELECT Webcast_Mst.WcCode, Webcast_Mst.Title, 
      Webcast_Mst.EventStartDateTime, Webcast_Mst.EventEndDateTime,
      Webcast_Mst.CreatedDate,
      Webcast_Webinar_Mst.MeetingId,Webcast_Webinar_Mst.AccountId 
      FROM Webcast_Mst Inner Join Webcast_Webinar_Mst on  
      Webcast_Mst.WcCode = Webcast_Webinar_Mst.fk_mid where
      @formateddate < Webcast_Mst.EventEndDateTime and
      Webcast_Mst.EventType = @Etype and Webcast_Mst.EventStatus = @y and Webcast_Mst.Title LIKE '%' + @searchname + '%' ORDER BY Webcast_Mst.EventStartDateTime
[2024-04-02T12:35:54.375Z] error: Error in /controller/physicalMeetCont/getTotalCompletedMeeting: Failed to connect to 216.48.176.144:1433 - Could not connect (sequence). SQL query: select COALESCE(COUNT(*), 0) as totalCompletedMeeting from Webcast_Mst where @formateddate > EventEndDateTime and eventType = @event and EventStatus = @y
[2024-04-02T12:35:54.496Z] error: Error in /controller/virtualMeetCont/getTotalCompletedMeeting: Failed to connect to 216.48.176.144:1433 - Could not connect (sequence). SQL query: select COALESCE(COUNT(*), 0) as totalCompletedMeeting from Webcast_Mst where @formateddate > EventEndDateTime and eventType = @event and EventStatus = @y
[2024-04-02T12:35:54.536Z] error: Error in /controller/VirtualMeetCont/getMeetingData: Failed to connect to 216.48.176.144:1433 - Could not connect (sequence). SQL query: SELECT Webcast_Mst.Title,Webcast_Mst.WcCode,Webcast_Mst.Name ,Webcast_Mst.Mobile, Webcast_Mst.EventStartDateTime, Webcast_Mst.EventEndDateTime,
      Webcast_Speaker_Detail.SpkName,Webcast_Speaker_Detail.SpkDesignation,Webcast_Speaker_Detail.Bio1,Webcast_Speaker_Detail.Bio2,
      Webcast_Speaker_Detail.Bio3
      FROM Webcast_Mst Inner Join Webcast_Speaker_Detail on Webcast_Mst.WcCode = Webcast_Speaker_Detail.fk_mid 
      where Webcast_Mst.EventType = @Etype and Webcast_Mst.EventStatus = @y
      and Webcast_Speaker_Detail.Status = @y;
[2024-04-02T12:35:54.578Z] error: Error in /controller/virtualMeetCont/getMeetingWithStatus: Failed to connect to 216.48.176.144:1433 - Could not connect (sequence). SQL query: SELECT WcCode, Title, EventStartDateTime, EventEndDateTime, CreatedDate FROM Webcast_Mst
            where  @formateddate < EventEndDateTime and EventType = @Etype and EventStatus = @y and Title LIKE '%' + @searchname + '%' ORDER BY EventStartDateTime
[2024-04-02T12:35:54.643Z] error: Error in /controller/physicalMeetCont/getTotalUpcomingMeeting: Failed to connect to 216.48.176.144:1433 - Could not connect (sequence). SQL query: select COALESCE(COUNT(*), 0) as totalUpcomingMeeting from Webcast_Mst where @formateddate < EventEndDateTime and eventType = @event and EventStatus = @y
[2024-04-02T12:35:54.694Z] error: Error in /controller/virtualMeetCont/getTotalUpcomingMeeting: Failed to connect to 216.48.176.144:1433 - Could not connect (sequence). SQL query: select COALESCE(COUNT(*), 0) as totalUpcomingMeeting from Webcast_Mst where @formateddate < EventEndDateTime and eventType = @event and EventStatus = @y
[2024-04-02T12:35:54.715Z] error: Error in /controller/physicalMeetCont/getTotalCompletedMeeting: Failed to connect to 216.48.176.144:1433 - Could not connect (sequence). SQL query: select COALESCE(COUNT(*), 0) as totalCompletedMeeting from Webcast_Mst where @formateddate > EventEndDateTime and eventType = @event and EventStatus = @y
[2024-04-02T12:35:54.780Z] error: Error in /controller/virtualMeetCont/getTotalCompletedMeeting: Failed to connect to 216.48.176.144:1433 - Could not connect (sequence). SQL query: select COALESCE(COUNT(*), 0) as totalCompletedMeeting from Webcast_Mst where @formateddate > EventEndDateTime and eventType = @event and EventStatus = @y
[2024-04-02T12:35:54.791Z] error: Error in /controller/physicalMeetCont/getMeetingData: Failed to connect to 216.48.176.144:1433 - Could not connect (sequence). SQL query: SELECT Webcast_Mst.Title, Webcast_Mst.WcCode,Webcast_Mst.Name ,Webcast_Mst.Mobile, Webcast_Mst.EventLocation, Webcast_Mst.EventStartDateTime, Webcast_Mst.EventEndDateTime,
            Webcast_Speaker_Detail.SpkName,Webcast_Speaker_Detail.SpkDesignation,Webcast_Speaker_Detail.Bio1,Webcast_Speaker_Detail.Bio2,
            Webcast_Speaker_Detail.Bio3
            FROM Webcast_Mst Inner Join Webcast_Speaker_Detail on Webcast_Mst.WcCode = Webcast_Speaker_Detail.fk_mid 
            where Webcast_Mst.EventType = @Etype and Webcast_Mst.EventStatus = @y
            and Webcast_Speaker_Detail.Status = @y;
[2024-04-02T12:35:54.808Z] error: Error in /controller/VirtualMeetCont/getMeetingData: Failed to connect to 216.48.176.144:1433 - Could not connect (sequence). SQL query: SELECT Webcast_Mst.Title,Webcast_Mst.WcCode,Webcast_Mst.Name ,Webcast_Mst.Mobile, Webcast_Mst.EventStartDateTime, Webcast_Mst.EventEndDateTime,
      Webcast_Speaker_Detail.SpkName,Webcast_Speaker_Detail.SpkDesignation,Webcast_Speaker_Detail.Bio1,Webcast_Speaker_Detail.Bio2,
      Webcast_Speaker_Detail.Bio3
      FROM Webcast_Mst Inner Join Webcast_Speaker_Detail on Webcast_Mst.WcCode = Webcast_Speaker_Detail.fk_mid 
      where Webcast_Mst.EventType = @Etype and Webcast_Mst.EventStatus = @y
      and Webcast_Speaker_Detail.Status = @y;
[2024-04-02T12:35:54.903Z] error: Error in /controller/virtualMeetCont/getMeetingWithStatus: Failed to connect to 216.48.176.144:1433 - Could not connect (sequence). SQL query: SELECT Webcast_Mst.WcCode, Webcast_Mst.Title, 
      Webcast_Mst.EventStartDateTime, Webcast_Mst.EventEndDateTime,
      Webcast_Mst.CreatedDate,
      Webcast_Webinar_Mst.MeetingId,Webcast_Webinar_Mst.AccountId 
      FROM Webcast_Mst Inner Join Webcast_Webinar_Mst on  
      Webcast_Mst.WcCode = Webcast_Webinar_Mst.fk_mid where
      @formateddate < Webcast_Mst.EventEndDateTime and
      Webcast_Mst.EventType = @Etype and Webcast_Mst.EventStatus = @y and Webcast_Mst.Title LIKE '%' + @searchname + '%' ORDER BY Webcast_Mst.EventStartDateTime
[2024-04-02T12:35:54.924Z] error: Error in /controller/virtualMeetCont/getMeetingWithStatus: Failed to connect to 216.48.176.144:1433 - Could not connect (sequence). SQL query: SELECT WcCode, Title, EventStartDateTime, EventEndDateTime, CreatedDate FROM Webcast_Mst
            where  @formateddate < EventEndDateTime and EventType = @Etype and EventStatus = @y and Title LIKE '%' + @searchname + '%' ORDER BY EventStartDateTime
[2024-04-02T12:35:54.971Z] error: Error in /controller/virtualMeetCont/getMeetingWithStatus: Failed to connect to 216.48.176.144:1433 - Could not connect (sequence). SQL query: SELECT Webcast_Mst.WcCode, Webcast_Mst.Title, 
      Webcast_Mst.EventStartDateTime, Webcast_Mst.EventEndDateTime,
      Webcast_Mst.CreatedDate,
      Webcast_Webinar_Mst.MeetingId,Webcast_Webinar_Mst.AccountId 
      FROM Webcast_Mst Inner Join Webcast_Webinar_Mst on  
      Webcast_Mst.WcCode = Webcast_Webinar_Mst.fk_mid where
      @formateddate < Webcast_Mst.EventEndDateTime and
      Webcast_Mst.EventType = @Etype and Webcast_Mst.EventStatus = @y and Webcast_Mst.Title LIKE '%' + @searchname + '%' ORDER BY Webcast_Mst.EventStartDateTime
[2024-04-02T12:35:54.986Z] error: Error in /controller/virtualMeetCont/getMeetingWithStatus: Failed to connect to 216.48.176.144:1433 - Could not connect (sequence). SQL query: SELECT WcCode, Title, EventStartDateTime, EventEndDateTime, CreatedDate FROM Webcast_Mst
            where  @formateddate < EventEndDateTime and EventType = @Etype and EventStatus = @y and Title LIKE '%' + @searchname + '%' ORDER BY EventStartDateTime
[2024-04-02T12:37:06.132Z] error: Error in /controller/physicalMeetCont/getTotalMeeting: Failed to connect to 216.48.176.144:1433 - Could not connect (sequence). SQL query: select COALESCE(COUNT(*), 0) as totalMeeting from Webcast_Mst where eventType = @event and EventStatus = @y
[2024-04-02T12:37:06.159Z] error: Error in /controller/physicalMeetCont/getTotalUpcomingMeeting: Failed to connect to 216.48.176.144:1433 - Could not connect (sequence). SQL query: select COALESCE(COUNT(*), 0) as totalUpcomingMeeting from Webcast_Mst where @formateddate < EventEndDateTime and eventType = @event and EventStatus = @y
[2024-04-02T12:37:06.174Z] error: Error in /controller/physicalMeetCont/getTotalCompletedMeeting: Failed to connect to 216.48.176.144:1433 - Could not connect (sequence). SQL query: select COALESCE(COUNT(*), 0) as totalCompletedMeeting from Webcast_Mst where @formateddate > EventEndDateTime and eventType = @event and EventStatus = @y
[2024-04-02T12:37:06.390Z] error: Error in /controller/virtualMeetCont/getTotalUpcomingMeeting: Failed to connect to 216.48.176.144:1433 - Could not connect (sequence). SQL query: select COALESCE(COUNT(*), 0) as totalUpcomingMeeting from Webcast_Mst where @formateddate < EventEndDateTime and eventType = @event and EventStatus = @y
[2024-04-02T12:37:06.419Z] error: Error in /controller/virtualMeetCont/getTotalMeeting: Failed to connect to 216.48.176.144:1433 - Could not connect (sequence). SQL query: select COALESCE(COUNT(*), 0) as totalMeeting from Webcast_Mst where eventType = @event and EventStatus = @y
[2024-04-02T12:37:06.540Z] error: Error in /controller/physicalMeetCont/getTotalMeeting: Failed to connect to 216.48.176.144:1433 - Could not connect (sequence). SQL query: select COALESCE(COUNT(*), 0) as totalMeeting from Webcast_Mst where eventType = @event and EventStatus = @y
[2024-04-02T12:37:06.550Z] error: Error in /controller/virtualMeetCont/getTotalMeeting: Failed to connect to 216.48.176.144:1433 - Could not connect (sequence). SQL query: select COALESCE(COUNT(*), 0) as totalMeeting from Webcast_Mst where eventType = @event and EventStatus = @y
[2024-04-02T12:37:06.599Z] error: Error in /controller/physicalMeetCont/getTotalUpcomingMeeting: Failed to connect to 216.48.176.144:1433 - Could not connect (sequence). SQL query: select COALESCE(COUNT(*), 0) as totalUpcomingMeeting from Webcast_Mst where @formateddate < EventEndDateTime and eventType = @event and EventStatus = @y
[2024-04-02T12:37:06.668Z] error: Error in /controller/virtualMeetCont/getTotalUpcomingMeeting: Failed to connect to 216.48.176.144:1433 - Could not connect (sequence). SQL query: select COALESCE(COUNT(*), 0) as totalUpcomingMeeting from Webcast_Mst where @formateddate < EventEndDateTime and eventType = @event and EventStatus = @y
[2024-04-02T12:37:06.683Z] error: Error in /controller/physicalMeetCont/getTotalCompletedMeeting: Failed to connect to 216.48.176.144:1433 - Could not connect (sequence). SQL query: select COALESCE(COUNT(*), 0) as totalCompletedMeeting from Webcast_Mst where @formateddate > EventEndDateTime and eventType = @event and EventStatus = @y
[2024-04-02T12:37:06.748Z] error: Error in /controller/VirtualMeetCont/getMeetingData: Failed to connect to 216.48.176.144:1433 - Could not connect (sequence). SQL query: SELECT Webcast_Mst.Title,Webcast_Mst.WcCode,Webcast_Mst.Name ,Webcast_Mst.Mobile, Webcast_Mst.EventStartDateTime, Webcast_Mst.EventEndDateTime,
      Webcast_Speaker_Detail.SpkName,Webcast_Speaker_Detail.SpkDesignation,Webcast_Speaker_Detail.Bio1,Webcast_Speaker_Detail.Bio2,
      Webcast_Speaker_Detail.Bio3
      FROM Webcast_Mst Inner Join Webcast_Speaker_Detail on Webcast_Mst.WcCode = Webcast_Speaker_Detail.fk_mid 
      where Webcast_Mst.EventType = @Etype and Webcast_Mst.EventStatus = @y
      and Webcast_Speaker_Detail.Status = @y;
[2024-04-02T12:37:06.771Z] error: Error in /controller/virtualMeetCont/getMeetingWithStatus: Failed to connect to 216.48.176.144:1433 - Could not connect (sequence). SQL query: SELECT WcCode, Title, EventStartDateTime, EventEndDateTime, CreatedDate FROM Webcast_Mst
            where  @formateddate < EventEndDateTime and EventType = @Etype and EventStatus = @y and Title LIKE '%' + @searchname + '%' ORDER BY EventStartDateTime
[2024-04-02T12:37:06.858Z] error: Error in /controller/virtualMeetCont/getTotalCompletedMeeting: Failed to connect to 216.48.176.144:1433 - Could not connect (sequence). SQL query: select COALESCE(COUNT(*), 0) as totalCompletedMeeting from Webcast_Mst where @formateddate > EventEndDateTime and eventType = @event and EventStatus = @y
[2024-04-02T12:37:06.871Z] error: Error in /controller/physicalMeetCont/getMeetingData: Failed to connect to 216.48.176.144:1433 - Could not connect (sequence). SQL query: SELECT Webcast_Mst.Title, Webcast_Mst.WcCode,Webcast_Mst.Name ,Webcast_Mst.Mobile, Webcast_Mst.EventLocation, Webcast_Mst.EventStartDateTime, Webcast_Mst.EventEndDateTime,
            Webcast_Speaker_Detail.SpkName,Webcast_Speaker_Detail.SpkDesignation,Webcast_Speaker_Detail.Bio1,Webcast_Speaker_Detail.Bio2,
            Webcast_Speaker_Detail.Bio3
            FROM Webcast_Mst Inner Join Webcast_Speaker_Detail on Webcast_Mst.WcCode = Webcast_Speaker_Detail.fk_mid 
            where Webcast_Mst.EventType = @Etype and Webcast_Mst.EventStatus = @y
            and Webcast_Speaker_Detail.Status = @y;
[2024-04-02T12:37:06.876Z] error: Error in /controller/virtualMeetCont/getMeetingWithStatus: Failed to connect to 216.48.176.144:1433 - Could not connect (sequence). SQL query: SELECT Webcast_Mst.WcCode, Webcast_Mst.Title, 
      Webcast_Mst.EventStartDateTime, Webcast_Mst.EventEndDateTime,
      Webcast_Mst.CreatedDate,
      Webcast_Webinar_Mst.MeetingId,Webcast_Webinar_Mst.AccountId 
      FROM Webcast_Mst Inner Join Webcast_Webinar_Mst on  
      Webcast_Mst.WcCode = Webcast_Webinar_Mst.fk_mid where
      @formateddate < Webcast_Mst.EventEndDateTime and
      Webcast_Mst.EventType = @Etype and Webcast_Mst.EventStatus = @y and Webcast_Mst.Title LIKE '%' + @searchname + '%' ORDER BY Webcast_Mst.EventStartDateTime
[2024-04-02T12:37:06.887Z] error: Error in /controller/virtualMeetCont/getTotalCompletedMeeting: Failed to connect to 216.48.176.144:1433 - Could not connect (sequence). SQL query: select COALESCE(COUNT(*), 0) as totalCompletedMeeting from Webcast_Mst where @formateddate > EventEndDateTime and eventType = @event and EventStatus = @y
[2024-04-02T12:37:06.893Z] error: Error in /controller/physicalMeetCont/getMeetingData: Failed to connect to 216.48.176.144:1433 - Could not connect (sequence). SQL query: SELECT Webcast_Mst.Title, Webcast_Mst.WcCode,Webcast_Mst.Name ,Webcast_Mst.Mobile, Webcast_Mst.EventLocation, Webcast_Mst.EventStartDateTime, Webcast_Mst.EventEndDateTime,
            Webcast_Speaker_Detail.SpkName,Webcast_Speaker_Detail.SpkDesignation,Webcast_Speaker_Detail.Bio1,Webcast_Speaker_Detail.Bio2,
            Webcast_Speaker_Detail.Bio3
            FROM Webcast_Mst Inner Join Webcast_Speaker_Detail on Webcast_Mst.WcCode = Webcast_Speaker_Detail.fk_mid 
            where Webcast_Mst.EventType = @Etype and Webcast_Mst.EventStatus = @y
            and Webcast_Speaker_Detail.Status = @y;
[2024-04-02T12:37:06.901Z] error: Error in /controller/VirtualMeetCont/getMeetingData: Failed to connect to 216.48.176.144:1433 - Could not connect (sequence). SQL query: SELECT Webcast_Mst.Title,Webcast_Mst.WcCode,Webcast_Mst.Name ,Webcast_Mst.Mobile, Webcast_Mst.EventStartDateTime, Webcast_Mst.EventEndDateTime,
      Webcast_Speaker_Detail.SpkName,Webcast_Speaker_Detail.SpkDesignation,Webcast_Speaker_Detail.Bio1,Webcast_Speaker_Detail.Bio2,
      Webcast_Speaker_Detail.Bio3
      FROM Webcast_Mst Inner Join Webcast_Speaker_Detail on Webcast_Mst.WcCode = Webcast_Speaker_Detail.fk_mid 
      where Webcast_Mst.EventType = @Etype and Webcast_Mst.EventStatus = @y
      and Webcast_Speaker_Detail.Status = @y;
[2024-04-02T12:37:06.948Z] error: Error in /controller/virtualMeetCont/getMeetingWithStatus: Failed to connect to 216.48.176.144:1433 - Could not connect (sequence). SQL query: SELECT Webcast_Mst.WcCode, Webcast_Mst.Title, 
      Webcast_Mst.EventStartDateTime, Webcast_Mst.EventEndDateTime,
      Webcast_Mst.CreatedDate,
      Webcast_Webinar_Mst.MeetingId,Webcast_Webinar_Mst.AccountId 
      FROM Webcast_Mst Inner Join Webcast_Webinar_Mst on  
      Webcast_Mst.WcCode = Webcast_Webinar_Mst.fk_mid where
      @formateddate < Webcast_Mst.EventEndDateTime and
      Webcast_Mst.EventType = @Etype and Webcast_Mst.EventStatus = @y and Webcast_Mst.Title LIKE '%' + @searchname + '%' ORDER BY Webcast_Mst.EventStartDateTime
[2024-04-02T12:37:06.970Z] error: Error in /controller/virtualMeetCont/getMeetingWithStatus: Failed to connect to 216.48.176.144:1433 - Could not connect (sequence). SQL query: SELECT WcCode, Title, EventStartDateTime, EventEndDateTime, CreatedDate FROM Webcast_Mst
            where  @formateddate < EventEndDateTime and EventType = @Etype and EventStatus = @y and Title LIKE '%' + @searchname + '%' ORDER BY EventStartDateTime
[2024-04-02T12:37:07.240Z] error: Error in /controller/virtualMeetCont/getMeetingWithStatus: Failed to connect to 216.48.176.144:1433 - Could not connect (sequence). SQL query: SELECT Webcast_Mst.WcCode, Webcast_Mst.Title, 
      Webcast_Mst.EventStartDateTime, Webcast_Mst.EventEndDateTime,
      Webcast_Mst.CreatedDate,
      Webcast_Webinar_Mst.MeetingId,Webcast_Webinar_Mst.AccountId 
      FROM Webcast_Mst Inner Join Webcast_Webinar_Mst on  
      Webcast_Mst.WcCode = Webcast_Webinar_Mst.fk_mid where
      @formateddate < Webcast_Mst.EventEndDateTime and
      Webcast_Mst.EventType = @Etype and Webcast_Mst.EventStatus = @y and Webcast_Mst.Title LIKE '%' + @searchname + '%' ORDER BY Webcast_Mst.EventStartDateTime
[2024-04-02T12:37:07.250Z] error: Error in /controller/virtualMeetCont/getMeetingWithStatus: Failed to connect to 216.48.176.144:1433 - Could not connect (sequence). SQL query: SELECT WcCode, Title, EventStartDateTime, EventEndDateTime, CreatedDate FROM Webcast_Mst
            where  @formateddate < EventEndDateTime and EventType = @Etype and EventStatus = @y and Title LIKE '%' + @searchname + '%' ORDER BY EventStartDateTime
[2024-04-02T14:31:17.041Z] error: Error in /controller/virtualMeetCont/getMeetingWithStatus: Failed to connect to 216.48.176.144:1433 in 15000ms. SQL query: SELECT Webcast_Mst.WcCode, Webcast_Mst.Title, 
      Webcast_Mst.EventStartDateTime, Webcast_Mst.EventEndDateTime,
      Webcast_Mst.CreatedDate,
      Webcast_Webinar_Mst.MeetingId,Webcast_Webinar_Mst.AccountId 
      FROM Webcast_Mst Inner Join Webcast_Webinar_Mst on  
      Webcast_Mst.WcCode = Webcast_Webinar_Mst.fk_mid where
      @formateddate < Webcast_Mst.EventEndDateTime and
      Webcast_Mst.EventType = @Etype and Webcast_Mst.EventStatus = @y and Webcast_Mst.Title LIKE '%' + @searchname + '%' ORDER BY Webcast_Mst.EventStartDateTime
[2024-04-02T14:32:30.914Z] error: Error in /controller/virtualMeetCont/getMeetingWithStatus: Timeout: Request failed to complete in 15000ms. SQL query: SELECT Webcast_Mst.WcCode, Webcast_Mst.Title, 
      Webcast_Mst.EventStartDateTime, Webcast_Mst.EventEndDateTime,
      Webcast_Mst.CreatedDate,
      Webcast_Webinar_Mst.MeetingId,Webcast_Webinar_Mst.AccountId 
      FROM Webcast_Mst Inner Join Webcast_Webinar_Mst on  
      Webcast_Mst.WcCode = Webcast_Webinar_Mst.fk_mid where
      @formateddate < Webcast_Mst.EventEndDateTime and
      Webcast_Mst.EventType = @Etype and Webcast_Mst.EventStatus = @y and Webcast_Mst.Title LIKE '%' + @searchname + '%' ORDER BY Webcast_Mst.EventStartDateTime
[2024-04-02T15:06:49.681Z] error: Error in /controller/virtualMeetCont/getMeetingByIdFormatDate: Failed to connect to 216.48.176.144:1433 in 15000ms. SQL query: SELECT Webcast_Mst.WcCode,Webcast_Mst.Name, Webcast_Mst.Mobile,
  Webcast_Mst.Title, Webcast_Mst.EventStartDateTime,
   Webcast_Mst.EventEndDateTime,Webcast_Mst.IsPosterEnable, Webcast_Mst.EventWebType,
  Webcast_Webinar_Mst.MeetingId,Webcast_Webinar_Mst.Passcode,
  Webcast_Webinar_Mst.AccountId, 
  Webcast_Webinar_Mst.PresenterUrl,Webcast_Webinar_Mst.AttendeeUrl,Webcast_Webinar_Mst.ModeratorUrl,
  zoom_ac_dtl.Account_no,zoom_ac_dtl.Account_name,webcast_host_login.username,webcast_host_login.password,
  Client_Mst.FullName, Department_Mst.DeptName  
  FROM Webcast_Mst Inner Join Webcast_Webinar_Mst on  
  Webcast_Mst.WcCode = Webcast_Webinar_Mst.fk_mid
  Left Join zoom_ac_dtl on Webcast_Webinar_Mst.AccountId = zoom_ac_dtl.Account_id
  Left Join webcast_host_login on Webcast_Mst.WcCode = webcast_host_login.wc_code
  Inner Join Client_Mst on Webcast_Mst.ClientCode = Client_Mst.ClientCode
  Inner Join Department_Mst on Webcast_Mst.DeptId = Department_Mst.DeptId 
  where 
  Webcast_Mst.WcCode = @id and Webcast_Mst.EventStatus =@y
[2024-04-02T15:06:49.685Z] error: Error in /controller/speakerDetlCont/getSpeaker: Failed to connect to 216.48.176.144:1433 in 15000ms. SQL query: SELECT  Id , SpkName, SpkImage, SpkDesignation,Bio1,Bio2,Bio3 FROM Webcast_Speaker_Detail where fk_mid = @fkmid and Status= @y
[2024-04-02T15:06:49.692Z] error: Error in /controller/posterSelectCont/getPosterById: Failed to connect to 216.48.176.144:1433 in 15000ms. SQL query: SELECT Webcast_Poster_Mst.client_id, Webcast_Poster_Mst.height, Webcast_Poster_Mst.width, Webcast_Poster_Mapping.fk_mid,
   Webcast_Poster_Mapping.fk_pid, Webcast_Poster_Mapping.poster_name from Webcast_Poster_Mst inner join Webcast_Poster_Mapping on
   Webcast_Poster_Mst.poster_id = Webcast_Poster_Mapping.fk_pid where Webcast_Poster_Mapping.fk_mid = @fkid;
[2024-04-02T15:07:04.704Z] error: Error in /controller/virtualMeetCont/getMeetingByIdFormatDate: Failed to connect to 216.48.176.144:1433 in 15000ms. SQL query: SELECT Webcast_Mst.WcCode,Webcast_Mst.Name, Webcast_Mst.Mobile,
  Webcast_Mst.Title, Webcast_Mst.EventStartDateTime,
   Webcast_Mst.EventEndDateTime,Webcast_Mst.IsPosterEnable, Webcast_Mst.EventWebType,
  Webcast_Webinar_Mst.MeetingId,Webcast_Webinar_Mst.Passcode,
  Webcast_Webinar_Mst.AccountId, 
  Webcast_Webinar_Mst.PresenterUrl,Webcast_Webinar_Mst.AttendeeUrl,Webcast_Webinar_Mst.ModeratorUrl,
  zoom_ac_dtl.Account_no,zoom_ac_dtl.Account_name,webcast_host_login.username,webcast_host_login.password,
  Client_Mst.FullName, Department_Mst.DeptName  
  FROM Webcast_Mst Inner Join Webcast_Webinar_Mst on  
  Webcast_Mst.WcCode = Webcast_Webinar_Mst.fk_mid
  Left Join zoom_ac_dtl on Webcast_Webinar_Mst.AccountId = zoom_ac_dtl.Account_id
  Left Join webcast_host_login on Webcast_Mst.WcCode = webcast_host_login.wc_code
  Inner Join Client_Mst on Webcast_Mst.ClientCode = Client_Mst.ClientCode
  Inner Join Department_Mst on Webcast_Mst.DeptId = Department_Mst.DeptId 
  where 
  Webcast_Mst.WcCode = @id and Webcast_Mst.EventStatus =@y
[2024-04-02T15:07:04.709Z] error: Error in /controller/speakerDetlCont/getSpeaker: Failed to connect to 216.48.176.144:1433 in 15000ms. SQL query: SELECT  Id , SpkName, SpkImage, SpkDesignation,Bio1,Bio2,Bio3 FROM Webcast_Speaker_Detail where fk_mid = @fkmid and Status= @y
[2024-04-02T15:07:04.713Z] error: Error in /controller/posterSelectCont/getPosterById: Failed to connect to 216.48.176.144:1433 in 15000ms. SQL query: SELECT Webcast_Poster_Mst.client_id, Webcast_Poster_Mst.height, Webcast_Poster_Mst.width, Webcast_Poster_Mapping.fk_mid,
   Webcast_Poster_Mapping.fk_pid, Webcast_Poster_Mapping.poster_name from Webcast_Poster_Mst inner join Webcast_Poster_Mapping on
   Webcast_Poster_Mst.poster_id = Webcast_Poster_Mapping.fk_pid where Webcast_Poster_Mapping.fk_mid = @fkid;
[2024-04-02T15:17:30.318Z] error: Error in /controller/posterSelectCont/getSpeakerFieldByPosterId: Failed to cancel request in 5000ms. SQL query: select * from Webcast_Poster_Speaker_Field where pid = @pid and status = @y order by displayorder
[2024-04-02T15:26:54.979Z] error: Error in /controller/posterSelectCont/getPoster: Failed to connect to 216.48.176.144:1433 in 15000ms. SQL query: select poster_id, poster_name from Webcast_poster_mst where client_id = @clientId and dept_id = @deptId and Spk_Count = @spkCount
[2024-04-02T15:26:54.982Z] error: Error in /controller/authenticateCont/getDepartMent: Failed to connect to 216.48.176.144:1433 in 15000ms. SQL query: SELECT DeptId, DeptName,DeptUrl from Department_Mst Where ClientCode = @clientId and Status = @y
[2024-04-02T15:27:04.651Z] error: Error in /controller/physicalMeetCont/getTotalUpcomingMeeting: Failed to connect to 216.48.176.144:1433 in 15000ms. SQL query: select COALESCE(COUNT(*), 0) as totalUpcomingMeeting from Webcast_Mst where @formateddate < EventEndDateTime and eventType = @event and EventStatus = @y
[2024-04-02T15:27:04.653Z] error: Error in /controller/virtualMeetCont/getTotalUpcomingMeeting: Failed to connect to 216.48.176.144:1433 in 15000ms. SQL query: select COALESCE(COUNT(*), 0) as totalUpcomingMeeting from Webcast_Mst where @formateddate < EventEndDateTime and eventType = @event and EventStatus = @y
[2024-04-02T15:27:04.655Z] error: Error in /controller/physicalMeetCont/getTotalCompletedMeeting: Failed to connect to 216.48.176.144:1433 in 15000ms. SQL query: select COALESCE(COUNT(*), 0) as totalCompletedMeeting from Webcast_Mst where @formateddate > EventEndDateTime and eventType = @event and EventStatus = @y
[2024-04-02T15:27:19.667Z] error: Error in /controller/physicalMeetCont/getMeetingWithStatus: Failed to connect to 216.48.176.144:1433 in 15000ms. SQL query: SELECT WcCode, Title, EventStartDateTime, EventEndDateTime, CreatedDate FROM Webcast_Mst
            where  @formateddate < EventEndDateTime and EventType = @Etype and EventStatus = @y and Title LIKE '%' + @searchname + '%' ORDER BY EventStartDateTime
[2024-04-02T15:30:25.057Z] error: Error in /controller/physicalMeetCont/getMeetingWithStatus: Failed to cancel request in 5000ms. SQL query: SELECT WcCode, Title, EventStartDateTime, EventEndDateTime, CreatedDate FROM Webcast_Mst
            where  @formateddate < EventEndDateTime and EventType = @Etype and EventStatus = @y and Title LIKE '%' + @searchname + '%' ORDER BY EventStartDateTime
[2024-04-04T13:33:20.753Z] error: Error in /controller/physicalMeetCont/getTotalMeeting: Failed to connect to 216.48.176.144:1433 - Could not connect (sequence). SQL query: select COALESCE(COUNT(*), 0) as totalMeeting from Webcast_Mst where eventType = @event and EventStatus = @y
[2024-04-04T13:33:20.832Z] error: Error in /controller/virtualMeetCont/getTotalMeeting: Failed to connect to 216.48.176.144:1433 - Could not connect (sequence). SQL query: select COALESCE(COUNT(*), 0) as totalMeeting from Webcast_Mst where eventType = @event and EventStatus = @y
[2024-04-04T13:33:21.068Z] error: Error in /controller/physicalMeetCont/getTotalUpcomingMeeting: Failed to connect to 216.48.176.144:1433 - Could not connect (sequence). SQL query: select COALESCE(COUNT(*), 0) as totalUpcomingMeeting from Webcast_Mst where @formateddate < EventEndDateTime and eventType = @event and EventStatus = @y
[2024-04-04T13:33:21.234Z] error: Error in /controller/virtualMeetCont/getTotalUpcomingMeeting: Failed to connect to 216.48.176.144:1433 - Could not connect (sequence). SQL query: select COALESCE(COUNT(*), 0) as totalUpcomingMeeting from Webcast_Mst where @formateddate < EventEndDateTime and eventType = @event and EventStatus = @y
[2024-04-04T13:33:21.334Z] error: Error in /controller/physicalMeetCont/getTotalMeeting: Failed to connect to 216.48.176.144:1433 - Could not connect (sequence). SQL query: select COALESCE(COUNT(*), 0) as totalMeeting from Webcast_Mst where eventType = @event and EventStatus = @y
[2024-04-04T13:33:21.372Z] error: Error in /controller/virtualMeetCont/getTotalMeeting: Failed to connect to 216.48.176.144:1433 - Could not connect (sequence). SQL query: select COALESCE(COUNT(*), 0) as totalMeeting from Webcast_Mst where eventType = @event and EventStatus = @y
[2024-04-04T13:33:21.393Z] error: Error in /controller/physicalMeetCont/getTotalUpcomingMeeting: Failed to connect to 216.48.176.144:1433 - Could not connect (sequence). SQL query: select COALESCE(COUNT(*), 0) as totalUpcomingMeeting from Webcast_Mst where @formateddate < EventEndDateTime and eventType = @event and EventStatus = @y
[2024-04-04T13:33:21.572Z] error: Error in /controller/virtualMeetCont/getTotalUpcomingMeeting: Failed to connect to 216.48.176.144:1433 - Could not connect (sequence). SQL query: select COALESCE(COUNT(*), 0) as totalUpcomingMeeting from Webcast_Mst where @formateddate < EventEndDateTime and eventType = @event and EventStatus = @y
[2024-04-04T13:33:21.869Z] error: Error in /controller/physicalMeetCont/getTotalCompletedMeeting: Failed to connect to 216.48.176.144:1433 - Could not connect (sequence). SQL query: select COALESCE(COUNT(*), 0) as totalCompletedMeeting from Webcast_Mst where @formateddate > EventEndDateTime and eventType = @event and EventStatus = @y
[2024-04-04T13:33:21.971Z] error: Error in /controller/virtualMeetCont/getTotalCompletedMeeting: Failed to connect to 216.48.176.144:1433 - Could not connect (sequence). SQL query: select COALESCE(COUNT(*), 0) as totalCompletedMeeting from Webcast_Mst where @formateddate > EventEndDateTime and eventType = @event and EventStatus = @y
[2024-04-04T13:33:21.989Z] error: Error in /controller/physicalMeetCont/getMeetingData: Failed to connect to 216.48.176.144:1433 - Could not connect (sequence). SQL query: SELECT Webcast_Mst.Title, Webcast_Mst.WcCode,Webcast_Mst.Name ,Webcast_Mst.Mobile, Webcast_Mst.EventLocation, Webcast_Mst.EventStartDateTime, Webcast_Mst.EventEndDateTime,
            Webcast_Speaker_Detail.SpkName,Webcast_Speaker_Detail.SpkDesignation,Webcast_Speaker_Detail.Bio1,Webcast_Speaker_Detail.Bio2,
            Webcast_Speaker_Detail.Bio3
            FROM Webcast_Mst Inner Join Webcast_Speaker_Detail on Webcast_Mst.WcCode = Webcast_Speaker_Detail.fk_mid 
            where Webcast_Mst.EventType = @Etype and Webcast_Mst.EventStatus = @y
            and Webcast_Speaker_Detail.Status = @y;
[2024-04-04T13:33:22.021Z] error: Error in /controller/VirtualMeetCont/getMeetingData: Failed to connect to 216.48.176.144:1433 - Could not connect (sequence). SQL query: SELECT Webcast_Mst.Title,Webcast_Mst.WcCode,Webcast_Mst.Name ,Webcast_Mst.Mobile, Webcast_Mst.EventStartDateTime, Webcast_Mst.EventEndDateTime,
      Webcast_Speaker_Detail.SpkName,Webcast_Speaker_Detail.SpkDesignation,Webcast_Speaker_Detail.Bio1,Webcast_Speaker_Detail.Bio2,
      Webcast_Speaker_Detail.Bio3
      FROM Webcast_Mst Inner Join Webcast_Speaker_Detail on Webcast_Mst.WcCode = Webcast_Speaker_Detail.fk_mid 
      where Webcast_Mst.EventType = @Etype and Webcast_Mst.EventStatus = @y
      and Webcast_Speaker_Detail.Status = @y;
[2024-04-04T13:33:22.097Z] error: Error in /controller/virtualMeetCont/getMeetingWithStatus: Failed to connect to 216.48.176.144:1433 - Could not connect (sequence). SQL query: SELECT Webcast_Mst.WcCode, Webcast_Mst.Title, 
      Webcast_Mst.EventStartDateTime, Webcast_Mst.EventEndDateTime,
      Webcast_Mst.CreatedDate,
      Webcast_Webinar_Mst.MeetingId,Webcast_Webinar_Mst.AccountId 
      FROM Webcast_Mst Inner Join Webcast_Webinar_Mst on  
      Webcast_Mst.WcCode = Webcast_Webinar_Mst.fk_mid where
      @formateddate < Webcast_Mst.EventEndDateTime and
      Webcast_Mst.EventType = @Etype and Webcast_Mst.EventStatus = @y and Webcast_Mst.Title LIKE '%' + @searchname + '%' ORDER BY Webcast_Mst.EventStartDateTime
[2024-04-04T13:33:22.123Z] error: Error in /controller/physicalMeetCont/getMeetingWithStatus: Failed to connect to 216.48.176.144:1433 - Could not connect (sequence). SQL query: SELECT WcCode, Title, EventStartDateTime, EventEndDateTime, CreatedDate FROM Webcast_Mst
            where  @formateddate < EventEndDateTime and EventType = @Etype and EventStatus = @y and Title LIKE '%' + @searchname + '%' ORDER BY EventStartDateTime
[2024-04-04T13:33:22.237Z] error: Error in /controller/physicalMeetCont/getTotalCompletedMeeting: Failed to connect to 216.48.176.144:1433 - Could not connect (sequence). SQL query: select COALESCE(COUNT(*), 0) as totalCompletedMeeting from Webcast_Mst where @formateddate > EventEndDateTime and eventType = @event and EventStatus = @y
[2024-04-04T13:33:22.254Z] error: Error in /controller/virtualMeetCont/getTotalCompletedMeeting: Failed to connect to 216.48.176.144:1433 - Could not connect (sequence). SQL query: select COALESCE(COUNT(*), 0) as totalCompletedMeeting from Webcast_Mst where @formateddate > EventEndDateTime and eventType = @event and EventStatus = @y
[2024-04-04T13:33:22.267Z] error: Error in /controller/physicalMeetCont/getMeetingData: Failed to connect to 216.48.176.144:1433 - Could not connect (sequence). SQL query: SELECT Webcast_Mst.Title, Webcast_Mst.WcCode,Webcast_Mst.Name ,Webcast_Mst.Mobile, Webcast_Mst.EventLocation, Webcast_Mst.EventStartDateTime, Webcast_Mst.EventEndDateTime,
            Webcast_Speaker_Detail.SpkName,Webcast_Speaker_Detail.SpkDesignation,Webcast_Speaker_Detail.Bio1,Webcast_Speaker_Detail.Bio2,
            Webcast_Speaker_Detail.Bio3
            FROM Webcast_Mst Inner Join Webcast_Speaker_Detail on Webcast_Mst.WcCode = Webcast_Speaker_Detail.fk_mid 
            where Webcast_Mst.EventType = @Etype and Webcast_Mst.EventStatus = @y
            and Webcast_Speaker_Detail.Status = @y;
[2024-04-04T13:33:22.316Z] error: Error in /controller/VirtualMeetCont/getMeetingData: Failed to connect to 216.48.176.144:1433 - Could not connect (sequence). SQL query: SELECT Webcast_Mst.Title,Webcast_Mst.WcCode,Webcast_Mst.Name ,Webcast_Mst.Mobile, Webcast_Mst.EventStartDateTime, Webcast_Mst.EventEndDateTime,
      Webcast_Speaker_Detail.SpkName,Webcast_Speaker_Detail.SpkDesignation,Webcast_Speaker_Detail.Bio1,Webcast_Speaker_Detail.Bio2,
      Webcast_Speaker_Detail.Bio3
      FROM Webcast_Mst Inner Join Webcast_Speaker_Detail on Webcast_Mst.WcCode = Webcast_Speaker_Detail.fk_mid 
      where Webcast_Mst.EventType = @Etype and Webcast_Mst.EventStatus = @y
      and Webcast_Speaker_Detail.Status = @y;
[2024-04-04T13:33:22.354Z] error: Error in /controller/virtualMeetCont/getMeetingWithStatus: Failed to connect to 216.48.176.144:1433 - Could not connect (sequence). SQL query: SELECT Webcast_Mst.WcCode, Webcast_Mst.Title, 
      Webcast_Mst.EventStartDateTime, Webcast_Mst.EventEndDateTime,
      Webcast_Mst.CreatedDate,
      Webcast_Webinar_Mst.MeetingId,Webcast_Webinar_Mst.AccountId 
      FROM Webcast_Mst Inner Join Webcast_Webinar_Mst on  
      Webcast_Mst.WcCode = Webcast_Webinar_Mst.fk_mid where
      @formateddate < Webcast_Mst.EventEndDateTime and
      Webcast_Mst.EventType = @Etype and Webcast_Mst.EventStatus = @y and Webcast_Mst.Title LIKE '%' + @searchname + '%' ORDER BY Webcast_Mst.EventStartDateTime
[2024-04-04T13:33:22.410Z] error: Error in /controller/physicalMeetCont/getMeetingWithStatus: Failed to connect to 216.48.176.144:1433 - Could not connect (sequence). SQL query: SELECT WcCode, Title, EventStartDateTime, EventEndDateTime, CreatedDate FROM Webcast_Mst
            where  @formateddate < EventEndDateTime and EventType = @Etype and EventStatus = @y and Title LIKE '%' + @searchname + '%' ORDER BY EventStartDateTime
[2024-04-04T13:33:22.436Z] error: Error in /controller/virtualMeetCont/getMeetingWithStatus: Failed to connect to 216.48.176.144:1433 - Could not connect (sequence). SQL query: SELECT Webcast_Mst.WcCode, Webcast_Mst.Title, 
      Webcast_Mst.EventStartDateTime, Webcast_Mst.EventEndDateTime,
      Webcast_Mst.CreatedDate,
      Webcast_Webinar_Mst.MeetingId,Webcast_Webinar_Mst.AccountId 
      FROM Webcast_Mst Inner Join Webcast_Webinar_Mst on  
      Webcast_Mst.WcCode = Webcast_Webinar_Mst.fk_mid where
      @formateddate < Webcast_Mst.EventEndDateTime and
      Webcast_Mst.EventType = @Etype and Webcast_Mst.EventStatus = @y and Webcast_Mst.Title LIKE '%' + @searchname + '%' ORDER BY Webcast_Mst.EventStartDateTime
[2024-04-04T13:33:22.456Z] error: Error in /controller/physicalMeetCont/getMeetingWithStatus: Failed to connect to 216.48.176.144:1433 - Could not connect (sequence). SQL query: SELECT WcCode, Title, EventStartDateTime, EventEndDateTime, CreatedDate FROM Webcast_Mst
            where  @formateddate < EventEndDateTime and EventType = @Etype and EventStatus = @y and Title LIKE '%' + @searchname + '%' ORDER BY EventStartDateTime
[2024-04-04T13:33:59.959Z] error: Error in /controller/speakerDetlCont/getSpeaker: Failed to connect to 216.48.176.144:1433 - Could not connect (sequence). SQL query: SELECT  Id , SpkName, SpkImage, SpkDesignation,Bio1,Bio2,Bio3 FROM Webcast_Speaker_Detail where fk_mid = @fkmid and Status= @y
[2024-04-04T13:33:59.973Z] error: Error in /controller/posterSelectCont/getPosterById: Failed to connect to 216.48.176.144:1433 - Could not connect (sequence). SQL query: SELECT Webcast_Poster_Mst.client_id, Webcast_Poster_Mst.height, Webcast_Poster_Mst.width, Webcast_Poster_Mapping.fk_mid,
   Webcast_Poster_Mapping.fk_pid, Webcast_Poster_Mapping.poster_name from Webcast_Poster_Mst inner join Webcast_Poster_Mapping on
   Webcast_Poster_Mst.poster_id = Webcast_Poster_Mapping.fk_pid where Webcast_Poster_Mapping.fk_mid = @fkid;
[2024-04-04T13:33:59.981Z] error: Error in /controller/virtualMeetCont/getMessageType: Failed to connect to 216.48.176.144:1433 - Could not connect (sequence). SQL query: SELECT BasicId, Code, Description from Basic_Mst where Status = @y
     and IdentifierCode = @code order by DisplayOrder;
[2024-04-04T13:33:59.988Z] error: Error in /controller/VirtualMeetCont/getMeetingById: Failed to connect to 216.48.176.144:1433 - Could not connect (sequence). SQL query: SELECT Webcast_Mst.WcCode, Webcast_Mst.ClientCode,Webcast_Mst.DeptId,
  Webcast_Mst.WcId, Webcast_Mst.Title, Webcast_Mst.Name, Webcast_Mst.EventDuration, Webcast_Mst.Mobile,
  Webcast_Mst.IsQuestionEnable,Webcast_Mst.IsPollEnable,Webcast_Mst.IsPosterEnable,
  Webcast_Mst.SpeakerCount,
  Webcast_Mst.EventStartDateTime, Webcast_Mst.EventEndDateTime,Webcast_Mst.EventWebType,
  Webcast_Webinar_Mst.MeetingId,Webcast_Webinar_Mst.AccountId,Webcast_Webinar_Mst.RoomUrl,
  Webcast_Webinar_Mst.MessageType, Webcast_Webinar_Mst.Message 
  FROM Webcast_Mst Inner Join Webcast_Webinar_Mst on  Webcast_Mst.WcCode = Webcast_Webinar_Mst.fk_mid where Webcast_Mst.WcCode = @id and Webcast_Mst.EventStatus =@y
[2024-04-04T13:34:00.002Z] error: Error in /controller/formCont/getFormField: Failed to connect to 216.48.176.144:1433 - Could not connect (sequence). SQL query: SELECT Field_Mst.FieldCode, Field_Mst.FieldName, Field_Mst.FieldType, Field_Mst.FieldInfo, Field_Mst.FieldMandatory,
    Client_Field_Mapping.ClientCode,Client_Field_Mapping.DisplayOrder From Field_Mst Inner Join Client_Field_Mapping on Field_Mst.FieldCode = Client_Field_Mapping.FieldCode 
    where Client_Field_Mapping.ClientCode = @clcode And Field_Mst.FieldMandatory = @m  And Client_Field_Mapping.Status = @y
    Order By Client_Field_Mapping.DisplayOrder;
[2024-04-04T13:34:00.011Z] error: Error in /controller/posterSelectCont/getPosterPresent: Failed to connect to 216.48.176.144:1433 - Could not connect (sequence). SQL query: select DISTINCT Spk_count from Webcast_poster_mst where dept_id = @deptId and Status = 'Y' ORDER BY Spk_Count
[2024-04-04T13:34:00.023Z] error: Error in /controller/formCont/getHostById: Failed to connect to 216.48.176.144:1433 - Could not connect (sequence). SQL query: select wcmid, wc_code, username, password from webcast_host_login where wc_code = @fkmid and Status =@y
[2024-04-04T13:34:00.035Z] error: Error in /controller/formCont/getFormField: Failed to connect to 216.48.176.144:1433 - Could not connect (sequence). SQL query: SELECT Field_Mst.FieldCode, Field_Mst.FieldName, Field_Mst.FieldType, Field_Mst.FieldInfo, Field_Mst.FieldMandatory,
    Client_Field_Mapping.ClientCode,Client_Field_Mapping.DisplayOrder From Field_Mst Inner Join Client_Field_Mapping on Field_Mst.FieldCode = Client_Field_Mapping.FieldCode 
    where Client_Field_Mapping.ClientCode = @clcode And Field_Mst.FieldMandatory = @m  And Client_Field_Mapping.Status = @y
    Order By Client_Field_Mapping.DisplayOrder;
[2024-04-04T13:34:00.058Z] error: Error in /controller/formCont/getFormFieldOptional: Failed to connect to 216.48.176.144:1433 - Could not connect (sequence). SQL query: SELECT Field_Mst.FieldCode, Field_Mst.FieldName, Field_Mst.FieldType, Field_Mst.FieldInfo, Field_Mst.FieldMandatory,
    Client_Field_Mapping.ClientCode ,Client_Field_Mapping.DisplayOrder From Field_Mst Inner Join Client_Field_Mapping on Field_Mst.FieldCode = Client_Field_Mapping.FieldCode 
    where Client_Field_Mapping.ClientCode = @clcode And Field_Mst.FieldMandatory = @o  And Client_Field_Mapping.Status = @y
    Order By Client_Field_Mapping.DisplayOrder;
[2024-04-04T13:34:00.101Z] error: Error in /controller/posterSelectCont/getPoster: Failed to connect to 216.48.176.144:1433 - Could not connect (sequence). SQL query: select poster_id, poster_name from Webcast_poster_mst where client_id = @clientId and dept_id = @deptId and Spk_Count = @spkCount
[2024-04-04T13:34:00.181Z] error: Error in /controller/posterSelectCont/getPosterPresent: Failed to connect to 216.48.176.144:1433 - Could not connect (sequence). SQL query: select DISTINCT Spk_count from Webcast_poster_mst where dept_id = @deptId and Status = 'Y' ORDER BY Spk_Count
[2024-04-04T13:34:00.235Z] error: Error in /controller/formCont/getHostById: Failed to connect to 216.48.176.144:1433 - Could not connect (sequence). SQL query: select wcmid, wc_code, username, password from webcast_host_login where wc_code = @fkmid and Status =@y
[2024-04-04T13:34:00.368Z] error: Error in /controller/formCont/getFormFieldOptional: Failed to connect to 216.48.176.144:1433 - Could not connect (sequence). SQL query: SELECT Field_Mst.FieldCode, Field_Mst.FieldName, Field_Mst.FieldType, Field_Mst.FieldInfo, Field_Mst.FieldMandatory,
    Client_Field_Mapping.ClientCode ,Client_Field_Mapping.DisplayOrder From Field_Mst Inner Join Client_Field_Mapping on Field_Mst.FieldCode = Client_Field_Mapping.FieldCode 
    where Client_Field_Mapping.ClientCode = @clcode And Field_Mst.FieldMandatory = @o  And Client_Field_Mapping.Status = @y
    Order By Client_Field_Mapping.DisplayOrder;
[2024-04-04T13:34:00.480Z] error: Error in /controller/posterSelectCont/getPoster: Failed to connect to 216.48.176.144:1433 - Could not connect (sequence). SQL query: select poster_id, poster_name from Webcast_poster_mst where client_id = @clientId and dept_id = @deptId and Spk_Count = @spkCount
[2024-04-04T13:34:00.658Z] error: Error in /controller/posterSelectCont/getPosterById: Failed to connect to 216.48.176.144:1433 - Could not connect (sequence). SQL query: SELECT Webcast_Poster_Mst.client_id, Webcast_Poster_Mst.height, Webcast_Poster_Mst.width, Webcast_Poster_Mapping.fk_mid,
   Webcast_Poster_Mapping.fk_pid, Webcast_Poster_Mapping.poster_name from Webcast_Poster_Mst inner join Webcast_Poster_Mapping on
   Webcast_Poster_Mst.poster_id = Webcast_Poster_Mapping.fk_pid where Webcast_Poster_Mapping.fk_mid = @fkid;
[2024-04-04T13:34:00.702Z] error: Error in /controller/virtualMeetCont/getMessageType: Failed to connect to 216.48.176.144:1433 - Could not connect (sequence). SQL query: SELECT BasicId, Code, Description from Basic_Mst where Status = @y
     and IdentifierCode = @code order by DisplayOrder;
[2024-04-04T13:34:00.720Z] error: Error in /controller/speakerDetlCont/getSpeaker: Failed to connect to 216.48.176.144:1433 - Could not connect (sequence). SQL query: SELECT  Id , SpkName, SpkImage, SpkDesignation,Bio1,Bio2,Bio3 FROM Webcast_Speaker_Detail where fk_mid = @fkmid and Status= @y
[2024-04-04T13:34:00.731Z] error: Error in /controller/VirtualMeetCont/getMeetingById: Failed to connect to 216.48.176.144:1433 - Could not connect (sequence). SQL query: SELECT Webcast_Mst.WcCode, Webcast_Mst.ClientCode,Webcast_Mst.DeptId,
  Webcast_Mst.WcId, Webcast_Mst.Title, Webcast_Mst.Name, Webcast_Mst.EventDuration, Webcast_Mst.Mobile,
  Webcast_Mst.IsQuestionEnable,Webcast_Mst.IsPollEnable,Webcast_Mst.IsPosterEnable,
  Webcast_Mst.SpeakerCount,
  Webcast_Mst.EventStartDateTime, Webcast_Mst.EventEndDateTime,Webcast_Mst.EventWebType,
  Webcast_Webinar_Mst.MeetingId,Webcast_Webinar_Mst.AccountId,Webcast_Webinar_Mst.RoomUrl,
  Webcast_Webinar_Mst.MessageType, Webcast_Webinar_Mst.Message 
  FROM Webcast_Mst Inner Join Webcast_Webinar_Mst on  Webcast_Mst.WcCode = Webcast_Webinar_Mst.fk_mid where Webcast_Mst.WcCode = @id and Webcast_Mst.EventStatus =@y
[2024-04-04T13:34:06.461Z] error: Error in /controller/virtualMeetCont/getTotalMeeting: Failed to connect to 216.48.176.144:1433 - Could not connect (sequence). SQL query: select COALESCE(COUNT(*), 0) as totalMeeting from Webcast_Mst where eventType = @event and EventStatus = @y
[2024-04-04T13:34:06.476Z] error: Error in /controller/physicalMeetCont/getTotalMeeting: Failed to connect to 216.48.176.144:1433 - Could not connect (sequence). SQL query: select COALESCE(COUNT(*), 0) as totalMeeting from Webcast_Mst where eventType = @event and EventStatus = @y
[2024-04-04T13:34:06.510Z] error: Error in /controller/physicalMeetCont/getMeetingData: Failed to connect to 216.48.176.144:1433 - Could not connect (sequence). SQL query: SELECT Webcast_Mst.Title, Webcast_Mst.WcCode,Webcast_Mst.Name ,Webcast_Mst.Mobile, Webcast_Mst.EventLocation, Webcast_Mst.EventStartDateTime, Webcast_Mst.EventEndDateTime,
            Webcast_Speaker_Detail.SpkName,Webcast_Speaker_Detail.SpkDesignation,Webcast_Speaker_Detail.Bio1,Webcast_Speaker_Detail.Bio2,
            Webcast_Speaker_Detail.Bio3
            FROM Webcast_Mst Inner Join Webcast_Speaker_Detail on Webcast_Mst.WcCode = Webcast_Speaker_Detail.fk_mid 
            where Webcast_Mst.EventType = @Etype and Webcast_Mst.EventStatus = @y
            and Webcast_Speaker_Detail.Status = @y;
[2024-04-04T13:34:06.552Z] error: Error in /controller/physicalMeetCont/getTotalUpcomingMeeting: Failed to connect to 216.48.176.144:1433 - Could not connect (sequence). SQL query: select COALESCE(COUNT(*), 0) as totalUpcomingMeeting from Webcast_Mst where @formateddate < EventEndDateTime and eventType = @event and EventStatus = @y
[2024-04-04T13:34:06.577Z] error: Error in /controller/physicalMeetCont/getTotalMeeting: Failed to connect to 216.48.176.144:1433 - Could not connect (sequence). SQL query: select COALESCE(COUNT(*), 0) as totalMeeting from Webcast_Mst where eventType = @event and EventStatus = @y
[2024-04-04T13:34:06.591Z] error: Error in /controller/virtualMeetCont/getTotalMeeting: Failed to connect to 216.48.176.144:1433 - Could not connect (sequence). SQL query: select COALESCE(COUNT(*), 0) as totalMeeting from Webcast_Mst where eventType = @event and EventStatus = @y
[2024-04-04T13:34:06.655Z] error: Error in /controller/virtualMeetCont/getTotalUpcomingMeeting: Failed to connect to 216.48.176.144:1433 - Could not connect (sequence). SQL query: select COALESCE(COUNT(*), 0) as totalUpcomingMeeting from Webcast_Mst where @formateddate < EventEndDateTime and eventType = @event and EventStatus = @y
[2024-04-04T13:34:06.697Z] error: Error in /controller/physicalMeetCont/getTotalUpcomingMeeting: Failed to connect to 216.48.176.144:1433 - Could not connect (sequence). SQL query: select COALESCE(COUNT(*), 0) as totalUpcomingMeeting from Webcast_Mst where @formateddate < EventEndDateTime and eventType = @event and EventStatus = @y
[2024-04-04T13:34:06.710Z] error: Error in /controller/physicalMeetCont/getTotalCompletedMeeting: Failed to connect to 216.48.176.144:1433 - Could not connect (sequence). SQL query: select COALESCE(COUNT(*), 0) as totalCompletedMeeting from Webcast_Mst where @formateddate > EventEndDateTime and eventType = @event and EventStatus = @y
[2024-04-04T13:34:06.721Z] error: Error in /controller/virtualMeetCont/getTotalUpcomingMeeting: Failed to connect to 216.48.176.144:1433 - Could not connect (sequence). SQL query: select COALESCE(COUNT(*), 0) as totalUpcomingMeeting from Webcast_Mst where @formateddate < EventEndDateTime and eventType = @event and EventStatus = @y
[2024-04-04T13:34:06.736Z] error: Error in /controller/virtualMeetCont/getTotalCompletedMeeting: Failed to connect to 216.48.176.144:1433 - Could not connect (sequence). SQL query: select COALESCE(COUNT(*), 0) as totalCompletedMeeting from Webcast_Mst where @formateddate > EventEndDateTime and eventType = @event and EventStatus = @y
[2024-04-04T13:34:06.741Z] error: Error in /controller/physicalMeetCont/getTotalCompletedMeeting: Failed to connect to 216.48.176.144:1433 - Could not connect (sequence). SQL query: select COALESCE(COUNT(*), 0) as totalCompletedMeeting from Webcast_Mst where @formateddate > EventEndDateTime and eventType = @event and EventStatus = @y
[2024-04-04T13:34:06.772Z] error: Error in /controller/virtualMeetCont/getTotalCompletedMeeting: Failed to connect to 216.48.176.144:1433 - Could not connect (sequence). SQL query: select COALESCE(COUNT(*), 0) as totalCompletedMeeting from Webcast_Mst where @formateddate > EventEndDateTime and eventType = @event and EventStatus = @y
[2024-04-04T13:34:06.777Z] error: Error in /controller/physicalMeetCont/getMeetingData: Failed to connect to 216.48.176.144:1433 - Could not connect (sequence). SQL query: SELECT Webcast_Mst.Title, Webcast_Mst.WcCode,Webcast_Mst.Name ,Webcast_Mst.Mobile, Webcast_Mst.EventLocation, Webcast_Mst.EventStartDateTime, Webcast_Mst.EventEndDateTime,
            Webcast_Speaker_Detail.SpkName,Webcast_Speaker_Detail.SpkDesignation,Webcast_Speaker_Detail.Bio1,Webcast_Speaker_Detail.Bio2,
            Webcast_Speaker_Detail.Bio3
            FROM Webcast_Mst Inner Join Webcast_Speaker_Detail on Webcast_Mst.WcCode = Webcast_Speaker_Detail.fk_mid 
            where Webcast_Mst.EventType = @Etype and Webcast_Mst.EventStatus = @y
            and Webcast_Speaker_Detail.Status = @y;
[2024-04-04T13:34:06.900Z] error: Error in /controller/VirtualMeetCont/getMeetingData: Failed to connect to 216.48.176.144:1433 - Could not connect (sequence). SQL query: SELECT Webcast_Mst.Title,Webcast_Mst.WcCode,Webcast_Mst.Name ,Webcast_Mst.Mobile, Webcast_Mst.EventStartDateTime, Webcast_Mst.EventEndDateTime,
      Webcast_Speaker_Detail.SpkName,Webcast_Speaker_Detail.SpkDesignation,Webcast_Speaker_Detail.Bio1,Webcast_Speaker_Detail.Bio2,
      Webcast_Speaker_Detail.Bio3
      FROM Webcast_Mst Inner Join Webcast_Speaker_Detail on Webcast_Mst.WcCode = Webcast_Speaker_Detail.fk_mid 
      where Webcast_Mst.EventType = @Etype and Webcast_Mst.EventStatus = @y
      and Webcast_Speaker_Detail.Status = @y;
[2024-04-04T13:34:06.907Z] error: Error in /controller/virtualMeetCont/getMeetingWithStatus: Failed to connect to 216.48.176.144:1433 - Could not connect (sequence). SQL query: SELECT Webcast_Mst.WcCode, Webcast_Mst.Title, 
      Webcast_Mst.EventStartDateTime, Webcast_Mst.EventEndDateTime,
      Webcast_Mst.CreatedDate,
      Webcast_Webinar_Mst.MeetingId,Webcast_Webinar_Mst.AccountId 
      FROM Webcast_Mst Inner Join Webcast_Webinar_Mst on  
      Webcast_Mst.WcCode = Webcast_Webinar_Mst.fk_mid where
      @formateddate < Webcast_Mst.EventEndDateTime and
      Webcast_Mst.EventType = @Etype and Webcast_Mst.EventStatus = @y and Webcast_Mst.Title LIKE '%' + @searchname + '%' ORDER BY Webcast_Mst.EventStartDateTime
[2024-04-04T13:34:06.921Z] error: Error in /controller/physicalMeetCont/getMeetingWithStatus: Failed to connect to 216.48.176.144:1433 - Could not connect (sequence). SQL query: SELECT WcCode, Title, EventStartDateTime, EventEndDateTime, CreatedDate FROM Webcast_Mst
            where  @formateddate < EventEndDateTime and EventType = @Etype and EventStatus = @y and Title LIKE '%' + @searchname + '%' ORDER BY EventStartDateTime
[2024-04-04T13:34:06.926Z] error: Error in /controller/physicalMeetCont/getMeetingWithStatus: Failed to connect to 216.48.176.144:1433 - Could not connect (sequence). SQL query: SELECT WcCode, Title, EventStartDateTime, EventEndDateTime, CreatedDate FROM Webcast_Mst
            where  @formateddate < EventEndDateTime and EventType = @Etype and EventStatus = @y and Title LIKE '%' + @searchname + '%' ORDER BY EventStartDateTime
[2024-04-04T13:34:06.955Z] error: Error in /controller/VirtualMeetCont/getMeetingData: Failed to connect to 216.48.176.144:1433 - Could not connect (sequence). SQL query: SELECT Webcast_Mst.Title,Webcast_Mst.WcCode,Webcast_Mst.Name ,Webcast_Mst.Mobile, Webcast_Mst.EventStartDateTime, Webcast_Mst.EventEndDateTime,
      Webcast_Speaker_Detail.SpkName,Webcast_Speaker_Detail.SpkDesignation,Webcast_Speaker_Detail.Bio1,Webcast_Speaker_Detail.Bio2,
      Webcast_Speaker_Detail.Bio3
      FROM Webcast_Mst Inner Join Webcast_Speaker_Detail on Webcast_Mst.WcCode = Webcast_Speaker_Detail.fk_mid 
      where Webcast_Mst.EventType = @Etype and Webcast_Mst.EventStatus = @y
      and Webcast_Speaker_Detail.Status = @y;
[2024-04-04T13:34:06.970Z] error: Error in /controller/virtualMeetCont/getMeetingWithStatus: Failed to connect to 216.48.176.144:1433 - Could not connect (sequence). SQL query: SELECT Webcast_Mst.WcCode, Webcast_Mst.Title, 
      Webcast_Mst.EventStartDateTime, Webcast_Mst.EventEndDateTime,
      Webcast_Mst.CreatedDate,
      Webcast_Webinar_Mst.MeetingId,Webcast_Webinar_Mst.AccountId 
      FROM Webcast_Mst Inner Join Webcast_Webinar_Mst on  
      Webcast_Mst.WcCode = Webcast_Webinar_Mst.fk_mid where
      @formateddate < Webcast_Mst.EventEndDateTime and
      Webcast_Mst.EventType = @Etype and Webcast_Mst.EventStatus = @y and Webcast_Mst.Title LIKE '%' + @searchname + '%' ORDER BY Webcast_Mst.EventStartDateTime
[2024-04-04T13:34:07.497Z] error: Error in /controller/virtualMeetCont/getMeetingWithStatus: Failed to connect to 216.48.176.144:1433 - Could not connect (sequence). SQL query: SELECT Webcast_Mst.WcCode, Webcast_Mst.Title, 
      Webcast_Mst.EventStartDateTime, Webcast_Mst.EventEndDateTime,
      Webcast_Mst.CreatedDate,
      Webcast_Webinar_Mst.MeetingId,Webcast_Webinar_Mst.AccountId 
      FROM Webcast_Mst Inner Join Webcast_Webinar_Mst on  
      Webcast_Mst.WcCode = Webcast_Webinar_Mst.fk_mid where
      @formateddate < Webcast_Mst.EventEndDateTime and
      Webcast_Mst.EventType = @Etype and Webcast_Mst.EventStatus = @y and Webcast_Mst.Title LIKE '%' + @searchname + '%' ORDER BY Webcast_Mst.EventStartDateTime
[2024-04-04T13:34:07.504Z] error: Error in /controller/physicalMeetCont/getMeetingWithStatus: Failed to connect to 216.48.176.144:1433 - Could not connect (sequence). SQL query: SELECT WcCode, Title, EventStartDateTime, EventEndDateTime, CreatedDate FROM Webcast_Mst
            where  @formateddate < EventEndDateTime and EventType = @Etype and EventStatus = @y and Title LIKE '%' + @searchname + '%' ORDER BY EventStartDateTime
[2024-04-04T14:20:30.118Z] error: Error in /controller/physicalMeetCont/getTotalMeeting: Failed to connect to 216.48.176.144:1433 - Could not connect (sequence). SQL query: select COALESCE(COUNT(*), 0) as totalMeeting from Webcast_Mst where eventType = @event and EventStatus = @y
[2024-04-04T14:20:30.173Z] error: Error in /controller/virtualMeetCont/getTotalMeeting: Failed to connect to 216.48.176.144:1433 - Could not connect (sequence). SQL query: select COALESCE(COUNT(*), 0) as totalMeeting from Webcast_Mst where eventType = @event and EventStatus = @y
[2024-04-04T14:20:30.179Z] error: Error in /controller/virtualMeetCont/getTotalUpcomingMeeting: Failed to connect to 216.48.176.144:1433 - Could not connect (sequence). SQL query: select COALESCE(COUNT(*), 0) as totalUpcomingMeeting from Webcast_Mst where @formateddate < EventEndDateTime and eventType = @event and EventStatus = @y
[2024-04-04T14:20:30.199Z] error: Error in /controller/physicalMeetCont/getTotalUpcomingMeeting: Failed to connect to 216.48.176.144:1433 - Could not connect (sequence). SQL query: select COALESCE(COUNT(*), 0) as totalUpcomingMeeting from Webcast_Mst where @formateddate < EventEndDateTime and eventType = @event and EventStatus = @y
[2024-04-04T14:20:30.207Z] error: Error in /controller/physicalMeetCont/getTotalCompletedMeeting: Failed to connect to 216.48.176.144:1433 - Could not connect (sequence). SQL query: select COALESCE(COUNT(*), 0) as totalCompletedMeeting from Webcast_Mst where @formateddate > EventEndDateTime and eventType = @event and EventStatus = @y
[2024-04-04T14:20:30.228Z] error: Error in /controller/virtualMeetCont/getTotalCompletedMeeting: Failed to connect to 216.48.176.144:1433 - Could not connect (sequence). SQL query: select COALESCE(COUNT(*), 0) as totalCompletedMeeting from Webcast_Mst where @formateddate > EventEndDateTime and eventType = @event and EventStatus = @y
[2024-04-04T14:20:30.261Z] error: Error in /controller/physicalMeetCont/getTotalMeeting: Failed to connect to 216.48.176.144:1433 - Could not connect (sequence). SQL query: select COALESCE(COUNT(*), 0) as totalMeeting from Webcast_Mst where eventType = @event and EventStatus = @y
[2024-04-04T14:20:30.272Z] error: Error in /controller/virtualMeetCont/getTotalMeeting: Failed to connect to 216.48.176.144:1433 - Could not connect (sequence). SQL query: select COALESCE(COUNT(*), 0) as totalMeeting from Webcast_Mst where eventType = @event and EventStatus = @y
[2024-04-04T14:20:30.279Z] error: Error in /controller/physicalMeetCont/getTotalUpcomingMeeting: Failed to connect to 216.48.176.144:1433 - Could not connect (sequence). SQL query: select COALESCE(COUNT(*), 0) as totalUpcomingMeeting from Webcast_Mst where @formateddate < EventEndDateTime and eventType = @event and EventStatus = @y
[2024-04-04T14:20:30.361Z] error: Error in /controller/virtualMeetCont/getTotalUpcomingMeeting: Failed to connect to 216.48.176.144:1433 - Could not connect (sequence). SQL query: select COALESCE(COUNT(*), 0) as totalUpcomingMeeting from Webcast_Mst where @formateddate < EventEndDateTime and eventType = @event and EventStatus = @y
[2024-04-04T14:20:30.366Z] error: Error in /controller/physicalMeetCont/getTotalCompletedMeeting: Failed to connect to 216.48.176.144:1433 - Could not connect (sequence). SQL query: select COALESCE(COUNT(*), 0) as totalCompletedMeeting from Webcast_Mst where @formateddate > EventEndDateTime and eventType = @event and EventStatus = @y
[2024-04-04T14:20:30.392Z] error: Error in /controller/virtualMeetCont/getTotalCompletedMeeting: Failed to connect to 216.48.176.144:1433 - Could not connect (sequence). SQL query: select COALESCE(COUNT(*), 0) as totalCompletedMeeting from Webcast_Mst where @formateddate > EventEndDateTime and eventType = @event and EventStatus = @y
[2024-04-04T14:20:30.414Z] error: Error in /controller/physicalMeetCont/getMeetingData: Failed to connect to 216.48.176.144:1433 - Could not connect (sequence). SQL query: SELECT Webcast_Mst.Title, Webcast_Mst.WcCode,Webcast_Mst.Name ,Webcast_Mst.Mobile, Webcast_Mst.EventLocation, Webcast_Mst.EventStartDateTime, Webcast_Mst.EventEndDateTime,
            Webcast_Speaker_Detail.SpkName,Webcast_Speaker_Detail.SpkDesignation,Webcast_Speaker_Detail.Bio1,Webcast_Speaker_Detail.Bio2,
            Webcast_Speaker_Detail.Bio3
            FROM Webcast_Mst Inner Join Webcast_Speaker_Detail on Webcast_Mst.WcCode = Webcast_Speaker_Detail.fk_mid 
            where Webcast_Mst.EventType = @Etype and Webcast_Mst.EventStatus = @y
            and Webcast_Speaker_Detail.Status = @y;
[2024-04-04T14:20:30.434Z] error: Error in /controller/VirtualMeetCont/getMeetingData: Failed to connect to 216.48.176.144:1433 - Could not connect (sequence). SQL query: SELECT Webcast_Mst.Title,Webcast_Mst.WcCode,Webcast_Mst.Name ,Webcast_Mst.Mobile, Webcast_Mst.EventStartDateTime, Webcast_Mst.EventEndDateTime,
      Webcast_Speaker_Detail.SpkName,Webcast_Speaker_Detail.SpkDesignation,Webcast_Speaker_Detail.Bio1,Webcast_Speaker_Detail.Bio2,
      Webcast_Speaker_Detail.Bio3
      FROM Webcast_Mst Inner Join Webcast_Speaker_Detail on Webcast_Mst.WcCode = Webcast_Speaker_Detail.fk_mid 
      where Webcast_Mst.EventType = @Etype and Webcast_Mst.EventStatus = @y
      and Webcast_Speaker_Detail.Status = @y;
[2024-04-04T14:20:30.449Z] error: Error in /controller/virtualMeetCont/getMeetingWithStatus: Failed to connect to 216.48.176.144:1433 - Could not connect (sequence). SQL query: SELECT Webcast_Mst.WcCode, Webcast_Mst.Title, 
      Webcast_Mst.EventStartDateTime, Webcast_Mst.EventEndDateTime,
      Webcast_Mst.CreatedDate,
      Webcast_Webinar_Mst.MeetingId,Webcast_Webinar_Mst.AccountId 
      FROM Webcast_Mst Inner Join Webcast_Webinar_Mst on  
      Webcast_Mst.WcCode = Webcast_Webinar_Mst.fk_mid where
      @formateddate < Webcast_Mst.EventEndDateTime and
      Webcast_Mst.EventType = @Etype and Webcast_Mst.EventStatus = @y and Webcast_Mst.Title LIKE '%' + @searchname + '%' ORDER BY Webcast_Mst.EventStartDateTime
[2024-04-04T14:20:30.460Z] error: Error in /controller/physicalMeetCont/getMeetingWithStatus: Failed to connect to 216.48.176.144:1433 - Could not connect (sequence). SQL query: SELECT WcCode, Title, EventStartDateTime, EventEndDateTime, CreatedDate FROM Webcast_Mst
            where  @formateddate < EventEndDateTime and EventType = @Etype and EventStatus = @y and Title LIKE '%' + @searchname + '%' ORDER BY EventStartDateTime
[2024-04-04T14:20:30.468Z] error: Error in /controller/physicalMeetCont/getMeetingData: Failed to connect to 216.48.176.144:1433 - Could not connect (sequence). SQL query: SELECT Webcast_Mst.Title, Webcast_Mst.WcCode,Webcast_Mst.Name ,Webcast_Mst.Mobile, Webcast_Mst.EventLocation, Webcast_Mst.EventStartDateTime, Webcast_Mst.EventEndDateTime,
            Webcast_Speaker_Detail.SpkName,Webcast_Speaker_Detail.SpkDesignation,Webcast_Speaker_Detail.Bio1,Webcast_Speaker_Detail.Bio2,
            Webcast_Speaker_Detail.Bio3
            FROM Webcast_Mst Inner Join Webcast_Speaker_Detail on Webcast_Mst.WcCode = Webcast_Speaker_Detail.fk_mid 
            where Webcast_Mst.EventType = @Etype and Webcast_Mst.EventStatus = @y
            and Webcast_Speaker_Detail.Status = @y;
[2024-04-04T14:20:30.498Z] error: Error in /controller/VirtualMeetCont/getMeetingData: Failed to connect to 216.48.176.144:1433 - Could not connect (sequence). SQL query: SELECT Webcast_Mst.Title,Webcast_Mst.WcCode,Webcast_Mst.Name ,Webcast_Mst.Mobile, Webcast_Mst.EventStartDateTime, Webcast_Mst.EventEndDateTime,
      Webcast_Speaker_Detail.SpkName,Webcast_Speaker_Detail.SpkDesignation,Webcast_Speaker_Detail.Bio1,Webcast_Speaker_Detail.Bio2,
      Webcast_Speaker_Detail.Bio3
      FROM Webcast_Mst Inner Join Webcast_Speaker_Detail on Webcast_Mst.WcCode = Webcast_Speaker_Detail.fk_mid 
      where Webcast_Mst.EventType = @Etype and Webcast_Mst.EventStatus = @y
      and Webcast_Speaker_Detail.Status = @y;
[2024-04-04T14:20:30.511Z] error: Error in /controller/virtualMeetCont/getMeetingWithStatus: Failed to connect to 216.48.176.144:1433 - Could not connect (sequence). SQL query: SELECT Webcast_Mst.WcCode, Webcast_Mst.Title, 
      Webcast_Mst.EventStartDateTime, Webcast_Mst.EventEndDateTime,
      Webcast_Mst.CreatedDate,
      Webcast_Webinar_Mst.MeetingId,Webcast_Webinar_Mst.AccountId 
      FROM Webcast_Mst Inner Join Webcast_Webinar_Mst on  
      Webcast_Mst.WcCode = Webcast_Webinar_Mst.fk_mid where
      @formateddate < Webcast_Mst.EventEndDateTime and
      Webcast_Mst.EventType = @Etype and Webcast_Mst.EventStatus = @y and Webcast_Mst.Title LIKE '%' + @searchname + '%' ORDER BY Webcast_Mst.EventStartDateTime
[2024-04-04T14:20:30.531Z] error: Error in /controller/physicalMeetCont/getMeetingWithStatus: Failed to connect to 216.48.176.144:1433 - Could not connect (sequence). SQL query: SELECT WcCode, Title, EventStartDateTime, EventEndDateTime, CreatedDate FROM Webcast_Mst
            where  @formateddate < EventEndDateTime and EventType = @Etype and EventStatus = @y and Title LIKE '%' + @searchname + '%' ORDER BY EventStartDateTime
[2024-04-04T14:20:31.150Z] error: Error in /controller/virtualMeetCont/getMeetingWithStatus: Failed to connect to 216.48.176.144:1433 - Could not connect (sequence). SQL query: SELECT Webcast_Mst.WcCode, Webcast_Mst.Title, 
      Webcast_Mst.EventStartDateTime, Webcast_Mst.EventEndDateTime,
      Webcast_Mst.CreatedDate,
      Webcast_Webinar_Mst.MeetingId,Webcast_Webinar_Mst.AccountId 
      FROM Webcast_Mst Inner Join Webcast_Webinar_Mst on  
      Webcast_Mst.WcCode = Webcast_Webinar_Mst.fk_mid where
      @formateddate < Webcast_Mst.EventEndDateTime and
      Webcast_Mst.EventType = @Etype and Webcast_Mst.EventStatus = @y and Webcast_Mst.Title LIKE '%' + @searchname + '%' ORDER BY Webcast_Mst.EventStartDateTime
[2024-04-04T14:20:31.168Z] error: Error in /controller/physicalMeetCont/getMeetingWithStatus: Failed to connect to 216.48.176.144:1433 - Could not connect (sequence). SQL query: SELECT WcCode, Title, EventStartDateTime, EventEndDateTime, CreatedDate FROM Webcast_Mst
            where  @formateddate < EventEndDateTime and EventType = @Etype and EventStatus = @y and Title LIKE '%' + @searchname + '%' ORDER BY EventStartDateTime
[2024-04-05T02:35:36.295Z] error: Error in /controller/physicalMeetCont/getTotalMeeting: Failed to connect to 216.48.176.144:1433 - Could not connect (sequence). SQL query: select COALESCE(COUNT(*), 0) as totalMeeting from Webcast_Mst where eventType = @event and EventStatus = @y
[2024-04-05T02:35:36.325Z] error: Error in /controller/physicalMeetCont/getTotalMeeting: Failed to connect to 216.48.176.144:1433 - Could not connect (sequence). SQL query: select COALESCE(COUNT(*), 0) as totalMeeting from Webcast_Mst where eventType = @event and EventStatus = @y
[2024-04-05T02:35:36.361Z] error: Error in /controller/virtualMeetCont/getTotalUpcomingMeeting: Failed to connect to 216.48.176.144:1433 - Could not connect (sequence). SQL query: select COALESCE(COUNT(*), 0) as totalUpcomingMeeting from Webcast_Mst where @formateddate < EventEndDateTime and eventType = @event and EventStatus = @y
[2024-04-05T02:35:36.385Z] error: Error in /controller/virtualMeetCont/getTotalMeeting: Failed to connect to 216.48.176.144:1433 - Could not connect (sequence). SQL query: select COALESCE(COUNT(*), 0) as totalMeeting from Webcast_Mst where eventType = @event and EventStatus = @y
[2024-04-05T02:35:36.395Z] error: Error in /controller/virtualMeetCont/getTotalUpcomingMeeting: Failed to connect to 216.48.176.144:1433 - Could not connect (sequence). SQL query: select COALESCE(COUNT(*), 0) as totalUpcomingMeeting from Webcast_Mst where @formateddate < EventEndDateTime and eventType = @event and EventStatus = @y
[2024-04-05T02:35:36.412Z] error: Error in /controller/physicalMeetCont/getTotalUpcomingMeeting: Failed to connect to 216.48.176.144:1433 - Could not connect (sequence). SQL query: select COALESCE(COUNT(*), 0) as totalUpcomingMeeting from Webcast_Mst where @formateddate < EventEndDateTime and eventType = @event and EventStatus = @y
[2024-04-05T02:35:36.438Z] error: Error in /controller/physicalMeetCont/getTotalCompletedMeeting: Failed to connect to 216.48.176.144:1433 - Could not connect (sequence). SQL query: select COALESCE(COUNT(*), 0) as totalCompletedMeeting from Webcast_Mst where @formateddate > EventEndDateTime and eventType = @event and EventStatus = @y
[2024-04-05T02:35:36.442Z] error: Error in /controller/virtualMeetCont/getTotalCompletedMeeting: Failed to connect to 216.48.176.144:1433 - Could not connect (sequence). SQL query: select COALESCE(COUNT(*), 0) as totalCompletedMeeting from Webcast_Mst where @formateddate > EventEndDateTime and eventType = @event and EventStatus = @y
[2024-04-05T02:35:36.458Z] error: Error in /controller/physicalMeetCont/getMeetingData: Failed to connect to 216.48.176.144:1433 - Could not connect (sequence). SQL query: SELECT Webcast_Mst.Title, Webcast_Mst.WcCode,Webcast_Mst.Name ,Webcast_Mst.Mobile, Webcast_Mst.EventLocation, Webcast_Mst.EventStartDateTime, Webcast_Mst.EventEndDateTime,
            Webcast_Speaker_Detail.SpkName,Webcast_Speaker_Detail.SpkDesignation,Webcast_Speaker_Detail.Bio1,Webcast_Speaker_Detail.Bio2,
            Webcast_Speaker_Detail.Bio3
            FROM Webcast_Mst Inner Join Webcast_Speaker_Detail on Webcast_Mst.WcCode = Webcast_Speaker_Detail.fk_mid 
            where Webcast_Mst.EventType = @Etype and Webcast_Mst.EventStatus = @y
            and Webcast_Speaker_Detail.Status = @y;
[2024-04-05T02:35:36.477Z] error: Error in /controller/VirtualMeetCont/getMeetingData: Failed to connect to 216.48.176.144:1433 - Could not connect (sequence). SQL query: SELECT Webcast_Mst.Title,Webcast_Mst.WcCode,Webcast_Mst.Name ,Webcast_Mst.Mobile, Webcast_Mst.EventStartDateTime, Webcast_Mst.EventEndDateTime,
      Webcast_Speaker_Detail.SpkName,Webcast_Speaker_Detail.SpkDesignation,Webcast_Speaker_Detail.Bio1,Webcast_Speaker_Detail.Bio2,
      Webcast_Speaker_Detail.Bio3
      FROM Webcast_Mst Inner Join Webcast_Speaker_Detail on Webcast_Mst.WcCode = Webcast_Speaker_Detail.fk_mid 
      where Webcast_Mst.EventType = @Etype and Webcast_Mst.EventStatus = @y
      and Webcast_Speaker_Detail.Status = @y;
[2024-04-05T02:35:36.494Z] error: Error in /controller/virtualMeetCont/getMeetingWithStatus: Failed to connect to 216.48.176.144:1433 - Could not connect (sequence). SQL query: SELECT Webcast_Mst.WcCode, Webcast_Mst.Title, 
      Webcast_Mst.EventStartDateTime, Webcast_Mst.EventEndDateTime,
      Webcast_Mst.CreatedDate,
      Webcast_Webinar_Mst.MeetingId,Webcast_Webinar_Mst.AccountId 
      FROM Webcast_Mst Inner Join Webcast_Webinar_Mst on  
      Webcast_Mst.WcCode = Webcast_Webinar_Mst.fk_mid where
      @formateddate < Webcast_Mst.EventEndDateTime and
      Webcast_Mst.EventType = @Etype and Webcast_Mst.EventStatus = @y and Webcast_Mst.Title LIKE '%' + @searchname + '%' ORDER BY Webcast_Mst.EventStartDateTime
[2024-04-05T02:35:36.509Z] error: Error in /controller/physicalMeetCont/getMeetingWithStatus: Failed to connect to 216.48.176.144:1433 - Could not connect (sequence). SQL query: SELECT WcCode, Title, EventStartDateTime, EventEndDateTime, CreatedDate FROM Webcast_Mst
            where  @formateddate < EventEndDateTime and EventType = @Etype and EventStatus = @y and Title LIKE '%' + @searchname + '%' ORDER BY EventStartDateTime
[2024-04-05T02:35:36.540Z] error: Error in /controller/virtualMeetCont/getTotalMeeting: Failed to connect to 216.48.176.144:1433 - Could not connect (sequence). SQL query: select COALESCE(COUNT(*), 0) as totalMeeting from Webcast_Mst where eventType = @event and EventStatus = @y
[2024-04-05T02:35:36.577Z] error: Error in /controller/physicalMeetCont/getTotalUpcomingMeeting: Failed to connect to 216.48.176.144:1433 - Could not connect (sequence). SQL query: select COALESCE(COUNT(*), 0) as totalUpcomingMeeting from Webcast_Mst where @formateddate < EventEndDateTime and eventType = @event and EventStatus = @y
[2024-04-05T02:35:36.606Z] error: Error in /controller/physicalMeetCont/getTotalCompletedMeeting: Failed to connect to 216.48.176.144:1433 - Could not connect (sequence). SQL query: select COALESCE(COUNT(*), 0) as totalCompletedMeeting from Webcast_Mst where @formateddate > EventEndDateTime and eventType = @event and EventStatus = @y
[2024-04-05T02:35:36.619Z] error: Error in /controller/virtualMeetCont/getTotalCompletedMeeting: Failed to connect to 216.48.176.144:1433 - Could not connect (sequence). SQL query: select COALESCE(COUNT(*), 0) as totalCompletedMeeting from Webcast_Mst where @formateddate > EventEndDateTime and eventType = @event and EventStatus = @y
[2024-04-05T02:35:36.667Z] error: Error in /controller/physicalMeetCont/getMeetingData: Failed to connect to 216.48.176.144:1433 - Could not connect (sequence). SQL query: SELECT Webcast_Mst.Title, Webcast_Mst.WcCode,Webcast_Mst.Name ,Webcast_Mst.Mobile, Webcast_Mst.EventLocation, Webcast_Mst.EventStartDateTime, Webcast_Mst.EventEndDateTime,
            Webcast_Speaker_Detail.SpkName,Webcast_Speaker_Detail.SpkDesignation,Webcast_Speaker_Detail.Bio1,Webcast_Speaker_Detail.Bio2,
            Webcast_Speaker_Detail.Bio3
            FROM Webcast_Mst Inner Join Webcast_Speaker_Detail on Webcast_Mst.WcCode = Webcast_Speaker_Detail.fk_mid 
            where Webcast_Mst.EventType = @Etype and Webcast_Mst.EventStatus = @y
            and Webcast_Speaker_Detail.Status = @y;
[2024-04-05T02:35:36.677Z] error: Error in /controller/VirtualMeetCont/getMeetingData: Failed to connect to 216.48.176.144:1433 - Could not connect (sequence). SQL query: SELECT Webcast_Mst.Title,Webcast_Mst.WcCode,Webcast_Mst.Name ,Webcast_Mst.Mobile, Webcast_Mst.EventStartDateTime, Webcast_Mst.EventEndDateTime,
      Webcast_Speaker_Detail.SpkName,Webcast_Speaker_Detail.SpkDesignation,Webcast_Speaker_Detail.Bio1,Webcast_Speaker_Detail.Bio2,
      Webcast_Speaker_Detail.Bio3
      FROM Webcast_Mst Inner Join Webcast_Speaker_Detail on Webcast_Mst.WcCode = Webcast_Speaker_Detail.fk_mid 
      where Webcast_Mst.EventType = @Etype and Webcast_Mst.EventStatus = @y
      and Webcast_Speaker_Detail.Status = @y;
[2024-04-05T02:35:36.687Z] error: Error in /controller/virtualMeetCont/getMeetingWithStatus: Failed to connect to 216.48.176.144:1433 - Could not connect (sequence). SQL query: SELECT Webcast_Mst.WcCode, Webcast_Mst.Title, 
      Webcast_Mst.EventStartDateTime, Webcast_Mst.EventEndDateTime,
      Webcast_Mst.CreatedDate,
      Webcast_Webinar_Mst.MeetingId,Webcast_Webinar_Mst.AccountId 
      FROM Webcast_Mst Inner Join Webcast_Webinar_Mst on  
      Webcast_Mst.WcCode = Webcast_Webinar_Mst.fk_mid where
      @formateddate < Webcast_Mst.EventEndDateTime and
      Webcast_Mst.EventType = @Etype and Webcast_Mst.EventStatus = @y and Webcast_Mst.Title LIKE '%' + @searchname + '%' ORDER BY Webcast_Mst.EventStartDateTime
[2024-04-05T02:35:36.692Z] error: Error in /controller/physicalMeetCont/getMeetingWithStatus: Failed to connect to 216.48.176.144:1433 - Could not connect (sequence). SQL query: SELECT WcCode, Title, EventStartDateTime, EventEndDateTime, CreatedDate FROM Webcast_Mst
            where  @formateddate < EventEndDateTime and EventType = @Etype and EventStatus = @y and Title LIKE '%' + @searchname + '%' ORDER BY EventStartDateTime
[2024-04-05T02:35:37.323Z] error: Error in /controller/virtualMeetCont/getMeetingWithStatus: Failed to connect to 216.48.176.144:1433 - Could not connect (sequence). SQL query: SELECT Webcast_Mst.WcCode, Webcast_Mst.Title, 
      Webcast_Mst.EventStartDateTime, Webcast_Mst.EventEndDateTime,
      Webcast_Mst.CreatedDate,
      Webcast_Webinar_Mst.MeetingId,Webcast_Webinar_Mst.AccountId 
      FROM Webcast_Mst Inner Join Webcast_Webinar_Mst on  
      Webcast_Mst.WcCode = Webcast_Webinar_Mst.fk_mid where
      @formateddate < Webcast_Mst.EventEndDateTime and
      Webcast_Mst.EventType = @Etype and Webcast_Mst.EventStatus = @y and Webcast_Mst.Title LIKE '%' + @searchname + '%' ORDER BY Webcast_Mst.EventStartDateTime
[2024-04-05T02:35:37.331Z] error: Error in /controller/physicalMeetCont/getMeetingWithStatus: Failed to connect to 216.48.176.144:1433 - Could not connect (sequence). SQL query: SELECT WcCode, Title, EventStartDateTime, EventEndDateTime, CreatedDate FROM Webcast_Mst
            where  @formateddate < EventEndDateTime and EventType = @Etype and EventStatus = @y and Title LIKE '%' + @searchname + '%' ORDER BY EventStartDateTime
[2024-07-29T07:04:23.449Z] error: Error in /controller/physicalMeetCont/getTotalMeeting: Failed to connect to 216.48.176.144:1433 - Could not connect (sequence). SQL query: select COALESCE(COUNT(*), 0) as totalMeeting from Webcast_Mst where EventStartDateTime between @sdate and @edate and EventType = @event and EventStatus = @y
[2024-07-29T07:04:23.457Z] error: Error in /controller/virtualMeetCont/getTotalMeeting: Failed to connect to 216.48.176.144:1433 - Could not connect (sequence). SQL query: select COALESCE(COUNT(*), 0) as totalMeeting  FROM Webcast_Mst Inner Join Webcast_Webinar_Mst on  
      Webcast_Mst.WcCode = Webcast_Webinar_Mst.fk_mid
       where Webcast_Mst.EventStartDateTime between @sdate and @edate and Webcast_Mst.eventType = @event and Webcast_Mst.EventStatus = @y
[2024-07-29T07:04:23.466Z] error: Error in /controller/physicalMeetCont/getTotalUpcomingMeeting: Failed to connect to 216.48.176.144:1433 - Could not connect (sequence). SQL query: select COALESCE(COUNT(*), 0) as totalUpcomingMeeting from Webcast_Mst where @formateddate < EventEndDateTime and eventType = @event and EventStatus = @y and EventStartDateTime between @sdate and @edate 
[2024-07-29T07:04:23.478Z] error: Error in /controller/virtualMeetCont/getTotalUpcomingMeeting: Failed to connect to 216.48.176.144:1433 - Could not connect (sequence). SQL query: select COALESCE(COUNT(*), 0) as totalUpcomingMeeting FROM Webcast_Mst Inner Join Webcast_Webinar_Mst on  
      Webcast_Mst.WcCode = Webcast_Webinar_Mst.fk_mid
      where @formateddate < Webcast_Mst.EventEndDateTime and Webcast_Mst.eventType = @event and Webcast_Mst.EventStatus = @y and Webcast_Mst.EventStartDateTime between @sdate and @edate
[2024-07-29T07:04:23.486Z] error: Error in /controller/physicalMeetCont/getTotalCompletedMeeting: Failed to connect to 216.48.176.144:1433 - Could not connect (sequence). SQL query: select COALESCE(COUNT(*), 0) as totalCompletedMeeting from Webcast_Mst where @formateddate > EventEndDateTime and eventType = @event and EventStatus = @y and EventEndDateTime between @sdate and @edate
[2024-07-29T07:04:23.495Z] error: Error in /controller/virtualMeetCont/getTotalCompletedMeeting: Failed to connect to 216.48.176.144:1433 - Could not connect (sequence). SQL query: select COALESCE(COUNT(*), 0) as totalCompletedMeeting FROM Webcast_Mst Inner Join Webcast_Webinar_Mst on  
      Webcast_Mst.WcCode = Webcast_Webinar_Mst.fk_mid 
    where @formateddate > Webcast_Mst.EventEndDateTime and Webcast_Mst.eventType = @event and Webcast_Mst.EventStatus = @y and Webcast_Mst.EventEndDateTime between @sdate and @edate
[2024-07-29T07:04:23.503Z] error: Error in /controller/VirtualMeetCont/getMeetingData: Failed to connect to 216.48.176.144:1433 - Could not connect (sequence). SQL query: SELECT Webcast_Mst.Title,Webcast_Mst.WcCode,Webcast_Mst.Name ,Webcast_Mst.Mobile, Webcast_Mst.EventStartDateTime, Webcast_Mst.EventEndDateTime,
     Webcast_Speaker_Detail.SpkName,Webcast_Speaker_Detail.SpkDesignation,Webcast_Speaker_Detail.Bio1,Webcast_Speaker_Detail.Bio2,
     Webcast_Speaker_Detail.Bio3
     FROM Webcast_Mst Inner Join Webcast_Speaker_Detail on Webcast_Mst.WcCode = Webcast_Speaker_Detail.fk_mid 
     where Webcast_Mst.EventStartDateTime between @sdate and @edate and Webcast_Mst.EventType = @Etype and Webcast_Mst.EventStatus = @y
     and Webcast_Speaker_Detail.Status = @y;
[2024-07-29T07:04:23.511Z] error: Error in /controller/physicalMeetCont/getMeetingData: Failed to connect to 216.48.176.144:1433 - Could not connect (sequence). SQL query: SELECT Webcast_Mst.Title,Webcast_Mst.WcCode,Webcast_Mst.Name ,Webcast_Mst.Mobile, Webcast_Mst.EventLocation, Webcast_Mst.EventStartDateTime, Webcast_Mst.EventEndDateTime,
           Webcast_Speaker_Detail.SpkName,Webcast_Speaker_Detail.SpkDesignation,Webcast_Speaker_Detail.Bio1,Webcast_Speaker_Detail.Bio2,
           Webcast_Speaker_Detail.Bio3
           FROM Webcast_Mst Inner Join Webcast_Speaker_Detail on Webcast_Mst.WcCode = Webcast_Speaker_Detail.fk_mid 
           where Webcast_Mst.EventStartDateTime between @sdate and @edate and Webcast_Mst.EventType = @Etype and Webcast_Mst.EventStatus = @y
           and Webcast_Speaker_Detail.Status = @y;
[2024-07-29T07:04:24.552Z] error: Error in /controller/physicalMeetCont/getTotalMeeting: Failed to connect to 216.48.176.144:1433 - Could not connect (sequence). SQL query: select COALESCE(COUNT(*), 0) as totalMeeting from Webcast_Mst where EventStartDateTime between @sdate and @edate and EventType = @event and EventStatus = @y
[2024-07-29T07:04:24.559Z] error: Error in /controller/virtualMeetCont/getTotalMeeting: Failed to connect to 216.48.176.144:1433 - Could not connect (sequence). SQL query: select COALESCE(COUNT(*), 0) as totalMeeting  FROM Webcast_Mst Inner Join Webcast_Webinar_Mst on  
      Webcast_Mst.WcCode = Webcast_Webinar_Mst.fk_mid
       where Webcast_Mst.EventStartDateTime between @sdate and @edate and Webcast_Mst.eventType = @event and Webcast_Mst.EventStatus = @y
[2024-07-29T07:04:24.566Z] error: Error in /controller/physicalMeetCont/getTotalUpcomingMeeting: Failed to connect to 216.48.176.144:1433 - Could not connect (sequence). SQL query: select COALESCE(COUNT(*), 0) as totalUpcomingMeeting from Webcast_Mst where @formateddate < EventEndDateTime and eventType = @event and EventStatus = @y and EventStartDateTime between @sdate and @edate 
[2024-07-29T07:04:24.572Z] error: Error in /controller/virtualMeetCont/getTotalUpcomingMeeting: Failed to connect to 216.48.176.144:1433 - Could not connect (sequence). SQL query: select COALESCE(COUNT(*), 0) as totalUpcomingMeeting FROM Webcast_Mst Inner Join Webcast_Webinar_Mst on  
      Webcast_Mst.WcCode = Webcast_Webinar_Mst.fk_mid
      where @formateddate < Webcast_Mst.EventEndDateTime and Webcast_Mst.eventType = @event and Webcast_Mst.EventStatus = @y and Webcast_Mst.EventStartDateTime between @sdate and @edate
[2024-07-29T07:04:24.582Z] error: Error in /controller/physicalMeetCont/getTotalCompletedMeeting: Failed to connect to 216.48.176.144:1433 - Could not connect (sequence). SQL query: select COALESCE(COUNT(*), 0) as totalCompletedMeeting from Webcast_Mst where @formateddate > EventEndDateTime and eventType = @event and EventStatus = @y and EventEndDateTime between @sdate and @edate
[2024-07-29T07:04:24.587Z] error: Error in /controller/virtualMeetCont/getTotalCompletedMeeting: Failed to connect to 216.48.176.144:1433 - Could not connect (sequence). SQL query: select COALESCE(COUNT(*), 0) as totalCompletedMeeting FROM Webcast_Mst Inner Join Webcast_Webinar_Mst on  
      Webcast_Mst.WcCode = Webcast_Webinar_Mst.fk_mid 
    where @formateddate > Webcast_Mst.EventEndDateTime and Webcast_Mst.eventType = @event and Webcast_Mst.EventStatus = @y and Webcast_Mst.EventEndDateTime between @sdate and @edate
[2024-07-29T07:04:24.593Z] error: Error in /controller/VirtualMeetCont/getMeetingData: Failed to connect to 216.48.176.144:1433 - Could not connect (sequence). SQL query: SELECT Webcast_Mst.Title,Webcast_Mst.WcCode,Webcast_Mst.Name ,Webcast_Mst.Mobile, Webcast_Mst.EventStartDateTime, Webcast_Mst.EventEndDateTime,
     Webcast_Speaker_Detail.SpkName,Webcast_Speaker_Detail.SpkDesignation,Webcast_Speaker_Detail.Bio1,Webcast_Speaker_Detail.Bio2,
     Webcast_Speaker_Detail.Bio3
     FROM Webcast_Mst Inner Join Webcast_Speaker_Detail on Webcast_Mst.WcCode = Webcast_Speaker_Detail.fk_mid 
     where Webcast_Mst.EventStartDateTime between @sdate and @edate and Webcast_Mst.EventType = @Etype and Webcast_Mst.EventStatus = @y
     and Webcast_Speaker_Detail.Status = @y;
[2024-07-29T07:04:24.601Z] error: Error in /controller/physicalMeetCont/getMeetingData: Failed to connect to 216.48.176.144:1433 - Could not connect (sequence). SQL query: SELECT Webcast_Mst.Title,Webcast_Mst.WcCode,Webcast_Mst.Name ,Webcast_Mst.Mobile, Webcast_Mst.EventLocation, Webcast_Mst.EventStartDateTime, Webcast_Mst.EventEndDateTime,
           Webcast_Speaker_Detail.SpkName,Webcast_Speaker_Detail.SpkDesignation,Webcast_Speaker_Detail.Bio1,Webcast_Speaker_Detail.Bio2,
           Webcast_Speaker_Detail.Bio3
           FROM Webcast_Mst Inner Join Webcast_Speaker_Detail on Webcast_Mst.WcCode = Webcast_Speaker_Detail.fk_mid 
           where Webcast_Mst.EventStartDateTime between @sdate and @edate and Webcast_Mst.EventType = @Etype and Webcast_Mst.EventStatus = @y
           and Webcast_Speaker_Detail.Status = @y;
[2024-07-29T08:48:34.562Z] error: Error in /controller/physicalMeetCont/getTotalMeeting: Connection is closed.. SQL query: select COALESCE(COUNT(*), 0) as totalMeeting from Webcast_Mst where eventType = @event and EventStatus = @y
[2024-07-29T08:48:34.572Z] error: Error in /controller/virtualMeetCont/getTotalMeeting: Connection is closed.. SQL query: select COALESCE(COUNT(*), 0) as totalMeeting FROM Webcast_Mst Inner Join Webcast_Webinar_Mst on  
      Webcast_Mst.WcCode = Webcast_Webinar_Mst.fk_mid 
      where Webcast_Mst.eventType = @event and Webcast_Mst.EventStatus = @y
[2024-07-29T08:48:34.642Z] error: Error in /controller/physicalMeetCont/getTotalUpcomingMeeting: Connection is closed.. SQL query: select COALESCE(COUNT(*), 0) as totalUpcomingMeeting from Webcast_Mst where @formateddate < EventEndDateTime and eventType = @event and EventStatus = @y
[2024-07-29T08:48:34.645Z] error: Error in /controller/virtualMeetCont/getTotalUpcomingMeeting: Connection is closed.. SQL query: select COALESCE(COUNT(*), 0) as totalUpcomingMeeting FROM Webcast_Mst Inner Join Webcast_Webinar_Mst on  
      Webcast_Mst.WcCode = Webcast_Webinar_Mst.fk_mid 
      where @formateddate < Webcast_Mst.EventEndDateTime and Webcast_Mst.eventType = @event and Webcast_Mst.EventStatus = @y
[2024-07-29T08:48:34.649Z] error: Error in /controller/physicalMeetCont/getTotalCompletedMeeting: Connection is closed.. SQL query: select COALESCE(COUNT(*), 0) as totalCompletedMeeting from Webcast_Mst where @formateddate > EventEndDateTime and eventType = @event and EventStatus = @y
[2024-07-29T08:48:34.653Z] error: Error in /controller/virtualMeetCont/getTotalCompletedMeeting: Connection is closed.. SQL query: select COALESCE(COUNT(*), 0) as totalCompletedMeeting FROM Webcast_Mst Inner Join Webcast_Webinar_Mst on  
      Webcast_Mst.WcCode = Webcast_Webinar_Mst.fk_mid 
      where @formateddate > Webcast_Mst.EventEndDateTime and Webcast_Mst.eventType = @event and Webcast_Mst.EventStatus = @y
[2024-07-29T08:48:34.663Z] error: Error in /controller/physicalMeetCont/getMeetingWithStatus: Connection is closed.. SQL query: SELECT WcCode, Title, EventStartDateTime, EventEndDateTime, CreatedDate FROM Webcast_Mst
                where  @formateddate < EventEndDateTime and EventType = @Etype and EventStatus = @y and Title LIKE '%' + @searchname + '%' ORDER BY EventStartDateTime
[2024-07-29T08:48:34.700Z] error: Error in /controller/physicalMeetCont/getMeetingData: Connection is closed.. SQL query: SELECT Webcast_Mst.Title, Webcast_Mst.WcCode,Webcast_Mst.Name ,Webcast_Mst.Mobile, Webcast_Mst.EventLocation, Webcast_Mst.EventStartDateTime, Webcast_Mst.EventEndDateTime,
            Webcast_Speaker_Detail.SpkName,Webcast_Speaker_Detail.SpkDesignation,Webcast_Speaker_Detail.Bio1,Webcast_Speaker_Detail.Bio2,
            Webcast_Speaker_Detail.Bio3
            FROM Webcast_Mst Left Join Webcast_Speaker_Detail on Webcast_Mst.WcCode = Webcast_Speaker_Detail.fk_mid
            and Webcast_Speaker_Detail.Status = @y 
            where Webcast_Mst.EventType = @Etype and Webcast_Mst.EventStatus = @y
            
[2024-07-29T08:48:34.714Z] error: Error in /controller/VirtualMeetCont/getMeetingData: Connection is closed.. SQL query: SELECT Webcast_Mst.Title,Webcast_Mst.WcCode,Webcast_Mst.Name ,Webcast_Mst.Mobile, Webcast_Mst.EventStartDateTime, Webcast_Mst.EventEndDateTime,
      Webcast_Speaker_Detail.SpkName,Webcast_Speaker_Detail.SpkDesignation,Webcast_Speaker_Detail.Bio1,Webcast_Speaker_Detail.Bio2,
      Webcast_Speaker_Detail.Bio3
      FROM Webcast_Mst Left Join Webcast_Speaker_Detail on Webcast_Mst.WcCode = Webcast_Speaker_Detail.fk_mid 
      and Webcast_Speaker_Detail.Status = @y
      where Webcast_Mst.EventType = @Etype and Webcast_Mst.EventStatus = @y;
[2024-07-29T08:48:34.719Z] error: Error in /controller/virtualMeetCont/getMeetingWithStatus: Connection is closed.. SQL query: SELECT Webcast_Mst.WcCode, Webcast_Mst.Title, 
        Webcast_Mst.EventStartDateTime, Webcast_Mst.EventEndDateTime,
        Webcast_Mst.CreatedDate,
        Webcast_Webinar_Mst.MeetingId,Webcast_Webinar_Mst.AccountId 
        FROM Webcast_Mst Inner Join Webcast_Webinar_Mst on  
        Webcast_Mst.WcCode = Webcast_Webinar_Mst.fk_mid where
        @formateddate < Webcast_Mst.EventEndDateTime and
        Webcast_Mst.EventType = @Etype and Webcast_Mst.EventStatus = @y and Webcast_Mst.Title LIKE '%' + @searchname + '%' ORDER BY Webcast_Mst.EventStartDateTime
[2024-07-29T08:48:34.732Z] error: Error in /controller/physicalMeetCont/getTotalMeeting: Connection is closed.. SQL query: select COALESCE(COUNT(*), 0) as totalMeeting from Webcast_Mst where eventType = @event and EventStatus = @y
[2024-07-29T08:48:34.747Z] error: Error in /controller/virtualMeetCont/getTotalMeeting: Connection is closed.. SQL query: select COALESCE(COUNT(*), 0) as totalMeeting FROM Webcast_Mst Inner Join Webcast_Webinar_Mst on  
      Webcast_Mst.WcCode = Webcast_Webinar_Mst.fk_mid 
      where Webcast_Mst.eventType = @event and Webcast_Mst.EventStatus = @y
[2024-07-29T08:48:34.753Z] error: Error in /controller/physicalMeetCont/getTotalUpcomingMeeting: Connection is closed.. SQL query: select COALESCE(COUNT(*), 0) as totalUpcomingMeeting from Webcast_Mst where @formateddate < EventEndDateTime and eventType = @event and EventStatus = @y
[2024-07-29T08:48:34.783Z] error: Error in /controller/virtualMeetCont/getTotalUpcomingMeeting: Connection is closed.. SQL query: select COALESCE(COUNT(*), 0) as totalUpcomingMeeting FROM Webcast_Mst Inner Join Webcast_Webinar_Mst on  
      Webcast_Mst.WcCode = Webcast_Webinar_Mst.fk_mid 
      where @formateddate < Webcast_Mst.EventEndDateTime and Webcast_Mst.eventType = @event and Webcast_Mst.EventStatus = @y
[2024-07-29T08:48:34.786Z] error: Error in /controller/physicalMeetCont/getTotalCompletedMeeting: Connection is closed.. SQL query: select COALESCE(COUNT(*), 0) as totalCompletedMeeting from Webcast_Mst where @formateddate > EventEndDateTime and eventType = @event and EventStatus = @y
[2024-07-29T08:48:34.798Z] error: Error in /controller/virtualMeetCont/getTotalCompletedMeeting: Connection is closed.. SQL query: select COALESCE(COUNT(*), 0) as totalCompletedMeeting FROM Webcast_Mst Inner Join Webcast_Webinar_Mst on  
      Webcast_Mst.WcCode = Webcast_Webinar_Mst.fk_mid 
      where @formateddate > Webcast_Mst.EventEndDateTime and Webcast_Mst.eventType = @event and Webcast_Mst.EventStatus = @y
[2024-07-29T08:48:34.801Z] error: Error in /controller/physicalMeetCont/getMeetingData: Connection is closed.. SQL query: SELECT Webcast_Mst.Title, Webcast_Mst.WcCode,Webcast_Mst.Name ,Webcast_Mst.Mobile, Webcast_Mst.EventLocation, Webcast_Mst.EventStartDateTime, Webcast_Mst.EventEndDateTime,
            Webcast_Speaker_Detail.SpkName,Webcast_Speaker_Detail.SpkDesignation,Webcast_Speaker_Detail.Bio1,Webcast_Speaker_Detail.Bio2,
            Webcast_Speaker_Detail.Bio3
            FROM Webcast_Mst Left Join Webcast_Speaker_Detail on Webcast_Mst.WcCode = Webcast_Speaker_Detail.fk_mid
            and Webcast_Speaker_Detail.Status = @y 
            where Webcast_Mst.EventType = @Etype and Webcast_Mst.EventStatus = @y
            
[2024-07-29T08:48:34.814Z] error: Error in /controller/VirtualMeetCont/getMeetingData: Connection is closed.. SQL query: SELECT Webcast_Mst.Title,Webcast_Mst.WcCode,Webcast_Mst.Name ,Webcast_Mst.Mobile, Webcast_Mst.EventStartDateTime, Webcast_Mst.EventEndDateTime,
      Webcast_Speaker_Detail.SpkName,Webcast_Speaker_Detail.SpkDesignation,Webcast_Speaker_Detail.Bio1,Webcast_Speaker_Detail.Bio2,
      Webcast_Speaker_Detail.Bio3
      FROM Webcast_Mst Left Join Webcast_Speaker_Detail on Webcast_Mst.WcCode = Webcast_Speaker_Detail.fk_mid 
      and Webcast_Speaker_Detail.Status = @y
      where Webcast_Mst.EventType = @Etype and Webcast_Mst.EventStatus = @y;
[2024-07-29T08:48:34.830Z] error: Error in /controller/virtualMeetCont/getMeetingWithStatus: Connection is closed.. SQL query: SELECT Webcast_Mst.WcCode, Webcast_Mst.Title, 
        Webcast_Mst.EventStartDateTime, Webcast_Mst.EventEndDateTime,
        Webcast_Mst.CreatedDate,
        Webcast_Webinar_Mst.MeetingId,Webcast_Webinar_Mst.AccountId 
        FROM Webcast_Mst Inner Join Webcast_Webinar_Mst on  
        Webcast_Mst.WcCode = Webcast_Webinar_Mst.fk_mid where
        @formateddate < Webcast_Mst.EventEndDateTime and
        Webcast_Mst.EventType = @Etype and Webcast_Mst.EventStatus = @y and Webcast_Mst.Title LIKE '%' + @searchname + '%' ORDER BY Webcast_Mst.EventStartDateTime
[2024-07-29T08:48:34.834Z] error: Error in /controller/physicalMeetCont/getMeetingWithStatus: Connection is closed.. SQL query: SELECT WcCode, Title, EventStartDateTime, EventEndDateTime, CreatedDate FROM Webcast_Mst
                where  @formateddate < EventEndDateTime and EventType = @Etype and EventStatus = @y and Title LIKE '%' + @searchname + '%' ORDER BY EventStartDateTime
[2024-07-29T11:37:19.080Z] error: Error in /controller/speakerDetl/addSpeaker: Conversion failed when converting from a character string to uniqueidentifier.. SQL query: insert into Webcast_Speaker_Detail (WcId,SpkName,SpkDesignation,SpkImage,Bio1,Bio2,Bio3,fk_mid) values (@fkwcid,@name,@qualification,@speakerImg,@line1,@line2,@line3,@fkmid)
[2024-07-29T13:07:30.638Z] error: Error in /controller/formCont/getHostById: Failed to connect to 216.48.176.144:1433 - Could not connect (sequence). SQL query: select wcmid, wc_code, username, password from webcast_host_login where wc_code = @fkmid and Status =@y
[2024-07-29T13:07:30.677Z] error: Error in /controller/formCont/getHostById: Failed to connect to 216.48.176.144:1433 - Could not connect (sequence). SQL query: select wcmid, wc_code, username, password from webcast_host_login where wc_code = @fkmid and Status =@y
[2024-07-29T13:07:30.708Z] error: Error in /controller/virtualMeetCont/getMessageType: Failed to connect to 216.48.176.144:1433 - Could not connect (sequence). SQL query: SELECT BasicId, Code, Description from Basic_Mst where Status = @y
     and IdentifierCode = @code order by DisplayOrder;
[2024-07-29T13:07:30.724Z] error: Error in /controller/speakerDetlCont/getSpeaker: Failed to connect to 216.48.176.144:1433 - Could not connect (sequence). SQL query: SELECT  Id , SpkName, SpkImage, SpkDesignation,Bio1,Bio2,Bio3 FROM Webcast_Speaker_Detail where fk_mid = @fkmid and Status= @y
[2024-07-29T13:07:30.739Z] error: Error in /controller/VirtualMeetCont/getMeetingById: Failed to connect to 216.48.176.144:1433 - Could not connect (sequence). SQL query: SELECT Webcast_Mst.WcCode, Webcast_Mst.ClientCode,Webcast_Mst.DeptId,
  Webcast_Mst.WcId, Webcast_Mst.Title, Webcast_Mst.Name, Webcast_Mst.EventDuration, Webcast_Mst.Mobile,
  Webcast_Mst.IsQuestionEnable,Webcast_Mst.IsPollEnable,Webcast_Mst.IsPosterEnable,
  Webcast_Mst.SpeakerCount,
  Webcast_Mst.EventStartDateTime, Webcast_Mst.EventEndDateTime,Webcast_Mst.EventWebType,
  Webcast_Webinar_Mst.MeetingId,Webcast_Webinar_Mst.AccountId,Webcast_Webinar_Mst.RoomUrl,
  Webcast_Webinar_Mst.MessageType, Webcast_Webinar_Mst.Message 
  FROM Webcast_Mst Inner Join Webcast_Webinar_Mst on  Webcast_Mst.WcCode = Webcast_Webinar_Mst.fk_mid where Webcast_Mst.WcCode = @id and Webcast_Mst.EventStatus =@y
[2024-07-29T13:07:30.759Z] error: Error in /controller/posterSelectCont/getPosterById: Failed to connect to 216.48.176.144:1433 - Could not connect (sequence). SQL query: SELECT Webcast_Poster_Mst.client_id, Webcast_Poster_Mst.height, Webcast_Poster_Mst.width, Webcast_Poster_Mapping.fk_mid,
   Webcast_Poster_Mapping.fk_pid, Webcast_Poster_Mapping.poster_name from Webcast_Poster_Mst inner join Webcast_Poster_Mapping on
   Webcast_Poster_Mst.poster_id = Webcast_Poster_Mapping.fk_pid where Webcast_Poster_Mapping.fk_mid = @fkid;
[2024-07-29T13:07:30.770Z] error: Error in /controller/formCont/getFormFieldOptional: Failed to connect to 216.48.176.144:1433 - Could not connect (sequence). SQL query: SELECT Field_Mst.FieldCode, Field_Mst.FieldName, Field_Mst.FieldType, Field_Mst.FieldInfo, Field_Mst.FieldMandatory,
    Client_Field_Mapping.ClientCode ,Client_Field_Mapping.DisplayOrder From Field_Mst Inner Join Client_Field_Mapping on Field_Mst.FieldCode = Client_Field_Mapping.FieldCode 
    where Client_Field_Mapping.ClientCode = @clcode And Field_Mst.FieldMandatory = @o  And Client_Field_Mapping.Status = @y
    Order By Client_Field_Mapping.DisplayOrder;
[2024-07-29T13:07:30.793Z] error: Error in /controller/formCont/getFormField: Failed to connect to 216.48.176.144:1433 - Could not connect (sequence). SQL query: SELECT Field_Mst.FieldCode, Field_Mst.FieldName, Field_Mst.FieldType, Field_Mst.FieldInfo, Field_Mst.FieldMandatory,
    Client_Field_Mapping.ClientCode,Client_Field_Mapping.DisplayOrder From Field_Mst Inner Join Client_Field_Mapping on Field_Mst.FieldCode = Client_Field_Mapping.FieldCode 
    where Client_Field_Mapping.ClientCode = @clcode And Field_Mst.FieldMandatory = @m  And Client_Field_Mapping.Status = @y
    Order By Client_Field_Mapping.DisplayOrder;
[2024-07-29T13:07:30.837Z] error: Error in /controller/posterSelectCont/getPoster: Failed to connect to 216.48.176.144:1433 - Could not connect (sequence). SQL query: select poster_id, poster_name from Webcast_poster_mst where client_id = @clientId and dept_id = @deptId and Spk_Count = @spkCount
[2024-07-29T13:07:30.843Z] error: Error in /controller/posterSelectCont/getPosterPresent: Failed to connect to 216.48.176.144:1433 - Could not connect (sequence). SQL query: select DISTINCT Spk_count from Webcast_poster_mst where dept_id = @deptId and Status = 'Y' ORDER BY Spk_Count
[2024-07-29T13:07:30.871Z] error: Error in /controller/formCont/getFormField: Failed to connect to 216.48.176.144:1433 - Could not connect (sequence). SQL query: SELECT Field_Mst.FieldCode, Field_Mst.FieldName, Field_Mst.FieldType, Field_Mst.FieldInfo, Field_Mst.FieldMandatory,
    Client_Field_Mapping.ClientCode,Client_Field_Mapping.DisplayOrder From Field_Mst Inner Join Client_Field_Mapping on Field_Mst.FieldCode = Client_Field_Mapping.FieldCode 
    where Client_Field_Mapping.ClientCode = @clcode And Field_Mst.FieldMandatory = @m  And Client_Field_Mapping.Status = @y
    Order By Client_Field_Mapping.DisplayOrder;
[2024-07-29T13:07:30.887Z] error: Error in /controller/formCont/getFormFieldOptional: Failed to connect to 216.48.176.144:1433 - Could not connect (sequence). SQL query: SELECT Field_Mst.FieldCode, Field_Mst.FieldName, Field_Mst.FieldType, Field_Mst.FieldInfo, Field_Mst.FieldMandatory,
    Client_Field_Mapping.ClientCode ,Client_Field_Mapping.DisplayOrder From Field_Mst Inner Join Client_Field_Mapping on Field_Mst.FieldCode = Client_Field_Mapping.FieldCode 
    where Client_Field_Mapping.ClientCode = @clcode And Field_Mst.FieldMandatory = @o  And Client_Field_Mapping.Status = @y
    Order By Client_Field_Mapping.DisplayOrder;
[2024-07-29T13:07:30.895Z] error: Error in /controller/posterSelectCont/getPoster: Failed to connect to 216.48.176.144:1433 - Could not connect (sequence). SQL query: select poster_id, poster_name from Webcast_poster_mst where client_id = @clientId and dept_id = @deptId and Spk_Count = @spkCount
[2024-07-29T13:07:30.906Z] error: Error in /controller/posterSelectCont/getPosterPresent: Failed to connect to 216.48.176.144:1433 - Could not connect (sequence). SQL query: select DISTINCT Spk_count from Webcast_poster_mst where dept_id = @deptId and Status = 'Y' ORDER BY Spk_Count
[2024-07-29T13:07:30.921Z] error: Error in /controller/virtualMeetCont/getMessageType: Failed to connect to 216.48.176.144:1433 - Could not connect (sequence). SQL query: SELECT BasicId, Code, Description from Basic_Mst where Status = @y
     and IdentifierCode = @code order by DisplayOrder;
[2024-07-29T13:07:30.926Z] error: Error in /controller/speakerDetlCont/getSpeaker: Failed to connect to 216.48.176.144:1433 - Could not connect (sequence). SQL query: SELECT  Id , SpkName, SpkImage, SpkDesignation,Bio1,Bio2,Bio3 FROM Webcast_Speaker_Detail where fk_mid = @fkmid and Status= @y
[2024-07-29T13:07:30.938Z] error: Error in /controller/VirtualMeetCont/getMeetingById: Failed to connect to 216.48.176.144:1433 - Could not connect (sequence). SQL query: SELECT Webcast_Mst.WcCode, Webcast_Mst.ClientCode,Webcast_Mst.DeptId,
  Webcast_Mst.WcId, Webcast_Mst.Title, Webcast_Mst.Name, Webcast_Mst.EventDuration, Webcast_Mst.Mobile,
  Webcast_Mst.IsQuestionEnable,Webcast_Mst.IsPollEnable,Webcast_Mst.IsPosterEnable,
  Webcast_Mst.SpeakerCount,
  Webcast_Mst.EventStartDateTime, Webcast_Mst.EventEndDateTime,Webcast_Mst.EventWebType,
  Webcast_Webinar_Mst.MeetingId,Webcast_Webinar_Mst.AccountId,Webcast_Webinar_Mst.RoomUrl,
  Webcast_Webinar_Mst.MessageType, Webcast_Webinar_Mst.Message 
  FROM Webcast_Mst Inner Join Webcast_Webinar_Mst on  Webcast_Mst.WcCode = Webcast_Webinar_Mst.fk_mid where Webcast_Mst.WcCode = @id and Webcast_Mst.EventStatus =@y
[2024-07-29T13:07:30.943Z] error: Error in /controller/posterSelectCont/getPosterById: Failed to connect to 216.48.176.144:1433 - Could not connect (sequence). SQL query: SELECT Webcast_Poster_Mst.client_id, Webcast_Poster_Mst.height, Webcast_Poster_Mst.width, Webcast_Poster_Mapping.fk_mid,
   Webcast_Poster_Mapping.fk_pid, Webcast_Poster_Mapping.poster_name from Webcast_Poster_Mst inner join Webcast_Poster_Mapping on
   Webcast_Poster_Mst.poster_id = Webcast_Poster_Mapping.fk_pid where Webcast_Poster_Mapping.fk_mid = @fkid;
[2024-07-29T14:11:20.485Z] error: Error in /controller/physicalMeetCont/getTotalMeeting: Failed to connect to 216.48.176.144:1433 - Could not connect (sequence). SQL query: select COALESCE(COUNT(*), 0) as totalMeeting from Webcast_Mst where eventType = @event and EventStatus = @y
[2024-07-29T14:11:20.504Z] error: Error in /controller/virtualMeetCont/getTotalMeeting: Failed to connect to 216.48.176.144:1433 - Could not connect (sequence). SQL query: select COALESCE(COUNT(*), 0) as totalMeeting FROM Webcast_Mst Inner Join Webcast_Webinar_Mst on  
      Webcast_Mst.WcCode = Webcast_Webinar_Mst.fk_mid 
      where Webcast_Mst.eventType = @event and Webcast_Mst.EventStatus = @y
[2024-07-29T14:11:20.522Z] error: Error in /controller/physicalMeetCont/getTotalCompletedMeeting: Failed to connect to 216.48.176.144:1433 - Could not connect (sequence). SQL query: select COALESCE(COUNT(*), 0) as totalCompletedMeeting from Webcast_Mst where @formateddate > EventEndDateTime and eventType = @event and EventStatus = @y
[2024-07-29T14:11:20.527Z] error: Error in /controller/physicalMeetCont/getTotalUpcomingMeeting: Failed to connect to 216.48.176.144:1433 - Could not connect (sequence). SQL query: select COALESCE(COUNT(*), 0) as totalUpcomingMeeting from Webcast_Mst where @formateddate < EventEndDateTime and eventType = @event and EventStatus = @y
[2024-07-29T14:11:20.537Z] error: Error in /controller/virtualMeetCont/getTotalUpcomingMeeting: Failed to connect to 216.48.176.144:1433 - Could not connect (sequence). SQL query: select COALESCE(COUNT(*), 0) as totalUpcomingMeeting FROM Webcast_Mst Inner Join Webcast_Webinar_Mst on  
      Webcast_Mst.WcCode = Webcast_Webinar_Mst.fk_mid 
      where @formateddate < Webcast_Mst.EventEndDateTime and Webcast_Mst.eventType = @event and Webcast_Mst.EventStatus = @y
[2024-07-29T14:11:20.623Z] error: Error in /controller/virtualMeetCont/getTotalCompletedMeeting: Failed to connect to 216.48.176.144:1433 - Could not connect (sequence). SQL query: select COALESCE(COUNT(*), 0) as totalCompletedMeeting FROM Webcast_Mst Inner Join Webcast_Webinar_Mst on  
      Webcast_Mst.WcCode = Webcast_Webinar_Mst.fk_mid 
      where @formateddate > Webcast_Mst.EventEndDateTime and Webcast_Mst.eventType = @event and Webcast_Mst.EventStatus = @y
[2024-07-29T14:11:20.628Z] error: Error in /controller/physicalMeetCont/getMeetingData: Failed to connect to 216.48.176.144:1433 - Could not connect (sequence). SQL query: SELECT Webcast_Mst.Title, Webcast_Mst.WcCode,Webcast_Mst.Name ,Webcast_Mst.Mobile, Webcast_Mst.EventLocation, Webcast_Mst.EventStartDateTime, Webcast_Mst.EventEndDateTime,
            Webcast_Speaker_Detail.SpkName,Webcast_Speaker_Detail.SpkDesignation,Webcast_Speaker_Detail.Bio1,Webcast_Speaker_Detail.Bio2,
            Webcast_Speaker_Detail.Bio3
            FROM Webcast_Mst Left Join Webcast_Speaker_Detail on Webcast_Mst.WcCode = Webcast_Speaker_Detail.fk_mid
            and Webcast_Speaker_Detail.Status = @y 
            where Webcast_Mst.EventType = @Etype and Webcast_Mst.EventStatus = @y
            
[2024-07-29T14:11:20.640Z] error: Error in /controller/VirtualMeetCont/getMeetingData: Failed to connect to 216.48.176.144:1433 - Could not connect (sequence). SQL query: SELECT Webcast_Mst.Title,Webcast_Mst.WcCode,Webcast_Mst.Name ,Webcast_Mst.Mobile, Webcast_Mst.EventStartDateTime, Webcast_Mst.EventEndDateTime,
      Webcast_Speaker_Detail.SpkName,Webcast_Speaker_Detail.SpkDesignation,Webcast_Speaker_Detail.Bio1,Webcast_Speaker_Detail.Bio2,
      Webcast_Speaker_Detail.Bio3
      FROM Webcast_Mst Left Join Webcast_Speaker_Detail on Webcast_Mst.WcCode = Webcast_Speaker_Detail.fk_mid 
      and Webcast_Speaker_Detail.Status = @y
      where Webcast_Mst.EventType = @Etype and Webcast_Mst.EventStatus = @y;
[2024-07-29T14:11:20.672Z] error: Error in /controller/physicalMeetCont/getTotalMeeting: Failed to connect to 216.48.176.144:1433 - Could not connect (sequence). SQL query: select COALESCE(COUNT(*), 0) as totalMeeting from Webcast_Mst where eventType = @event and EventStatus = @y
[2024-07-29T14:11:20.676Z] error: Error in /controller/virtualMeetCont/getTotalMeeting: Failed to connect to 216.48.176.144:1433 - Could not connect (sequence). SQL query: select COALESCE(COUNT(*), 0) as totalMeeting FROM Webcast_Mst Inner Join Webcast_Webinar_Mst on  
      Webcast_Mst.WcCode = Webcast_Webinar_Mst.fk_mid 
      where Webcast_Mst.eventType = @event and Webcast_Mst.EventStatus = @y
[2024-07-29T14:11:20.686Z] error: Error in /controller/physicalMeetCont/getTotalUpcomingMeeting: Failed to connect to 216.48.176.144:1433 - Could not connect (sequence). SQL query: select COALESCE(COUNT(*), 0) as totalUpcomingMeeting from Webcast_Mst where @formateddate < EventEndDateTime and eventType = @event and EventStatus = @y
[2024-07-29T14:11:20.711Z] error: Error in /controller/virtualMeetCont/getTotalUpcomingMeeting: Failed to connect to 216.48.176.144:1433 - Could not connect (sequence). SQL query: select COALESCE(COUNT(*), 0) as totalUpcomingMeeting FROM Webcast_Mst Inner Join Webcast_Webinar_Mst on  
      Webcast_Mst.WcCode = Webcast_Webinar_Mst.fk_mid 
      where @formateddate < Webcast_Mst.EventEndDateTime and Webcast_Mst.eventType = @event and Webcast_Mst.EventStatus = @y
[2024-07-29T14:11:20.721Z] error: Error in /controller/physicalMeetCont/getTotalCompletedMeeting: Failed to connect to 216.48.176.144:1433 - Could not connect (sequence). SQL query: select COALESCE(COUNT(*), 0) as totalCompletedMeeting from Webcast_Mst where @formateddate > EventEndDateTime and eventType = @event and EventStatus = @y
[2024-07-29T14:11:20.726Z] error: Error in /controller/virtualMeetCont/getTotalCompletedMeeting: Failed to connect to 216.48.176.144:1433 - Could not connect (sequence). SQL query: select COALESCE(COUNT(*), 0) as totalCompletedMeeting FROM Webcast_Mst Inner Join Webcast_Webinar_Mst on  
      Webcast_Mst.WcCode = Webcast_Webinar_Mst.fk_mid 
      where @formateddate > Webcast_Mst.EventEndDateTime and Webcast_Mst.eventType = @event and Webcast_Mst.EventStatus = @y
[2024-07-29T14:11:20.749Z] error: Error in /controller/physicalMeetCont/getMeetingData: Failed to connect to 216.48.176.144:1433 - Could not connect (sequence). SQL query: SELECT Webcast_Mst.Title, Webcast_Mst.WcCode,Webcast_Mst.Name ,Webcast_Mst.Mobile, Webcast_Mst.EventLocation, Webcast_Mst.EventStartDateTime, Webcast_Mst.EventEndDateTime,
            Webcast_Speaker_Detail.SpkName,Webcast_Speaker_Detail.SpkDesignation,Webcast_Speaker_Detail.Bio1,Webcast_Speaker_Detail.Bio2,
            Webcast_Speaker_Detail.Bio3
            FROM Webcast_Mst Left Join Webcast_Speaker_Detail on Webcast_Mst.WcCode = Webcast_Speaker_Detail.fk_mid
            and Webcast_Speaker_Detail.Status = @y 
            where Webcast_Mst.EventType = @Etype and Webcast_Mst.EventStatus = @y
            
[2024-07-29T14:11:20.756Z] error: Error in /controller/VirtualMeetCont/getMeetingData: Failed to connect to 216.48.176.144:1433 - Could not connect (sequence). SQL query: SELECT Webcast_Mst.Title,Webcast_Mst.WcCode,Webcast_Mst.Name ,Webcast_Mst.Mobile, Webcast_Mst.EventStartDateTime, Webcast_Mst.EventEndDateTime,
      Webcast_Speaker_Detail.SpkName,Webcast_Speaker_Detail.SpkDesignation,Webcast_Speaker_Detail.Bio1,Webcast_Speaker_Detail.Bio2,
      Webcast_Speaker_Detail.Bio3
      FROM Webcast_Mst Left Join Webcast_Speaker_Detail on Webcast_Mst.WcCode = Webcast_Speaker_Detail.fk_mid 
      and Webcast_Speaker_Detail.Status = @y
      where Webcast_Mst.EventType = @Etype and Webcast_Mst.EventStatus = @y;
[2024-07-29T14:11:20.773Z] error: Error in /controller/virtualMeetCont/getMeetingWithStatus: Failed to connect to 216.48.176.144:1433 - Could not connect (sequence). SQL query: SELECT Webcast_Mst.WcCode, Webcast_Mst.Title, 
        Webcast_Mst.EventStartDateTime, Webcast_Mst.EventEndDateTime,
        Webcast_Mst.CreatedDate,
        Webcast_Webinar_Mst.MeetingId,Webcast_Webinar_Mst.AccountId 
        FROM Webcast_Mst Inner Join Webcast_Webinar_Mst on  
        Webcast_Mst.WcCode = Webcast_Webinar_Mst.fk_mid where
        @formateddate < Webcast_Mst.EventEndDateTime and
        Webcast_Mst.EventType = @Etype and Webcast_Mst.EventStatus = @y and Webcast_Mst.Title LIKE '%' + @searchname + '%' ORDER BY Webcast_Mst.EventStartDateTime
[2024-07-29T14:11:20.788Z] error: Error in /controller/physicalMeetCont/getMeetingWithStatus: Failed to connect to 216.48.176.144:1433 - Could not connect (sequence). SQL query: SELECT WcCode, Title, EventStartDateTime, EventEndDateTime, CreatedDate FROM Webcast_Mst
                where  @formateddate < EventEndDateTime and EventType = @Etype and EventStatus = @y and Title LIKE '%' + @searchname + '%' ORDER BY EventStartDateTime
[2024-07-29T14:11:20.794Z] error: Error in /controller/virtualMeetCont/getMeetingWithStatus: Failed to connect to 216.48.176.144:1433 - Could not connect (sequence). SQL query: SELECT Webcast_Mst.WcCode, Webcast_Mst.Title, 
        Webcast_Mst.EventStartDateTime, Webcast_Mst.EventEndDateTime,
        Webcast_Mst.CreatedDate,
        Webcast_Webinar_Mst.MeetingId,Webcast_Webinar_Mst.AccountId 
        FROM Webcast_Mst Inner Join Webcast_Webinar_Mst on  
        Webcast_Mst.WcCode = Webcast_Webinar_Mst.fk_mid where
        @formateddate < Webcast_Mst.EventEndDateTime and
        Webcast_Mst.EventType = @Etype and Webcast_Mst.EventStatus = @y and Webcast_Mst.Title LIKE '%' + @searchname + '%' ORDER BY Webcast_Mst.EventStartDateTime
[2024-07-29T14:11:20.803Z] error: Error in /controller/physicalMeetCont/getMeetingWithStatus: Failed to connect to 216.48.176.144:1433 - Could not connect (sequence). SQL query: SELECT WcCode, Title, EventStartDateTime, EventEndDateTime, CreatedDate FROM Webcast_Mst
                where  @formateddate < EventEndDateTime and EventType = @Etype and EventStatus = @y and Title LIKE '%' + @searchname + '%' ORDER BY EventStartDateTime
[2024-07-29T14:11:21.511Z] error: Error in /controller/virtualMeetCont/getMeetingWithStatus: Failed to connect to 216.48.176.144:1433 - Could not connect (sequence). SQL query: SELECT Webcast_Mst.WcCode, Webcast_Mst.Title, 
        Webcast_Mst.EventStartDateTime, Webcast_Mst.EventEndDateTime,
        Webcast_Mst.CreatedDate,
        Webcast_Webinar_Mst.MeetingId,Webcast_Webinar_Mst.AccountId 
        FROM Webcast_Mst Inner Join Webcast_Webinar_Mst on  
        Webcast_Mst.WcCode = Webcast_Webinar_Mst.fk_mid where
        @formateddate < Webcast_Mst.EventEndDateTime and
        Webcast_Mst.EventType = @Etype and Webcast_Mst.EventStatus = @y and Webcast_Mst.Title LIKE '%' + @searchname + '%' ORDER BY Webcast_Mst.EventStartDateTime
[2024-07-29T14:11:21.519Z] error: Error in /controller/physicalMeetCont/getMeetingWithStatus: Failed to connect to 216.48.176.144:1433 - Could not connect (sequence). SQL query: SELECT WcCode, Title, EventStartDateTime, EventEndDateTime, CreatedDate FROM Webcast_Mst
                where  @formateddate < EventEndDateTime and EventType = @Etype and EventStatus = @y and Title LIKE '%' + @searchname + '%' ORDER BY EventStartDateTime
[2024-07-29T14:11:22.931Z] error: Error in /controller/physicalMeetCont/getTotalMeeting: Failed to connect to 216.48.176.144:1433 - Could not connect (sequence). SQL query: select COALESCE(COUNT(*), 0) as totalMeeting from Webcast_Mst where eventType = @event and EventStatus = @y
[2024-07-29T14:11:22.949Z] error: Error in /controller/virtualMeetCont/getTotalMeeting: Failed to connect to 216.48.176.144:1433 - Could not connect (sequence). SQL query: select COALESCE(COUNT(*), 0) as totalMeeting FROM Webcast_Mst Inner Join Webcast_Webinar_Mst on  
      Webcast_Mst.WcCode = Webcast_Webinar_Mst.fk_mid 
      where Webcast_Mst.eventType = @event and Webcast_Mst.EventStatus = @y
[2024-07-29T14:11:22.960Z] error: Error in /controller/physicalMeetCont/getTotalUpcomingMeeting: Failed to connect to 216.48.176.144:1433 - Could not connect (sequence). SQL query: select COALESCE(COUNT(*), 0) as totalUpcomingMeeting from Webcast_Mst where @formateddate < EventEndDateTime and eventType = @event and EventStatus = @y
[2024-07-29T14:11:22.972Z] error: Error in /controller/virtualMeetCont/getTotalUpcomingMeeting: Failed to connect to 216.48.176.144:1433 - Could not connect (sequence). SQL query: select COALESCE(COUNT(*), 0) as totalUpcomingMeeting FROM Webcast_Mst Inner Join Webcast_Webinar_Mst on  
      Webcast_Mst.WcCode = Webcast_Webinar_Mst.fk_mid 
      where @formateddate < Webcast_Mst.EventEndDateTime and Webcast_Mst.eventType = @event and Webcast_Mst.EventStatus = @y
[2024-07-29T14:11:22.981Z] error: Error in /controller/physicalMeetCont/getTotalCompletedMeeting: Failed to connect to 216.48.176.144:1433 - Could not connect (sequence). SQL query: select COALESCE(COUNT(*), 0) as totalCompletedMeeting from Webcast_Mst where @formateddate > EventEndDateTime and eventType = @event and EventStatus = @y
[2024-07-29T14:11:22.996Z] error: Error in /controller/virtualMeetCont/getTotalCompletedMeeting: Failed to connect to 216.48.176.144:1433 - Could not connect (sequence). SQL query: select COALESCE(COUNT(*), 0) as totalCompletedMeeting FROM Webcast_Mst Inner Join Webcast_Webinar_Mst on  
      Webcast_Mst.WcCode = Webcast_Webinar_Mst.fk_mid 
      where @formateddate > Webcast_Mst.EventEndDateTime and Webcast_Mst.eventType = @event and Webcast_Mst.EventStatus = @y
[2024-07-29T14:11:23.043Z] error: Error in /controller/physicalMeetCont/getMeetingData: Failed to connect to 216.48.176.144:1433 - Could not connect (sequence). SQL query: SELECT Webcast_Mst.Title, Webcast_Mst.WcCode,Webcast_Mst.Name ,Webcast_Mst.Mobile, Webcast_Mst.EventLocation, Webcast_Mst.EventStartDateTime, Webcast_Mst.EventEndDateTime,
            Webcast_Speaker_Detail.SpkName,Webcast_Speaker_Detail.SpkDesignation,Webcast_Speaker_Detail.Bio1,Webcast_Speaker_Detail.Bio2,
            Webcast_Speaker_Detail.Bio3
            FROM Webcast_Mst Left Join Webcast_Speaker_Detail on Webcast_Mst.WcCode = Webcast_Speaker_Detail.fk_mid
            and Webcast_Speaker_Detail.Status = @y 
            where Webcast_Mst.EventType = @Etype and Webcast_Mst.EventStatus = @y
            
[2024-07-29T14:11:23.057Z] error: Error in /controller/VirtualMeetCont/getMeetingData: Failed to connect to 216.48.176.144:1433 - Could not connect (sequence). SQL query: SELECT Webcast_Mst.Title,Webcast_Mst.WcCode,Webcast_Mst.Name ,Webcast_Mst.Mobile, Webcast_Mst.EventStartDateTime, Webcast_Mst.EventEndDateTime,
      Webcast_Speaker_Detail.SpkName,Webcast_Speaker_Detail.SpkDesignation,Webcast_Speaker_Detail.Bio1,Webcast_Speaker_Detail.Bio2,
      Webcast_Speaker_Detail.Bio3
      FROM Webcast_Mst Left Join Webcast_Speaker_Detail on Webcast_Mst.WcCode = Webcast_Speaker_Detail.fk_mid 
      and Webcast_Speaker_Detail.Status = @y
      where Webcast_Mst.EventType = @Etype and Webcast_Mst.EventStatus = @y;
[2024-07-29T14:11:23.079Z] error: Error in /controller/virtualMeetCont/getMeetingWithStatus: Failed to connect to 216.48.176.144:1433 - Could not connect (sequence). SQL query: SELECT Webcast_Mst.WcCode, Webcast_Mst.Title, 
        Webcast_Mst.EventStartDateTime, Webcast_Mst.EventEndDateTime,
        Webcast_Mst.CreatedDate,
        Webcast_Webinar_Mst.MeetingId,Webcast_Webinar_Mst.AccountId 
        FROM Webcast_Mst Inner Join Webcast_Webinar_Mst on  
        Webcast_Mst.WcCode = Webcast_Webinar_Mst.fk_mid where
        @formateddate < Webcast_Mst.EventEndDateTime and
        Webcast_Mst.EventType = @Etype and Webcast_Mst.EventStatus = @y and Webcast_Mst.Title LIKE '%' + @searchname + '%' ORDER BY Webcast_Mst.EventStartDateTime
[2024-07-29T14:11:23.092Z] error: Error in /controller/physicalMeetCont/getMeetingWithStatus: Failed to connect to 216.48.176.144:1433 - Could not connect (sequence). SQL query: SELECT WcCode, Title, EventStartDateTime, EventEndDateTime, CreatedDate FROM Webcast_Mst
                where  @formateddate < EventEndDateTime and EventType = @Etype and EventStatus = @y and Title LIKE '%' + @searchname + '%' ORDER BY EventStartDateTime
[2024-07-29T14:11:23.106Z] error: Error in /controller/physicalMeetCont/getTotalMeeting: Failed to connect to 216.48.176.144:1433 - Could not connect (sequence). SQL query: select COALESCE(COUNT(*), 0) as totalMeeting from Webcast_Mst where eventType = @event and EventStatus = @y
[2024-07-29T14:11:23.163Z] error: Error in /controller/virtualMeetCont/getTotalMeeting: Failed to connect to 216.48.176.144:1433 - Could not connect (sequence). SQL query: select COALESCE(COUNT(*), 0) as totalMeeting FROM Webcast_Mst Inner Join Webcast_Webinar_Mst on  
      Webcast_Mst.WcCode = Webcast_Webinar_Mst.fk_mid 
      where Webcast_Mst.eventType = @event and Webcast_Mst.EventStatus = @y
[2024-07-29T14:11:23.191Z] error: Error in /controller/physicalMeetCont/getTotalUpcomingMeeting: Failed to connect to 216.48.176.144:1433 - Could not connect (sequence). SQL query: select COALESCE(COUNT(*), 0) as totalUpcomingMeeting from Webcast_Mst where @formateddate < EventEndDateTime and eventType = @event and EventStatus = @y
[2024-07-29T14:11:23.196Z] error: Error in /controller/virtualMeetCont/getTotalUpcomingMeeting: Failed to connect to 216.48.176.144:1433 - Could not connect (sequence). SQL query: select COALESCE(COUNT(*), 0) as totalUpcomingMeeting FROM Webcast_Mst Inner Join Webcast_Webinar_Mst on  
      Webcast_Mst.WcCode = Webcast_Webinar_Mst.fk_mid 
      where @formateddate < Webcast_Mst.EventEndDateTime and Webcast_Mst.eventType = @event and Webcast_Mst.EventStatus = @y
[2024-07-29T14:11:23.224Z] error: Error in /controller/physicalMeetCont/getTotalCompletedMeeting: Failed to connect to 216.48.176.144:1433 - Could not connect (sequence). SQL query: select COALESCE(COUNT(*), 0) as totalCompletedMeeting from Webcast_Mst where @formateddate > EventEndDateTime and eventType = @event and EventStatus = @y
[2024-07-29T14:11:23.228Z] error: Error in /controller/virtualMeetCont/getTotalCompletedMeeting: Failed to connect to 216.48.176.144:1433 - Could not connect (sequence). SQL query: select COALESCE(COUNT(*), 0) as totalCompletedMeeting FROM Webcast_Mst Inner Join Webcast_Webinar_Mst on  
      Webcast_Mst.WcCode = Webcast_Webinar_Mst.fk_mid 
      where @formateddate > Webcast_Mst.EventEndDateTime and Webcast_Mst.eventType = @event and Webcast_Mst.EventStatus = @y
[2024-07-29T14:11:23.242Z] error: Error in /controller/physicalMeetCont/getMeetingData: Failed to connect to 216.48.176.144:1433 - Could not connect (sequence). SQL query: SELECT Webcast_Mst.Title, Webcast_Mst.WcCode,Webcast_Mst.Name ,Webcast_Mst.Mobile, Webcast_Mst.EventLocation, Webcast_Mst.EventStartDateTime, Webcast_Mst.EventEndDateTime,
            Webcast_Speaker_Detail.SpkName,Webcast_Speaker_Detail.SpkDesignation,Webcast_Speaker_Detail.Bio1,Webcast_Speaker_Detail.Bio2,
            Webcast_Speaker_Detail.Bio3
            FROM Webcast_Mst Left Join Webcast_Speaker_Detail on Webcast_Mst.WcCode = Webcast_Speaker_Detail.fk_mid
            and Webcast_Speaker_Detail.Status = @y 
            where Webcast_Mst.EventType = @Etype and Webcast_Mst.EventStatus = @y
            
[2024-07-29T14:11:23.258Z] error: Error in /controller/VirtualMeetCont/getMeetingData: Failed to connect to 216.48.176.144:1433 - Could not connect (sequence). SQL query: SELECT Webcast_Mst.Title,Webcast_Mst.WcCode,Webcast_Mst.Name ,Webcast_Mst.Mobile, Webcast_Mst.EventStartDateTime, Webcast_Mst.EventEndDateTime,
      Webcast_Speaker_Detail.SpkName,Webcast_Speaker_Detail.SpkDesignation,Webcast_Speaker_Detail.Bio1,Webcast_Speaker_Detail.Bio2,
      Webcast_Speaker_Detail.Bio3
      FROM Webcast_Mst Left Join Webcast_Speaker_Detail on Webcast_Mst.WcCode = Webcast_Speaker_Detail.fk_mid 
      and Webcast_Speaker_Detail.Status = @y
      where Webcast_Mst.EventType = @Etype and Webcast_Mst.EventStatus = @y;
[2024-07-29T14:11:23.273Z] error: Error in /controller/virtualMeetCont/getMeetingWithStatus: Failed to connect to 216.48.176.144:1433 - Could not connect (sequence). SQL query: SELECT Webcast_Mst.WcCode, Webcast_Mst.Title, 
        Webcast_Mst.EventStartDateTime, Webcast_Mst.EventEndDateTime,
        Webcast_Mst.CreatedDate,
        Webcast_Webinar_Mst.MeetingId,Webcast_Webinar_Mst.AccountId 
        FROM Webcast_Mst Inner Join Webcast_Webinar_Mst on  
        Webcast_Mst.WcCode = Webcast_Webinar_Mst.fk_mid where
        @formateddate < Webcast_Mst.EventEndDateTime and
        Webcast_Mst.EventType = @Etype and Webcast_Mst.EventStatus = @y and Webcast_Mst.Title LIKE '%' + @searchname + '%' ORDER BY Webcast_Mst.EventStartDateTime
[2024-07-29T14:11:23.278Z] error: Error in /controller/physicalMeetCont/getMeetingWithStatus: Failed to connect to 216.48.176.144:1433 - Could not connect (sequence). SQL query: SELECT WcCode, Title, EventStartDateTime, EventEndDateTime, CreatedDate FROM Webcast_Mst
                where  @formateddate < EventEndDateTime and EventType = @Etype and EventStatus = @y and Title LIKE '%' + @searchname + '%' ORDER BY EventStartDateTime
[2024-07-29T14:11:23.972Z] error: Error in /controller/virtualMeetCont/getMeetingWithStatus: Failed to connect to 216.48.176.144:1433 - Could not connect (sequence). SQL query: SELECT Webcast_Mst.WcCode, Webcast_Mst.Title, 
        Webcast_Mst.EventStartDateTime, Webcast_Mst.EventEndDateTime,
        Webcast_Mst.CreatedDate,
        Webcast_Webinar_Mst.MeetingId,Webcast_Webinar_Mst.AccountId 
        FROM Webcast_Mst Inner Join Webcast_Webinar_Mst on  
        Webcast_Mst.WcCode = Webcast_Webinar_Mst.fk_mid where
        @formateddate < Webcast_Mst.EventEndDateTime and
        Webcast_Mst.EventType = @Etype and Webcast_Mst.EventStatus = @y and Webcast_Mst.Title LIKE '%' + @searchname + '%' ORDER BY Webcast_Mst.EventStartDateTime
[2024-07-29T14:11:23.982Z] error: Error in /controller/physicalMeetCont/getMeetingWithStatus: Failed to connect to 216.48.176.144:1433 - Could not connect (sequence). SQL query: SELECT WcCode, Title, EventStartDateTime, EventEndDateTime, CreatedDate FROM Webcast_Mst
                where  @formateddate < EventEndDateTime and EventType = @Etype and EventStatus = @y and Title LIKE '%' + @searchname + '%' ORDER BY EventStartDateTime
[2024-07-29T14:13:23.964Z] error: Error in /controller/physicalMeetCont/getTotalMeeting: Failed to connect to 216.48.176.144:1433 - Could not connect (sequence). SQL query: select COALESCE(COUNT(*), 0) as totalMeeting from Webcast_Mst where eventType = @event and EventStatus = @y
[2024-07-29T14:13:23.977Z] error: Error in /controller/virtualMeetCont/getTotalMeeting: Failed to connect to 216.48.176.144:1433 - Could not connect (sequence). SQL query: select COALESCE(COUNT(*), 0) as totalMeeting FROM Webcast_Mst Inner Join Webcast_Webinar_Mst on  
      Webcast_Mst.WcCode = Webcast_Webinar_Mst.fk_mid 
      where Webcast_Mst.eventType = @event and Webcast_Mst.EventStatus = @y
[2024-07-29T14:13:23.983Z] error: Error in /controller/physicalMeetCont/getTotalUpcomingMeeting: Failed to connect to 216.48.176.144:1433 - Could not connect (sequence). SQL query: select COALESCE(COUNT(*), 0) as totalUpcomingMeeting from Webcast_Mst where @formateddate < EventEndDateTime and eventType = @event and EventStatus = @y
[2024-07-29T14:13:24.000Z] error: Error in /controller/virtualMeetCont/getTotalUpcomingMeeting: Failed to connect to 216.48.176.144:1433 - Could not connect (sequence). SQL query: select COALESCE(COUNT(*), 0) as totalUpcomingMeeting FROM Webcast_Mst Inner Join Webcast_Webinar_Mst on  
      Webcast_Mst.WcCode = Webcast_Webinar_Mst.fk_mid 
      where @formateddate < Webcast_Mst.EventEndDateTime and Webcast_Mst.eventType = @event and Webcast_Mst.EventStatus = @y
[2024-07-29T14:13:24.024Z] error: Error in /controller/physicalMeetCont/getTotalCompletedMeeting: Failed to connect to 216.48.176.144:1433 - Could not connect (sequence). SQL query: select COALESCE(COUNT(*), 0) as totalCompletedMeeting from Webcast_Mst where @formateddate > EventEndDateTime and eventType = @event and EventStatus = @y
[2024-07-29T14:13:24.034Z] error: Error in /controller/virtualMeetCont/getTotalCompletedMeeting: Failed to connect to 216.48.176.144:1433 - Could not connect (sequence). SQL query: select COALESCE(COUNT(*), 0) as totalCompletedMeeting FROM Webcast_Mst Inner Join Webcast_Webinar_Mst on  
      Webcast_Mst.WcCode = Webcast_Webinar_Mst.fk_mid 
      where @formateddate > Webcast_Mst.EventEndDateTime and Webcast_Mst.eventType = @event and Webcast_Mst.EventStatus = @y
[2024-07-29T14:13:24.055Z] error: Error in /controller/physicalMeetCont/getTotalMeeting: Failed to connect to 216.48.176.144:1433 - Could not connect (sequence). SQL query: select COALESCE(COUNT(*), 0) as totalMeeting from Webcast_Mst where eventType = @event and EventStatus = @y
[2024-07-29T14:13:24.090Z] error: Error in /controller/virtualMeetCont/getTotalMeeting: Failed to connect to 216.48.176.144:1433 - Could not connect (sequence). SQL query: select COALESCE(COUNT(*), 0) as totalMeeting FROM Webcast_Mst Inner Join Webcast_Webinar_Mst on  
      Webcast_Mst.WcCode = Webcast_Webinar_Mst.fk_mid 
      where Webcast_Mst.eventType = @event and Webcast_Mst.EventStatus = @y
[2024-07-29T14:13:24.106Z] error: Error in /controller/physicalMeetCont/getTotalUpcomingMeeting: Failed to connect to 216.48.176.144:1433 - Could not connect (sequence). SQL query: select COALESCE(COUNT(*), 0) as totalUpcomingMeeting from Webcast_Mst where @formateddate < EventEndDateTime and eventType = @event and EventStatus = @y
[2024-07-29T14:13:24.121Z] error: Error in /controller/virtualMeetCont/getTotalUpcomingMeeting: Failed to connect to 216.48.176.144:1433 - Could not connect (sequence). SQL query: select COALESCE(COUNT(*), 0) as totalUpcomingMeeting FROM Webcast_Mst Inner Join Webcast_Webinar_Mst on  
      Webcast_Mst.WcCode = Webcast_Webinar_Mst.fk_mid 
      where @formateddate < Webcast_Mst.EventEndDateTime and Webcast_Mst.eventType = @event and Webcast_Mst.EventStatus = @y
[2024-07-29T14:13:24.129Z] error: Error in /controller/physicalMeetCont/getTotalCompletedMeeting: Failed to connect to 216.48.176.144:1433 - Could not connect (sequence). SQL query: select COALESCE(COUNT(*), 0) as totalCompletedMeeting from Webcast_Mst where @formateddate > EventEndDateTime and eventType = @event and EventStatus = @y
[2024-07-29T14:13:24.136Z] error: Error in /controller/virtualMeetCont/getTotalCompletedMeeting: Failed to connect to 216.48.176.144:1433 - Could not connect (sequence). SQL query: select COALESCE(COUNT(*), 0) as totalCompletedMeeting FROM Webcast_Mst Inner Join Webcast_Webinar_Mst on  
      Webcast_Mst.WcCode = Webcast_Webinar_Mst.fk_mid 
      where @formateddate > Webcast_Mst.EventEndDateTime and Webcast_Mst.eventType = @event and Webcast_Mst.EventStatus = @y
[2024-07-29T14:13:24.164Z] error: Error in /controller/physicalMeetCont/getMeetingData: Failed to connect to 216.48.176.144:1433 - Could not connect (sequence). SQL query: SELECT Webcast_Mst.Title, Webcast_Mst.WcCode,Webcast_Mst.Name ,Webcast_Mst.Mobile, Webcast_Mst.EventLocation, Webcast_Mst.EventStartDateTime, Webcast_Mst.EventEndDateTime,
            Webcast_Speaker_Detail.SpkName,Webcast_Speaker_Detail.SpkDesignation,Webcast_Speaker_Detail.Bio1,Webcast_Speaker_Detail.Bio2,
            Webcast_Speaker_Detail.Bio3
            FROM Webcast_Mst Left Join Webcast_Speaker_Detail on Webcast_Mst.WcCode = Webcast_Speaker_Detail.fk_mid
            and Webcast_Speaker_Detail.Status = @y 
            where Webcast_Mst.EventType = @Etype and Webcast_Mst.EventStatus = @y
            
[2024-07-29T14:13:24.185Z] error: Error in /controller/VirtualMeetCont/getMeetingData: Failed to connect to 216.48.176.144:1433 - Could not connect (sequence). SQL query: SELECT Webcast_Mst.Title,Webcast_Mst.WcCode,Webcast_Mst.Name ,Webcast_Mst.Mobile, Webcast_Mst.EventStartDateTime, Webcast_Mst.EventEndDateTime,
      Webcast_Speaker_Detail.SpkName,Webcast_Speaker_Detail.SpkDesignation,Webcast_Speaker_Detail.Bio1,Webcast_Speaker_Detail.Bio2,
      Webcast_Speaker_Detail.Bio3
      FROM Webcast_Mst Left Join Webcast_Speaker_Detail on Webcast_Mst.WcCode = Webcast_Speaker_Detail.fk_mid 
      and Webcast_Speaker_Detail.Status = @y
      where Webcast_Mst.EventType = @Etype and Webcast_Mst.EventStatus = @y;
[2024-07-29T14:13:24.190Z] error: Error in /controller/virtualMeetCont/getMeetingWithStatus: Failed to connect to 216.48.176.144:1433 - Could not connect (sequence). SQL query: SELECT Webcast_Mst.WcCode, Webcast_Mst.Title, 
        Webcast_Mst.EventStartDateTime, Webcast_Mst.EventEndDateTime,
        Webcast_Mst.CreatedDate,
        Webcast_Webinar_Mst.MeetingId,Webcast_Webinar_Mst.AccountId 
        FROM Webcast_Mst Inner Join Webcast_Webinar_Mst on  
        Webcast_Mst.WcCode = Webcast_Webinar_Mst.fk_mid where
        @formateddate < Webcast_Mst.EventEndDateTime and
        Webcast_Mst.EventType = @Etype and Webcast_Mst.EventStatus = @y and Webcast_Mst.Title LIKE '%' + @searchname + '%' ORDER BY Webcast_Mst.EventStartDateTime
[2024-07-29T14:13:24.215Z] error: Error in /controller/physicalMeetCont/getMeetingWithStatus: Failed to connect to 216.48.176.144:1433 - Could not connect (sequence). SQL query: SELECT WcCode, Title, EventStartDateTime, EventEndDateTime, CreatedDate FROM Webcast_Mst
                where  @formateddate < EventEndDateTime and EventType = @Etype and EventStatus = @y and Title LIKE '%' + @searchname + '%' ORDER BY EventStartDateTime
[2024-07-29T14:13:24.219Z] error: Error in /controller/physicalMeetCont/getMeetingData: Failed to connect to 216.48.176.144:1433 - Could not connect (sequence). SQL query: SELECT Webcast_Mst.Title, Webcast_Mst.WcCode,Webcast_Mst.Name ,Webcast_Mst.Mobile, Webcast_Mst.EventLocation, Webcast_Mst.EventStartDateTime, Webcast_Mst.EventEndDateTime,
            Webcast_Speaker_Detail.SpkName,Webcast_Speaker_Detail.SpkDesignation,Webcast_Speaker_Detail.Bio1,Webcast_Speaker_Detail.Bio2,
            Webcast_Speaker_Detail.Bio3
            FROM Webcast_Mst Left Join Webcast_Speaker_Detail on Webcast_Mst.WcCode = Webcast_Speaker_Detail.fk_mid
            and Webcast_Speaker_Detail.Status = @y 
            where Webcast_Mst.EventType = @Etype and Webcast_Mst.EventStatus = @y
            
[2024-07-29T14:13:24.229Z] error: Error in /controller/VirtualMeetCont/getMeetingData: Failed to connect to 216.48.176.144:1433 - Could not connect (sequence). SQL query: SELECT Webcast_Mst.Title,Webcast_Mst.WcCode,Webcast_Mst.Name ,Webcast_Mst.Mobile, Webcast_Mst.EventStartDateTime, Webcast_Mst.EventEndDateTime,
      Webcast_Speaker_Detail.SpkName,Webcast_Speaker_Detail.SpkDesignation,Webcast_Speaker_Detail.Bio1,Webcast_Speaker_Detail.Bio2,
      Webcast_Speaker_Detail.Bio3
      FROM Webcast_Mst Left Join Webcast_Speaker_Detail on Webcast_Mst.WcCode = Webcast_Speaker_Detail.fk_mid 
      and Webcast_Speaker_Detail.Status = @y
      where Webcast_Mst.EventType = @Etype and Webcast_Mst.EventStatus = @y;
[2024-07-29T14:13:24.254Z] error: Error in /controller/virtualMeetCont/getMeetingWithStatus: Failed to connect to 216.48.176.144:1433 - Could not connect (sequence). SQL query: SELECT Webcast_Mst.WcCode, Webcast_Mst.Title, 
        Webcast_Mst.EventStartDateTime, Webcast_Mst.EventEndDateTime,
        Webcast_Mst.CreatedDate,
        Webcast_Webinar_Mst.MeetingId,Webcast_Webinar_Mst.AccountId 
        FROM Webcast_Mst Inner Join Webcast_Webinar_Mst on  
        Webcast_Mst.WcCode = Webcast_Webinar_Mst.fk_mid where
        @formateddate < Webcast_Mst.EventEndDateTime and
        Webcast_Mst.EventType = @Etype and Webcast_Mst.EventStatus = @y and Webcast_Mst.Title LIKE '%' + @searchname + '%' ORDER BY Webcast_Mst.EventStartDateTime
[2024-07-29T14:13:24.268Z] error: Error in /controller/physicalMeetCont/getMeetingWithStatus: Failed to connect to 216.48.176.144:1433 - Could not connect (sequence). SQL query: SELECT WcCode, Title, EventStartDateTime, EventEndDateTime, CreatedDate FROM Webcast_Mst
                where  @formateddate < EventEndDateTime and EventType = @Etype and EventStatus = @y and Title LIKE '%' + @searchname + '%' ORDER BY EventStartDateTime
[2024-07-29T14:13:25.003Z] error: Error in /controller/virtualMeetCont/getMeetingWithStatus: Failed to connect to 216.48.176.144:1433 - Could not connect (sequence). SQL query: SELECT Webcast_Mst.WcCode, Webcast_Mst.Title, 
        Webcast_Mst.EventStartDateTime, Webcast_Mst.EventEndDateTime,
        Webcast_Mst.CreatedDate,
        Webcast_Webinar_Mst.MeetingId,Webcast_Webinar_Mst.AccountId 
        FROM Webcast_Mst Inner Join Webcast_Webinar_Mst on  
        Webcast_Mst.WcCode = Webcast_Webinar_Mst.fk_mid where
        @formateddate < Webcast_Mst.EventEndDateTime and
        Webcast_Mst.EventType = @Etype and Webcast_Mst.EventStatus = @y and Webcast_Mst.Title LIKE '%' + @searchname + '%' ORDER BY Webcast_Mst.EventStartDateTime
[2024-07-29T14:13:25.014Z] error: Error in /controller/physicalMeetCont/getMeetingWithStatus: Failed to connect to 216.48.176.144:1433 - Could not connect (sequence). SQL query: SELECT WcCode, Title, EventStartDateTime, EventEndDateTime, CreatedDate FROM Webcast_Mst
                where  @formateddate < EventEndDateTime and EventType = @Etype and EventStatus = @y and Title LIKE '%' + @searchname + '%' ORDER BY EventStartDateTime
[2024-07-29T14:17:12.716Z] error: Error in /controller/posterSelectCont/addPoster: Conversion failed when converting from a character string to uniqueidentifier.. SQL query: insert into Webcast_Poster_Mapping (poster_name,WcId,fk_mid,fk_pid,created_date) values(@pname,@fkwcid,@fkmid,@fkpid,@createdDate)
[2024-07-29T14:17:13.875Z] error: Error in /controller/posterSelectCont/addPoster: Conversion failed when converting from a character string to uniqueidentifier.. SQL query: insert into Webcast_Poster_Mapping (poster_name,WcId,fk_mid,fk_pid,created_date) values(@pname,@fkwcid,@fkmid,@fkpid,@createdDate)
[2024-07-29T14:17:20.342Z] error: Error in /controller/posterSelectCont/addPoster: Conversion failed when converting from a character string to uniqueidentifier.. SQL query: insert into Webcast_Poster_Mapping (poster_name,WcId,fk_mid,fk_pid,created_date) values(@pname,@fkwcid,@fkmid,@fkpid,@createdDate)
[2024-07-30T04:23:13.111Z] error: Error in /controller/physicalMeetCont/getMeetingByIdFormatDate: Failed to connect to 216.48.176.144:1433 - Could not connect (sequence). SQL query: SELECT Webcast_Mst.WcCode, Webcast_Mst.Name, Webcast_Mst.Mobile,
    Webcast_Mst.Title, Webcast_Mst.EventStartDateTime, Webcast_Mst.EventEndDateTime,
    Webcast_Mst.EventLocation, Webcast_Mst.IsPosterEnable,
    Client_Mst.FullName, Department_Mst.DeptName
    FROM Webcast_Mst 
    Inner Join Client_Mst on Webcast_Mst.ClientCode = Client_Mst.ClientCode
    Inner Join Department_Mst on Webcast_Mst.DeptId = Department_Mst.DeptId 
    where 
    WcCode = @id and EventStatus = @y
[2024-07-30T04:23:13.126Z] error: Error in /controller/speakerDetlCont/getSpeaker: Failed to connect to 216.48.176.144:1433 - Could not connect (sequence). SQL query: SELECT  Id , SpkName, SpkImage, SpkDesignation,Bio1,Bio2,Bio3 FROM Webcast_Speaker_Detail where fk_mid = @fkmid and Status= @y
[2024-07-30T04:23:13.132Z] error: Error in /controller/posterSelectCont/getPosterById: Failed to connect to 216.48.176.144:1433 - Could not connect (sequence). SQL query: SELECT Webcast_Poster_Mst.client_id, Webcast_Poster_Mst.height, Webcast_Poster_Mst.width, Webcast_Poster_Mapping.fk_mid,
   Webcast_Poster_Mapping.fk_pid, Webcast_Poster_Mapping.poster_name from Webcast_Poster_Mst inner join Webcast_Poster_Mapping on
   Webcast_Poster_Mst.poster_id = Webcast_Poster_Mapping.fk_pid where Webcast_Poster_Mapping.fk_mid = @fkid;
[2024-07-30T04:23:13.138Z] error: Error in /controller/physicalMeetCont/getMeetingByIdFormatDate: Failed to connect to 216.48.176.144:1433 - Could not connect (sequence). SQL query: SELECT Webcast_Mst.WcCode, Webcast_Mst.Name, Webcast_Mst.Mobile,
    Webcast_Mst.Title, Webcast_Mst.EventStartDateTime, Webcast_Mst.EventEndDateTime,
    Webcast_Mst.EventLocation, Webcast_Mst.IsPosterEnable,
    Client_Mst.FullName, Department_Mst.DeptName
    FROM Webcast_Mst 
    Inner Join Client_Mst on Webcast_Mst.ClientCode = Client_Mst.ClientCode
    Inner Join Department_Mst on Webcast_Mst.DeptId = Department_Mst.DeptId 
    where 
    WcCode = @id and EventStatus = @y
[2024-07-30T04:23:13.149Z] error: Error in /controller/speakerDetlCont/getSpeaker: Failed to connect to 216.48.176.144:1433 - Could not connect (sequence). SQL query: SELECT  Id , SpkName, SpkImage, SpkDesignation,Bio1,Bio2,Bio3 FROM Webcast_Speaker_Detail where fk_mid = @fkmid and Status= @y
[2024-07-30T04:23:13.156Z] error: Error in /controller/posterSelectCont/getPosterById: Failed to connect to 216.48.176.144:1433 - Could not connect (sequence). SQL query: SELECT Webcast_Poster_Mst.client_id, Webcast_Poster_Mst.height, Webcast_Poster_Mst.width, Webcast_Poster_Mapping.fk_mid,
   Webcast_Poster_Mapping.fk_pid, Webcast_Poster_Mapping.poster_name from Webcast_Poster_Mst inner join Webcast_Poster_Mapping on
   Webcast_Poster_Mst.poster_id = Webcast_Poster_Mapping.fk_pid where Webcast_Poster_Mapping.fk_mid = @fkid;
[2025-02-20T01:40:18.407Z] error: Error in /controller/physicalMeetCont/getTotalUpcomingMeeting: Failed to connect to 216.48.176.144:1433 - Could not connect (sequence). SQL query: select COALESCE(COUNT(*), 0) as totalUpcomingMeeting from Webcast_Mst where @formateddate < EventEndDateTime and eventType = @event and EventStatus = @y
[2025-02-20T01:40:18.440Z] error: Error in /controller/physicalMeetCont/getTotalMeeting: Failed to connect to 216.48.176.144:1433 - Could not connect (sequence). SQL query: select COALESCE(COUNT(*), 0) as totalMeeting from Webcast_Mst where eventType = @event and EventStatus = @y
[2025-02-20T01:40:18.451Z] error: Error in /controller/virtualMeetCont/getTotalCompletedMeeting: Failed to connect to 216.48.176.144:1433 - Could not connect (sequence). SQL query: select COALESCE(COUNT(*), 0) as totalCompletedMeeting FROM Webcast_Mst Inner Join Webcast_Webinar_Mst on  
      Webcast_Mst.WcCode = Webcast_Webinar_Mst.fk_mid 
      where @formateddate > Webcast_Mst.EventEndDateTime and Webcast_Mst.eventType = @event and Webcast_Mst.EventStatus = @y
[2025-02-20T01:40:18.464Z] error: Error in /controller/virtualMeetCont/getTotalMeeting: Failed to connect to 216.48.176.144:1433 - Could not connect (sequence). SQL query: select COALESCE(COUNT(*), 0) as totalMeeting FROM Webcast_Mst Inner Join Webcast_Webinar_Mst on  
      Webcast_Mst.WcCode = Webcast_Webinar_Mst.fk_mid 
      where Webcast_Mst.eventType = @event and Webcast_Mst.EventStatus = @y
[2025-02-20T01:40:18.502Z] error: Error in /controller/virtualMeetCont/getTotalUpcomingMeeting: Failed to connect to 216.48.176.144:1433 - Could not connect (sequence). SQL query: select COALESCE(COUNT(*), 0) as totalUpcomingMeeting FROM Webcast_Mst Inner Join Webcast_Webinar_Mst on  
      Webcast_Mst.WcCode = Webcast_Webinar_Mst.fk_mid 
      where @formateddate < Webcast_Mst.EventEndDateTime and Webcast_Mst.eventType = @event and Webcast_Mst.EventStatus = @y
[2025-02-20T01:40:18.510Z] error: Error in /controller/physicalMeetCont/getTotalCompletedMeeting: Failed to connect to 216.48.176.144:1433 - Could not connect (sequence). SQL query: select COALESCE(COUNT(*), 0) as totalCompletedMeeting from Webcast_Mst where @formateddate > EventEndDateTime and eventType = @event and EventStatus = @y
[2025-02-20T01:40:18.524Z] error: Error in /controller/VirtualMeetCont/getMeetingData: Failed to connect to 216.48.176.144:1433 - Could not connect (sequence). SQL query: SELECT Webcast_Mst.Title,Webcast_Mst.WcCode,Webcast_Mst.Name ,Webcast_Mst.Mobile, Webcast_Mst.EventStartDateTime, Webcast_Mst.EventEndDateTime,
      Webcast_Speaker_Detail.SpkName,Webcast_Speaker_Detail.SpkDesignation,Webcast_Speaker_Detail.Bio1,Webcast_Speaker_Detail.Bio2,
      Webcast_Speaker_Detail.Bio3
      FROM Webcast_Mst Left Join Webcast_Speaker_Detail on Webcast_Mst.WcCode = Webcast_Speaker_Detail.fk_mid 
      and Webcast_Speaker_Detail.Status = @y
      where Webcast_Mst.EventType = @Etype and Webcast_Mst.EventStatus = @y;
[2025-02-20T01:40:18.546Z] error: Error in /controller/virtualMeetCont/getMeetingWithStatus: Failed to connect to 216.48.176.144:1433 - Could not connect (sequence). SQL query: SELECT Webcast_Mst.WcCode, Webcast_Mst.Title, 
        Webcast_Mst.EventStartDateTime, Webcast_Mst.EventEndDateTime,
        Webcast_Mst.CreatedDate,
        Webcast_Webinar_Mst.MeetingId,Webcast_Webinar_Mst.AccountId 
        FROM Webcast_Mst Inner Join Webcast_Webinar_Mst on  
        Webcast_Mst.WcCode = Webcast_Webinar_Mst.fk_mid where
        @formateddate < Webcast_Mst.EventEndDateTime and
        Webcast_Mst.EventType = @Etype and Webcast_Mst.EventStatus = @y and Webcast_Mst.Title LIKE '%' + @searchname + '%' ORDER BY Webcast_Mst.EventStartDateTime
[2025-02-20T01:40:18.558Z] error: Error in /controller/physicalMeetCont/getMeetingData: Failed to connect to 216.48.176.144:1433 - Could not connect (sequence). SQL query: SELECT Webcast_Mst.Title, Webcast_Mst.WcCode,Webcast_Mst.Name ,Webcast_Mst.Mobile, Webcast_Mst.EventLocation, Webcast_Mst.EventStartDateTime, Webcast_Mst.EventEndDateTime,
            Webcast_Speaker_Detail.SpkName,Webcast_Speaker_Detail.SpkDesignation,Webcast_Speaker_Detail.Bio1,Webcast_Speaker_Detail.Bio2,
            Webcast_Speaker_Detail.Bio3
            FROM Webcast_Mst Left Join Webcast_Speaker_Detail on Webcast_Mst.WcCode = Webcast_Speaker_Detail.fk_mid
            and Webcast_Speaker_Detail.Status = @y 
            where Webcast_Mst.EventType = @Etype and Webcast_Mst.EventStatus = @y
            
[2025-02-20T01:40:18.572Z] error: Error in /controller/physicalMeetCont/getMeetingWithStatus: Failed to connect to 216.48.176.144:1433 - Could not connect (sequence). SQL query: SELECT WcCode, Title, EventStartDateTime, EventEndDateTime, CreatedDate FROM Webcast_Mst
                where  @formateddate < EventEndDateTime and EventType = @Etype and EventStatus = @y and Title LIKE '%' + @searchname + '%' ORDER BY EventStartDateTime
[2025-02-20T01:40:19.498Z] error: Error in /controller/virtualMeetCont/getMeetingWithStatus: Failed to connect to 216.48.176.144:1433 - Could not connect (sequence). SQL query: SELECT Webcast_Mst.WcCode, Webcast_Mst.Title, 
        Webcast_Mst.EventStartDateTime, Webcast_Mst.EventEndDateTime,
        Webcast_Mst.CreatedDate,
        Webcast_Webinar_Mst.MeetingId,Webcast_Webinar_Mst.AccountId 
        FROM Webcast_Mst Inner Join Webcast_Webinar_Mst on  
        Webcast_Mst.WcCode = Webcast_Webinar_Mst.fk_mid where
        @formateddate < Webcast_Mst.EventEndDateTime and
        Webcast_Mst.EventType = @Etype and Webcast_Mst.EventStatus = @y and Webcast_Mst.Title LIKE '%' + @searchname + '%' ORDER BY Webcast_Mst.EventStartDateTime
[2025-02-20T01:40:19.510Z] error: Error in /controller/physicalMeetCont/getMeetingWithStatus: Failed to connect to 216.48.176.144:1433 - Could not connect (sequence). SQL query: SELECT WcCode, Title, EventStartDateTime, EventEndDateTime, CreatedDate FROM Webcast_Mst
                where  @formateddate < EventEndDateTime and EventType = @Etype and EventStatus = @y and Title LIKE '%' + @searchname + '%' ORDER BY EventStartDateTime
[2025-02-20T01:40:21.475Z] error: Error in /controller/physicalMeetCont/getTotalMeeting: Failed to connect to 216.48.176.144:1433 - Could not connect (sequence). SQL query: select COALESCE(COUNT(*), 0) as totalMeeting from Webcast_Mst where eventType = @event and EventStatus = @y
[2025-02-20T01:40:21.489Z] error: Error in /controller/virtualMeetCont/getTotalMeeting: Failed to connect to 216.48.176.144:1433 - Could not connect (sequence). SQL query: select COALESCE(COUNT(*), 0) as totalMeeting FROM Webcast_Mst Inner Join Webcast_Webinar_Mst on  
      Webcast_Mst.WcCode = Webcast_Webinar_Mst.fk_mid 
      where Webcast_Mst.eventType = @event and Webcast_Mst.EventStatus = @y
[2025-02-20T01:40:21.493Z] error: Error in /controller/physicalMeetCont/getTotalUpcomingMeeting: Failed to connect to 216.48.176.144:1433 - Could not connect (sequence). SQL query: select COALESCE(COUNT(*), 0) as totalUpcomingMeeting from Webcast_Mst where @formateddate < EventEndDateTime and eventType = @event and EventStatus = @y
[2025-02-20T01:40:21.498Z] error: Error in /controller/virtualMeetCont/getTotalUpcomingMeeting: Failed to connect to 216.48.176.144:1433 - Could not connect (sequence). SQL query: select COALESCE(COUNT(*), 0) as totalUpcomingMeeting FROM Webcast_Mst Inner Join Webcast_Webinar_Mst on  
      Webcast_Mst.WcCode = Webcast_Webinar_Mst.fk_mid 
      where @formateddate < Webcast_Mst.EventEndDateTime and Webcast_Mst.eventType = @event and Webcast_Mst.EventStatus = @y
[2025-02-20T01:40:21.529Z] error: Error in /controller/physicalMeetCont/getTotalCompletedMeeting: Failed to connect to 216.48.176.144:1433 - Could not connect (sequence). SQL query: select COALESCE(COUNT(*), 0) as totalCompletedMeeting from Webcast_Mst where @formateddate > EventEndDateTime and eventType = @event and EventStatus = @y
[2025-02-20T01:40:21.539Z] error: Error in /controller/virtualMeetCont/getTotalCompletedMeeting: Failed to connect to 216.48.176.144:1433 - Could not connect (sequence). SQL query: select COALESCE(COUNT(*), 0) as totalCompletedMeeting FROM Webcast_Mst Inner Join Webcast_Webinar_Mst on  
      Webcast_Mst.WcCode = Webcast_Webinar_Mst.fk_mid 
      where @formateddate > Webcast_Mst.EventEndDateTime and Webcast_Mst.eventType = @event and Webcast_Mst.EventStatus = @y
[2025-02-20T01:40:21.545Z] error: Error in /controller/physicalMeetCont/getMeetingData: Failed to connect to 216.48.176.144:1433 - Could not connect (sequence). SQL query: SELECT Webcast_Mst.Title, Webcast_Mst.WcCode,Webcast_Mst.Name ,Webcast_Mst.Mobile, Webcast_Mst.EventLocation, Webcast_Mst.EventStartDateTime, Webcast_Mst.EventEndDateTime,
            Webcast_Speaker_Detail.SpkName,Webcast_Speaker_Detail.SpkDesignation,Webcast_Speaker_Detail.Bio1,Webcast_Speaker_Detail.Bio2,
            Webcast_Speaker_Detail.Bio3
            FROM Webcast_Mst Left Join Webcast_Speaker_Detail on Webcast_Mst.WcCode = Webcast_Speaker_Detail.fk_mid
            and Webcast_Speaker_Detail.Status = @y 
            where Webcast_Mst.EventType = @Etype and Webcast_Mst.EventStatus = @y
            
[2025-02-20T01:40:21.569Z] error: Error in /controller/VirtualMeetCont/getMeetingData: Failed to connect to 216.48.176.144:1433 - Could not connect (sequence). SQL query: SELECT Webcast_Mst.Title,Webcast_Mst.WcCode,Webcast_Mst.Name ,Webcast_Mst.Mobile, Webcast_Mst.EventStartDateTime, Webcast_Mst.EventEndDateTime,
      Webcast_Speaker_Detail.SpkName,Webcast_Speaker_Detail.SpkDesignation,Webcast_Speaker_Detail.Bio1,Webcast_Speaker_Detail.Bio2,
      Webcast_Speaker_Detail.Bio3
      FROM Webcast_Mst Left Join Webcast_Speaker_Detail on Webcast_Mst.WcCode = Webcast_Speaker_Detail.fk_mid 
      and Webcast_Speaker_Detail.Status = @y
      where Webcast_Mst.EventType = @Etype and Webcast_Mst.EventStatus = @y;
[2025-02-20T01:40:21.579Z] error: Error in /controller/virtualMeetCont/getMeetingWithStatus: Failed to connect to 216.48.176.144:1433 - Could not connect (sequence). SQL query: SELECT Webcast_Mst.WcCode, Webcast_Mst.Title, 
        Webcast_Mst.EventStartDateTime, Webcast_Mst.EventEndDateTime,
        Webcast_Mst.CreatedDate,
        Webcast_Webinar_Mst.MeetingId,Webcast_Webinar_Mst.AccountId 
        FROM Webcast_Mst Inner Join Webcast_Webinar_Mst on  
        Webcast_Mst.WcCode = Webcast_Webinar_Mst.fk_mid where
        @formateddate < Webcast_Mst.EventEndDateTime and
        Webcast_Mst.EventType = @Etype and Webcast_Mst.EventStatus = @y and Webcast_Mst.Title LIKE '%' + @searchname + '%' ORDER BY Webcast_Mst.EventStartDateTime
[2025-02-20T01:40:21.591Z] error: Error in /controller/physicalMeetCont/getMeetingWithStatus: Failed to connect to 216.48.176.144:1433 - Could not connect (sequence). SQL query: SELECT WcCode, Title, EventStartDateTime, EventEndDateTime, CreatedDate FROM Webcast_Mst
                where  @formateddate < EventEndDateTime and EventType = @Etype and EventStatus = @y and Title LIKE '%' + @searchname + '%' ORDER BY EventStartDateTime
[2025-02-20T01:40:22.488Z] error: Error in /controller/virtualMeetCont/getMeetingWithStatus: Failed to connect to 216.48.176.144:1433 - Could not connect (sequence). SQL query: SELECT Webcast_Mst.WcCode, Webcast_Mst.Title, 
        Webcast_Mst.EventStartDateTime, Webcast_Mst.EventEndDateTime,
        Webcast_Mst.CreatedDate,
        Webcast_Webinar_Mst.MeetingId,Webcast_Webinar_Mst.AccountId 
        FROM Webcast_Mst Inner Join Webcast_Webinar_Mst on  
        Webcast_Mst.WcCode = Webcast_Webinar_Mst.fk_mid where
        @formateddate < Webcast_Mst.EventEndDateTime and
        Webcast_Mst.EventType = @Etype and Webcast_Mst.EventStatus = @y and Webcast_Mst.Title LIKE '%' + @searchname + '%' ORDER BY Webcast_Mst.EventStartDateTime
[2025-02-20T01:40:22.499Z] error: Error in /controller/physicalMeetCont/getMeetingWithStatus: Failed to connect to 216.48.176.144:1433 - Could not connect (sequence). SQL query: SELECT WcCode, Title, EventStartDateTime, EventEndDateTime, CreatedDate FROM Webcast_Mst
                where  @formateddate < EventEndDateTime and EventType = @Etype and EventStatus = @y and Title LIKE '%' + @searchname + '%' ORDER BY EventStartDateTime
[2025-02-20T01:49:44.256Z] error: Error in /controller/VirtualMeet/addMeeting: Request failed with status code 400
[2025-02-20T01:52:29.538Z] error: Error in /controller/VirtualMeet/addMeeting: Request failed with status code 400
[2025-02-20T01:57:56.449Z] error: Error in /controller/VirtualMeet/addMeeting: Request failed with status code 400
[2025-03-10T12:32:54.784Z] error: Error in /controller/VirtualMeet/addMeeting: appendSheet is not defined
[2025-03-11T07:47:41.915Z] error: Error in /controller/adminCont/getAllMeetingCounts: Must declare the scalar variable "@formateddate".
[2025-03-11T07:49:49.103Z] error: Error in /controller/adminCont/getAllMeetingCounts: Must declare the scalar variable "@formateddate".
[2025-03-11T07:49:52.861Z] error: Error in /controller/adminCont/getAllMeetingCounts: Must declare the scalar variable "@formateddate".
[2025-03-12T06:28:31.359Z] error: Error in /controller/adminCont/getMeetingWithStatus: Must declare the scalar variable "@formateddate".. SQL query: SELECT WcCode, Title, EventStartDateTime, EventEndDateTime, CreatedDate FROM Webcast_Mst
              where  @formateddate > EventEndDateTime and EventType = @Etype and EventStatus = @y and Title LIKE '%' + @searchname + '%' ORDER BY EventStartDateTime DESC
[2025-03-12T06:31:09.157Z] error: Error in /controller/adminCont/getMeetingWithStatus: Must declare the scalar variable "@formateddate".. SQL query: SELECT WcCode, Title, EventStartDateTime, EventEndDateTime, CreatedDate FROM Webcast_Mst
              where  @formateddate > EventEndDateTime and EventType = @Etype and EventStatus = @y and Title LIKE '%' + @searchname + '%' ORDER BY EventStartDateTime DESC
[2025-03-12T06:39:27.037Z] error: Error in /controller/adminCont/getMeetingList: Connection is closed.. SQL query: SELECT Webcast_Mst.WcCode, Webcast_Mst.Title, 
          Webcast_Mst.CreatedDate,Webcast_Mst.EventStartDateTime, Webcast_Mst.EventEndDateTime,
          Webcast_Webinar_Mst.MeetingId,Webcast_Webinar_Mst.AccountId,
          Webcast_Webinar_Mst.RoomUrl 
          FROM Webcast_Mst Inner Join Webcast_Webinar_Mst on  
          Webcast_Mst.WcCode = Webcast_Webinar_Mst.fk_mid where
          Webcast_Mst.EventType = @Etype and Webcast_Mst.EventStatus = @y and Webcast_Mst.Title LIKE '%' + @searchname + '%' ORDER BY Webcast_Mst.EventStartDateTime DESC
[2025-03-12T07:34:59.647Z] error: Error in /controller/adminCont/getMeetingList: Failed to connect to 216.48.176.144:1433 - Could not connect (sequence). SQL query: SELECT Webcast_Mst.WcCode, Webcast_Mst.Title, 
          Webcast_Mst.CreatedDate,Webcast_Mst.EventStartDateTime, Webcast_Mst.EventEndDateTime,
          Webcast_Webinar_Mst.MeetingId,Webcast_Webinar_Mst.AccountId,
          Webcast_Webinar_Mst.PresenterUrl,Webcast_Webinar_Mst.AttendeeUrl
          FROM Webcast_Mst Inner Join Webcast_Webinar_Mst on  
          Webcast_Mst.WcCode = Webcast_Webinar_Mst.fk_mid where
          Webcast_Mst.EventType = @Etype and Webcast_Mst.EventStatus = @y and Webcast_Mst.Title LIKE '%' + @searchname + '%' ORDER BY Webcast_Mst.EventStartDateTime DESC
[2025-03-12T07:34:59.662Z] error: Error in /controller/adminCont/getMeetingWithStatus: Failed to connect to 216.48.176.144:1433 - Could not connect (sequence). SQL query: SELECT WcCode, Title, EventStartDateTime, EventEndDateTime, CreatedDate FROM Webcast_Mst
              where EventType = @Etype and EventStatus = @y and Title LIKE '%' + @searchname + '%' ORDER BY EventStartDateTime DESC
[2025-03-12T07:35:12.634Z] error: Error in /controller/adminCont/getMeetingList: Failed to connect to 216.48.176.144:1433 - Could not connect (sequence). SQL query: SELECT Webcast_Mst.WcCode, Webcast_Mst.Title, 
          Webcast_Mst.CreatedDate,Webcast_Mst.EventStartDateTime, Webcast_Mst.EventEndDateTime,
          Webcast_Webinar_Mst.MeetingId,Webcast_Webinar_Mst.AccountId,
          Webcast_Webinar_Mst.PresenterUrl,Webcast_Webinar_Mst.AttendeeUrl
          FROM Webcast_Mst Inner Join Webcast_Webinar_Mst on  
          Webcast_Mst.WcCode = Webcast_Webinar_Mst.fk_mid where
          Webcast_Mst.EventType = @Etype and Webcast_Mst.EventStatus = @y and Webcast_Mst.Title LIKE '%' + @searchname + '%' ORDER BY Webcast_Mst.EventStartDateTime DESC
[2025-03-12T07:35:12.642Z] error: Error in /controller/adminCont/getMeetingWithStatus: Failed to connect to 216.48.176.144:1433 - Could not connect (sequence). SQL query: SELECT WcCode, Title, EventStartDateTime, EventEndDateTime, CreatedDate FROM Webcast_Mst
              where EventType = @Etype and EventStatus = @y and Title LIKE '%' + @searchname + '%' ORDER BY EventStartDateTime DESC
[2025-03-12T09:24:59.882Z] error: Error in /controller/adminCont/getMeetingList: Failed to connect to 216.48.176.144:1433 - Could not connect (sequence). SQL query: SELECT Webcast_Mst.WcCode, Webcast_Mst.Title, 
          Webcast_Mst.CreatedDate,Webcast_Mst.EventStartDateTime, Webcast_Mst.EventEndDateTime,
          Webcast_Webinar_Mst.MeetingId,Webcast_Webinar_Mst.AccountId,
          Webcast_Webinar_Mst.PresenterUrl,Webcast_Webinar_Mst.AttendeeUrl
          FROM Webcast_Mst Inner Join Webcast_Webinar_Mst on  
          Webcast_Mst.WcCode = Webcast_Webinar_Mst.fk_mid where
          Webcast_Mst.EventType = @Etype and Webcast_Mst.EventStatus = @y and Webcast_Mst.Title LIKE '%' + @searchname + '%' ORDER BY Webcast_Mst.EventStartDateTime DESC
[2025-03-12T09:24:59.938Z] error: Error in /controller/adminCont/getMeetingWithStatus: Failed to connect to 216.48.176.144:1433 - Could not connect (sequence). SQL query: SELECT WcCode, Title, EventStartDateTime, EventEndDateTime, CreatedDate FROM Webcast_Mst
              where EventType = @Etype and EventStatus = @y and Title LIKE '%' + @searchname + '%' ORDER BY EventStartDateTime DESC
[2025-03-12T09:25:07.391Z] error: Error in /controller/adminCont/getMeetingWithStatus: Failed to connect to 216.48.176.144:1433 - Could not connect (sequence). SQL query: SELECT WcCode, Title, EventStartDateTime, EventEndDateTime, CreatedDate FROM Webcast_Mst
              where EventType = @Etype and EventStatus = @y and Title LIKE '%' + @searchname + '%' ORDER BY EventStartDateTime DESC
[2025-03-12T09:25:07.401Z] error: Error in /controller/adminCont/getMeetingWithStatus: Failed to connect to 216.48.176.144:1433 - Could not connect (sequence). SQL query: SELECT WcCode, Title, EventStartDateTime, EventEndDateTime, CreatedDate FROM Webcast_Mst
              where EventType = @Etype and EventStatus = @y and Title LIKE '%' + @searchname + '%' ORDER BY EventStartDateTime DESC
[2025-03-12T09:25:07.406Z] error: Error in /controller/adminCont/getMeetingList: Failed to connect to 216.48.176.144:1433 - Could not connect (sequence). SQL query: SELECT Webcast_Mst.WcCode, Webcast_Mst.Title, 
          Webcast_Mst.CreatedDate,Webcast_Mst.EventStartDateTime, Webcast_Mst.EventEndDateTime,
          Webcast_Webinar_Mst.MeetingId,Webcast_Webinar_Mst.AccountId,
          Webcast_Webinar_Mst.PresenterUrl,Webcast_Webinar_Mst.AttendeeUrl
          FROM Webcast_Mst Inner Join Webcast_Webinar_Mst on  
          Webcast_Mst.WcCode = Webcast_Webinar_Mst.fk_mid where
          Webcast_Mst.EventType = @Etype and Webcast_Mst.EventStatus = @y and Webcast_Mst.Title LIKE '%' + @searchname + '%' ORDER BY Webcast_Mst.EventStartDateTime DESC
[2025-03-12T09:25:07.413Z] error: Error in /controller/adminCont/getMeetingList: Failed to connect to 216.48.176.144:1433 - Could not connect (sequence). SQL query: SELECT Webcast_Mst.WcCode, Webcast_Mst.Title, 
          Webcast_Mst.CreatedDate,Webcast_Mst.EventStartDateTime, Webcast_Mst.EventEndDateTime,
          Webcast_Webinar_Mst.MeetingId,Webcast_Webinar_Mst.AccountId,
          Webcast_Webinar_Mst.PresenterUrl,Webcast_Webinar_Mst.AttendeeUrl
          FROM Webcast_Mst Inner Join Webcast_Webinar_Mst on  
          Webcast_Mst.WcCode = Webcast_Webinar_Mst.fk_mid where
          Webcast_Mst.EventType = @Etype and Webcast_Mst.EventStatus = @y and Webcast_Mst.Title LIKE '%' + @searchname + '%' ORDER BY Webcast_Mst.EventStartDateTime DESC
[2025-03-12T12:28:59.837Z] error: Error in /controller/adminCont/getMeetingList: Validation failed for parameter 'sdate'. Invalid string.. SQL query: SELECT Webcast_Mst.WcCode, Webcast_Mst.Title, 
          Webcast_Mst.EventStartDateTime, Webcast_Mst.EventEndDateTime,
          Webcast_Mst.CreatedDate,
          Webcast_Webinar_Mst.MeetingId,Webcast_Webinar_Mst.AccountId, 
          Webcast_Webinar_Mst.PresenterUrl,Webcast_Webinar_Mst.AttendeeUrl
          FROM Webcast_Mst Inner Join Webcast_Webinar_Mst on  
          Webcast_Mst.WcCode = Webcast_Webinar_Mst.fk_mid where
          Webcast_Mst.EventType = @Etype and Webcast_Mst.EventStatus = @y and Webcast_Mst.EventStartDateTime between @sdate and @edate and Webcast_Mst.Title LIKE '%' + @searchname + '%' ORDER BY Webcast_Mst.EventStartDateTime
[2025-03-12T12:31:01.244Z] error: Error in /controller/adminCont/getMeetingList: Validation failed for parameter 'sdate'. Invalid string.. SQL query: SELECT Webcast_Mst.WcCode, Webcast_Mst.Title, 
          Webcast_Mst.EventStartDateTime, Webcast_Mst.EventEndDateTime,
          Webcast_Mst.CreatedDate,
          Webcast_Webinar_Mst.MeetingId,Webcast_Webinar_Mst.AccountId, 
          Webcast_Webinar_Mst.PresenterUrl,Webcast_Webinar_Mst.AttendeeUrl
          FROM Webcast_Mst Inner Join Webcast_Webinar_Mst on  
          Webcast_Mst.WcCode = Webcast_Webinar_Mst.fk_mid where
          Webcast_Mst.EventType = @Etype and Webcast_Mst.EventStatus = @y and Webcast_Mst.EventStartDateTime between @sdate and @edate and Webcast_Mst.Title LIKE '%' + @searchname + '%' ORDER BY Webcast_Mst.EventStartDateTime
[2025-03-12T15:02:44.904Z] error: Error in /controller/adminCont/getMeetingList: Failed to connect to 216.48.176.144:1433 - Could not connect (sequence). SQL query: SELECT Webcast_Mst.WcCode, Webcast_Mst.Title, 
          Webcast_Mst.CreatedDate,Webcast_Mst.EventStartDateTime, Webcast_Mst.EventEndDateTime,
          Webcast_Webinar_Mst.MeetingId,Webcast_Webinar_Mst.AccountId,
          Webcast_Webinar_Mst.PresenterUrl,Webcast_Webinar_Mst.AttendeeUrl
          FROM Webcast_Mst Inner Join Webcast_Webinar_Mst on  
          Webcast_Mst.WcCode = Webcast_Webinar_Mst.fk_mid where
          Webcast_Mst.EventType = @Etype and Webcast_Mst.EventStatus = @y and Webcast_Mst.Title LIKE '%' + @searchname + '%' ORDER BY Webcast_Mst.EventStartDateTime DESC
[2025-03-12T15:02:45.742Z] error: Error in /controller/adminCont/getMeetingWithStatus: Failed to connect to 216.48.176.144:1433 - Could not connect (sequence). SQL query: SELECT WcCode, Title, EventStartDateTime, EventEndDateTime, CreatedDate FROM Webcast_Mst
              where EventType = @Etype and EventStatus = @y and Title LIKE '%' + @searchname + '%' ORDER BY EventStartDateTime DESC
[2025-03-12T15:02:46.095Z] error: Error in /controller/adminCont/getMeetingWithStatus: Failed to connect to 216.48.176.144:1433 - Could not connect (sequence). SQL query: SELECT WcCode, Title, EventStartDateTime, EventEndDateTime, CreatedDate FROM Webcast_Mst
              where EventType = @Etype and EventStatus = @y and Title LIKE '%' + @searchname + '%' ORDER BY EventStartDateTime DESC
[2025-03-12T15:02:46.104Z] error: Error in /controller/adminCont/getMeetingList: Failed to connect to 216.48.176.144:1433 - Could not connect (sequence). SQL query: SELECT Webcast_Mst.WcCode, Webcast_Mst.Title, 
          Webcast_Mst.CreatedDate,Webcast_Mst.EventStartDateTime, Webcast_Mst.EventEndDateTime,
          Webcast_Webinar_Mst.MeetingId,Webcast_Webinar_Mst.AccountId,
          Webcast_Webinar_Mst.PresenterUrl,Webcast_Webinar_Mst.AttendeeUrl
          FROM Webcast_Mst Inner Join Webcast_Webinar_Mst on  
          Webcast_Mst.WcCode = Webcast_Webinar_Mst.fk_mid where
          Webcast_Mst.EventType = @Etype and Webcast_Mst.EventStatus = @y and Webcast_Mst.Title LIKE '%' + @searchname + '%' ORDER BY Webcast_Mst.EventStartDateTime DESC
[2025-03-12T15:02:46.109Z] error: Error in /controller/adminCont/getMeetingList: Failed to connect to 216.48.176.144:1433 - Could not connect (sequence). SQL query: SELECT Webcast_Mst.WcCode, Webcast_Mst.Title, 
          Webcast_Mst.CreatedDate,Webcast_Mst.EventStartDateTime, Webcast_Mst.EventEndDateTime,
          Webcast_Webinar_Mst.MeetingId,Webcast_Webinar_Mst.AccountId,
          Webcast_Webinar_Mst.PresenterUrl,Webcast_Webinar_Mst.AttendeeUrl
          FROM Webcast_Mst Inner Join Webcast_Webinar_Mst on  
          Webcast_Mst.WcCode = Webcast_Webinar_Mst.fk_mid where
          Webcast_Mst.EventType = @Etype and Webcast_Mst.EventStatus = @y and Webcast_Mst.Title LIKE '%' + @searchname + '%' ORDER BY Webcast_Mst.EventStartDateTime DESC
[2025-03-12T15:02:46.122Z] error: Error in /controller/adminCont/getMeetingWithStatus: Failed to connect to 216.48.176.144:1433 - Could not connect (sequence). SQL query: SELECT WcCode, Title, EventStartDateTime, EventEndDateTime, CreatedDate FROM Webcast_Mst
              where EventType = @Etype and EventStatus = @y and Title LIKE '%' + @searchname + '%' ORDER BY EventStartDateTime DESC
[2025-03-12T15:02:46.335Z] error: Error in /controller/adminCont/getMeetingWithStatus: Failed to connect to 216.48.176.144:1433 - Could not connect (sequence). SQL query: SELECT WcCode, Title, EventStartDateTime, EventEndDateTime, CreatedDate FROM Webcast_Mst
              where EventType = @Etype and EventStatus = @y and Title LIKE '%' + @searchname + '%' ORDER BY EventStartDateTime DESC
[2025-03-12T15:02:46.373Z] error: Error in /controller/adminCont/getMeetingList: Failed to connect to 216.48.176.144:1433 - Could not connect (sequence). SQL query: SELECT Webcast_Mst.WcCode, Webcast_Mst.Title, 
          Webcast_Mst.CreatedDate,Webcast_Mst.EventStartDateTime, Webcast_Mst.EventEndDateTime,
          Webcast_Webinar_Mst.MeetingId,Webcast_Webinar_Mst.AccountId,
          Webcast_Webinar_Mst.PresenterUrl,Webcast_Webinar_Mst.AttendeeUrl
          FROM Webcast_Mst Inner Join Webcast_Webinar_Mst on  
          Webcast_Mst.WcCode = Webcast_Webinar_Mst.fk_mid where
          Webcast_Mst.EventType = @Etype and Webcast_Mst.EventStatus = @y and Webcast_Mst.Title LIKE '%' + @searchname + '%' ORDER BY Webcast_Mst.EventStartDateTime DESC
[2025-03-12T15:02:46.476Z] error: Error in /controller/adminCont/getMeetingWithStatus: Failed to connect to 216.48.176.144:1433 - Could not connect (sequence). SQL query: SELECT WcCode, Title, EventStartDateTime, EventEndDateTime, CreatedDate FROM Webcast_Mst
              where EventType = @Etype and EventStatus = @y and Title LIKE '%' + @searchname + '%' ORDER BY EventStartDateTime DESC
[2025-03-12T15:02:46.488Z] error: Error in /controller/adminCont/getMeetingList: Failed to connect to 216.48.176.144:1433 - Could not connect (sequence). SQL query: SELECT Webcast_Mst.WcCode, Webcast_Mst.Title, 
          Webcast_Mst.CreatedDate,Webcast_Mst.EventStartDateTime, Webcast_Mst.EventEndDateTime,
          Webcast_Webinar_Mst.MeetingId,Webcast_Webinar_Mst.AccountId,
          Webcast_Webinar_Mst.PresenterUrl,Webcast_Webinar_Mst.AttendeeUrl
          FROM Webcast_Mst Inner Join Webcast_Webinar_Mst on  
          Webcast_Mst.WcCode = Webcast_Webinar_Mst.fk_mid where
          Webcast_Mst.EventType = @Etype and Webcast_Mst.EventStatus = @y and Webcast_Mst.Title LIKE '%' + @searchname + '%' ORDER BY Webcast_Mst.EventStartDateTime DESC
[2025-03-12T15:02:46.509Z] error: Error in /controller/adminCont/getMeetingWithStatus: Failed to connect to 216.48.176.144:1433 - Could not connect (sequence). SQL query: SELECT WcCode, Title, EventStartDateTime, EventEndDateTime, CreatedDate FROM Webcast_Mst
              where EventType = @Etype and EventStatus = @y and Title LIKE '%' + @searchname + '%' ORDER BY EventStartDateTime DESC
[2025-03-12T15:02:46.654Z] error: Error in /controller/adminCont/getMeetingList: Failed to connect to 216.48.176.144:1433 - Could not connect (sequence). SQL query: SELECT Webcast_Mst.WcCode, Webcast_Mst.Title, 
          Webcast_Mst.CreatedDate,Webcast_Mst.EventStartDateTime, Webcast_Mst.EventEndDateTime,
          Webcast_Webinar_Mst.MeetingId,Webcast_Webinar_Mst.AccountId,
          Webcast_Webinar_Mst.PresenterUrl,Webcast_Webinar_Mst.AttendeeUrl
          FROM Webcast_Mst Inner Join Webcast_Webinar_Mst on  
          Webcast_Mst.WcCode = Webcast_Webinar_Mst.fk_mid where
          Webcast_Mst.EventType = @Etype and Webcast_Mst.EventStatus = @y and Webcast_Mst.Title LIKE '%' + @searchname + '%' ORDER BY Webcast_Mst.EventStartDateTime DESC
[2025-03-12T15:02:46.661Z] error: Error in /controller/adminCont/getMeetingWithStatus: Failed to connect to 216.48.176.144:1433 - Could not connect (sequence). SQL query: SELECT WcCode, Title, EventStartDateTime, EventEndDateTime, CreatedDate FROM Webcast_Mst
              where EventType = @Etype and EventStatus = @y and Title LIKE '%' + @searchname + '%' ORDER BY EventStartDateTime DESC
[2025-03-12T15:02:46.686Z] error: Error in /controller/adminCont/getMeetingList: Failed to connect to 216.48.176.144:1433 - Could not connect (sequence). SQL query: SELECT Webcast_Mst.WcCode, Webcast_Mst.Title, 
          Webcast_Mst.CreatedDate,Webcast_Mst.EventStartDateTime, Webcast_Mst.EventEndDateTime,
          Webcast_Webinar_Mst.MeetingId,Webcast_Webinar_Mst.AccountId,
          Webcast_Webinar_Mst.PresenterUrl,Webcast_Webinar_Mst.AttendeeUrl
          FROM Webcast_Mst Inner Join Webcast_Webinar_Mst on  
          Webcast_Mst.WcCode = Webcast_Webinar_Mst.fk_mid where
          Webcast_Mst.EventType = @Etype and Webcast_Mst.EventStatus = @y and Webcast_Mst.Title LIKE '%' + @searchname + '%' ORDER BY Webcast_Mst.EventStartDateTime DESC
[2025-03-12T15:02:46.692Z] error: Error in /controller/adminCont/getMeetingWithStatus: Failed to connect to 216.48.176.144:1433 - Could not connect (sequence). SQL query: SELECT WcCode, Title, EventStartDateTime, EventEndDateTime, CreatedDate FROM Webcast_Mst
              where EventType = @Etype and EventStatus = @y and Title LIKE '%' + @searchname + '%' ORDER BY EventStartDateTime DESC
[2025-03-12T15:02:46.698Z] error: Error in /controller/adminCont/getMeetingList: Failed to connect to 216.48.176.144:1433 - Could not connect (sequence). SQL query: SELECT Webcast_Mst.WcCode, Webcast_Mst.Title, 
          Webcast_Mst.CreatedDate,Webcast_Mst.EventStartDateTime, Webcast_Mst.EventEndDateTime,
          Webcast_Webinar_Mst.MeetingId,Webcast_Webinar_Mst.AccountId,
          Webcast_Webinar_Mst.PresenterUrl,Webcast_Webinar_Mst.AttendeeUrl
          FROM Webcast_Mst Inner Join Webcast_Webinar_Mst on  
          Webcast_Mst.WcCode = Webcast_Webinar_Mst.fk_mid where
          Webcast_Mst.EventType = @Etype and Webcast_Mst.EventStatus = @y and Webcast_Mst.Title LIKE '%' + @searchname + '%' ORDER BY Webcast_Mst.EventStartDateTime DESC
[2025-03-12T15:02:46.732Z] error: Error in /controller/adminCont/getMeetingWithStatus: Failed to connect to 216.48.176.144:1433 - Could not connect (sequence). SQL query: SELECT WcCode, Title, EventStartDateTime, EventEndDateTime, CreatedDate FROM Webcast_Mst
              where EventType = @Etype and EventStatus = @y and Title LIKE '%' + @searchname + '%' ORDER BY EventStartDateTime DESC
[2025-03-12T15:02:46.736Z] error: Error in /controller/adminCont/getMeetingList: Failed to connect to 216.48.176.144:1433 - Could not connect (sequence). SQL query: SELECT Webcast_Mst.WcCode, Webcast_Mst.Title, 
          Webcast_Mst.CreatedDate,Webcast_Mst.EventStartDateTime, Webcast_Mst.EventEndDateTime,
          Webcast_Webinar_Mst.MeetingId,Webcast_Webinar_Mst.AccountId,
          Webcast_Webinar_Mst.PresenterUrl,Webcast_Webinar_Mst.AttendeeUrl
          FROM Webcast_Mst Inner Join Webcast_Webinar_Mst on  
          Webcast_Mst.WcCode = Webcast_Webinar_Mst.fk_mid where
          Webcast_Mst.EventType = @Etype and Webcast_Mst.EventStatus = @y and Webcast_Mst.Title LIKE '%' + @searchname + '%' ORDER BY Webcast_Mst.EventStartDateTime DESC
[2025-03-12T15:02:46.742Z] error: Error in /controller/adminCont/getMeetingWithStatus: Failed to connect to 216.48.176.144:1433 - Could not connect (sequence). SQL query: SELECT WcCode, Title, EventStartDateTime, EventEndDateTime, CreatedDate FROM Webcast_Mst
              where EventType = @Etype and EventStatus = @y and Title LIKE '%' + @searchname + '%' ORDER BY EventStartDateTime DESC
[2025-03-12T15:02:46.759Z] error: Error in /controller/adminCont/getMeetingList: Failed to connect to 216.48.176.144:1433 - Could not connect (sequence). SQL query: SELECT Webcast_Mst.WcCode, Webcast_Mst.Title, 
          Webcast_Mst.CreatedDate,Webcast_Mst.EventStartDateTime, Webcast_Mst.EventEndDateTime,
          Webcast_Webinar_Mst.MeetingId,Webcast_Webinar_Mst.AccountId,
          Webcast_Webinar_Mst.PresenterUrl,Webcast_Webinar_Mst.AttendeeUrl
          FROM Webcast_Mst Inner Join Webcast_Webinar_Mst on  
          Webcast_Mst.WcCode = Webcast_Webinar_Mst.fk_mid where
          Webcast_Mst.EventType = @Etype and Webcast_Mst.EventStatus = @y and Webcast_Mst.Title LIKE '%' + @searchname + '%' ORDER BY Webcast_Mst.EventStartDateTime DESC
[2025-03-12T15:02:46.766Z] error: Error in /controller/adminCont/getMeetingWithStatus: Failed to connect to 216.48.176.144:1433 - Could not connect (sequence). SQL query: SELECT WcCode, Title, EventStartDateTime, EventEndDateTime, CreatedDate FROM Webcast_Mst
              where EventType = @Etype and EventStatus = @y and Title LIKE '%' + @searchname + '%' ORDER BY EventStartDateTime DESC
[2025-03-12T15:02:46.773Z] error: Error in /controller/adminCont/getMeetingList: Failed to connect to 216.48.176.144:1433 - Could not connect (sequence). SQL query: SELECT Webcast_Mst.WcCode, Webcast_Mst.Title, 
          Webcast_Mst.CreatedDate,Webcast_Mst.EventStartDateTime, Webcast_Mst.EventEndDateTime,
          Webcast_Webinar_Mst.MeetingId,Webcast_Webinar_Mst.AccountId,
          Webcast_Webinar_Mst.PresenterUrl,Webcast_Webinar_Mst.AttendeeUrl
          FROM Webcast_Mst Inner Join Webcast_Webinar_Mst on  
          Webcast_Mst.WcCode = Webcast_Webinar_Mst.fk_mid where
          Webcast_Mst.EventType = @Etype and Webcast_Mst.EventStatus = @y and Webcast_Mst.Title LIKE '%' + @searchname + '%' ORDER BY Webcast_Mst.EventStartDateTime DESC
[2025-03-12T15:02:46.799Z] error: Error in /controller/adminCont/getMeetingWithStatus: Failed to connect to 216.48.176.144:1433 - Could not connect (sequence). SQL query: SELECT WcCode, Title, EventStartDateTime, EventEndDateTime, CreatedDate FROM Webcast_Mst
              where EventType = @Etype and EventStatus = @y and Title LIKE '%' + @searchname + '%' ORDER BY EventStartDateTime DESC
[2025-03-12T15:02:46.811Z] error: Error in /controller/adminCont/getMeetingList: Failed to connect to 216.48.176.144:1433 - Could not connect (sequence). SQL query: SELECT Webcast_Mst.WcCode, Webcast_Mst.Title, 
          Webcast_Mst.CreatedDate,Webcast_Mst.EventStartDateTime, Webcast_Mst.EventEndDateTime,
          Webcast_Webinar_Mst.MeetingId,Webcast_Webinar_Mst.AccountId,
          Webcast_Webinar_Mst.PresenterUrl,Webcast_Webinar_Mst.AttendeeUrl
          FROM Webcast_Mst Inner Join Webcast_Webinar_Mst on  
          Webcast_Mst.WcCode = Webcast_Webinar_Mst.fk_mid where
          Webcast_Mst.EventType = @Etype and Webcast_Mst.EventStatus = @y and Webcast_Mst.Title LIKE '%' + @searchname + '%' ORDER BY Webcast_Mst.EventStartDateTime DESC
[2025-03-12T15:02:46.818Z] error: Error in /controller/adminCont/getMeetingWithStatus: Failed to connect to 216.48.176.144:1433 - Could not connect (sequence). SQL query: SELECT WcCode, Title, EventStartDateTime, EventEndDateTime, CreatedDate FROM Webcast_Mst
              where EventType = @Etype and EventStatus = @y and Title LIKE '%' + @searchname + '%' ORDER BY EventStartDateTime DESC
[2025-03-12T15:02:46.827Z] error: Error in /controller/adminCont/getMeetingList: Failed to connect to 216.48.176.144:1433 - Could not connect (sequence). SQL query: SELECT Webcast_Mst.WcCode, Webcast_Mst.Title, 
          Webcast_Mst.CreatedDate,Webcast_Mst.EventStartDateTime, Webcast_Mst.EventEndDateTime,
          Webcast_Webinar_Mst.MeetingId,Webcast_Webinar_Mst.AccountId,
          Webcast_Webinar_Mst.PresenterUrl,Webcast_Webinar_Mst.AttendeeUrl
          FROM Webcast_Mst Inner Join Webcast_Webinar_Mst on  
          Webcast_Mst.WcCode = Webcast_Webinar_Mst.fk_mid where
          Webcast_Mst.EventType = @Etype and Webcast_Mst.EventStatus = @y and Webcast_Mst.Title LIKE '%' + @searchname + '%' ORDER BY Webcast_Mst.EventStartDateTime DESC
[2025-03-12T15:02:46.833Z] error: Error in /controller/adminCont/getMeetingWithStatus: Failed to connect to 216.48.176.144:1433 - Could not connect (sequence). SQL query: SELECT WcCode, Title, EventStartDateTime, EventEndDateTime, CreatedDate FROM Webcast_Mst
              where EventType = @Etype and EventStatus = @y and Title LIKE '%' + @searchname + '%' ORDER BY EventStartDateTime DESC
[2025-03-12T15:02:46.840Z] error: Error in /controller/adminCont/getMeetingList: Failed to connect to 216.48.176.144:1433 - Could not connect (sequence). SQL query: SELECT Webcast_Mst.WcCode, Webcast_Mst.Title, 
          Webcast_Mst.CreatedDate,Webcast_Mst.EventStartDateTime, Webcast_Mst.EventEndDateTime,
          Webcast_Webinar_Mst.MeetingId,Webcast_Webinar_Mst.AccountId,
          Webcast_Webinar_Mst.PresenterUrl,Webcast_Webinar_Mst.AttendeeUrl
          FROM Webcast_Mst Inner Join Webcast_Webinar_Mst on  
          Webcast_Mst.WcCode = Webcast_Webinar_Mst.fk_mid where
          Webcast_Mst.EventType = @Etype and Webcast_Mst.EventStatus = @y and Webcast_Mst.Title LIKE '%' + @searchname + '%' ORDER BY Webcast_Mst.EventStartDateTime DESC
[2025-03-13T05:41:48.995Z] error: Error in /controller/adminCont/getMeetingWithStatus: Connection is closed.. SQL query: SELECT WcCode, Title, EventStartDateTime, EventEndDateTime, CreatedDate FROM Webcast_Mst
              where EventType = @Etype and EventStatus = @y and Title LIKE '%' + @searchname + '%' ORDER BY EventStartDateTime DESC
[2025-03-13T05:41:49.069Z] error: Error in /controller/adminCont/getMeetingWithStatus: Connection is closed.. SQL query: SELECT WcCode, Title, EventStartDateTime, EventEndDateTime, CreatedDate FROM Webcast_Mst
              where EventType = @Etype and EventStatus = @y and Title LIKE '%' + @searchname + '%' ORDER BY EventStartDateTime DESC
[2025-03-13T05:41:49.083Z] error: Error in /controller/adminCont/getMeetingList: Connection is closed.. SQL query: SELECT Webcast_Mst.WcCode, Webcast_Mst.Title, 
          Webcast_Mst.CreatedDate,Webcast_Mst.EventStartDateTime, Webcast_Mst.EventEndDateTime,
          Webcast_Webinar_Mst.MeetingId,Webcast_Webinar_Mst.AccountId,
          Webcast_Webinar_Mst.PresenterUrl,Webcast_Webinar_Mst.AttendeeUrl,
          Client_Mst.FullName
          FROM Webcast_Mst Inner Join Webcast_Webinar_Mst on  
          Webcast_Mst.WcCode = Webcast_Webinar_Mst.fk_mid 
          Left Join Client_Mst on Webcast_Mst.ClientCode = Client_Mst.ClientCode
          where
          Webcast_Mst.EventType = @Etype and Webcast_Mst.EventStatus = @y and Webcast_Mst.Title LIKE '%' + @searchname + '%' ORDER BY Webcast_Mst.EventStartDateTime DESC
[2025-03-13T05:41:49.100Z] error: Error in /controller/adminCont/getMeetingList: Connection is closed.. SQL query: SELECT Webcast_Mst.WcCode, Webcast_Mst.Title, 
          Webcast_Mst.CreatedDate,Webcast_Mst.EventStartDateTime, Webcast_Mst.EventEndDateTime,
          Webcast_Webinar_Mst.MeetingId,Webcast_Webinar_Mst.AccountId,
          Webcast_Webinar_Mst.PresenterUrl,Webcast_Webinar_Mst.AttendeeUrl,
          Client_Mst.FullName
          FROM Webcast_Mst Inner Join Webcast_Webinar_Mst on  
          Webcast_Mst.WcCode = Webcast_Webinar_Mst.fk_mid 
          Left Join Client_Mst on Webcast_Mst.ClientCode = Client_Mst.ClientCode
          where
          Webcast_Mst.EventType = @Etype and Webcast_Mst.EventStatus = @y and Webcast_Mst.Title LIKE '%' + @searchname + '%' ORDER BY Webcast_Mst.EventStartDateTime DESC
[2025-03-13T06:55:03.549Z] error: Error in /controller/adminCont/getMeetingWithStatus: Connection is closed.. SQL query: SELECT Webcast_Mst.WcCode, Webcast_Mst.Title, Webcast_Mst.EventStartDateTime, 
    Webcast_Mst.EventEndDateTime, 
    Webcast_Mst.CreatedDate,Webcast_Mst.SpeakerCount,Webcast_Mst.Name,
    Webcast_Mst.Mobile,Client_Mst.FullName,Department_Mst.DeptName,User_mst.displayname 
    FROM Webcast_Mst 
          Left Join Client_Mst on Webcast_Mst.ClientCode = Client_Mst.ClientCode
          Left Join Department_Mst on Webcast_Mst.DeptId = Department_Mst.DeptId
          Left Join User_mst on Webcast_Mst.CreatedBy = User_mst.userid
        where EventType = @Etype and EventStatus = @y and Title LIKE '%' + @searchname + '%' ORDER BY EventStartDateTime DESC
[2025-03-13T06:55:03.618Z] error: Error in /controller/adminCont/getMeetingList: Connection is closed.. SQL query: SELECT Webcast_Mst.WcCode, Webcast_Mst.Title, 
          Webcast_Mst.CreatedDate,Webcast_Mst.EventStartDateTime, Webcast_Mst.EventEndDateTime,
          Webcast_Mst.SpeakerCount,Webcast_Mst.Name,Webcast_Mst.Mobile,
          Webcast_Webinar_Mst.MeetingId,Webcast_Webinar_Mst.AccountId,
          Webcast_Webinar_Mst.PresenterUrl,Webcast_Webinar_Mst.AttendeeUrl,
          Client_Mst.FullName,Department_Mst.DeptName, User_mst.displayname
          FROM Webcast_Mst Inner Join Webcast_Webinar_Mst on  
          Webcast_Mst.WcCode = Webcast_Webinar_Mst.fk_mid 
          Left Join Client_Mst on Webcast_Mst.ClientCode = Client_Mst.ClientCode
          Left Join Department_Mst on Webcast_Mst.DeptId = Department_Mst.DeptId
          Left Join User_mst on Webcast_Mst.CreatedBy = User_mst.userid
          where
          Webcast_Mst.EventType = @Etype and Webcast_Mst.EventStatus = @y and Webcast_Mst.Title LIKE '%' + @searchname + '%' ORDER BY Webcast_Mst.EventStartDateTime DESC
[2025-03-13T06:55:03.634Z] error: Error in /controller/adminCont/getMeetingWithStatus: Connection is closed.. SQL query: SELECT Webcast_Mst.WcCode, Webcast_Mst.Title, Webcast_Mst.EventStartDateTime, 
    Webcast_Mst.EventEndDateTime, 
    Webcast_Mst.CreatedDate,Webcast_Mst.SpeakerCount,Webcast_Mst.Name,
    Webcast_Mst.Mobile,Client_Mst.FullName,Department_Mst.DeptName,User_mst.displayname 
    FROM Webcast_Mst 
          Left Join Client_Mst on Webcast_Mst.ClientCode = Client_Mst.ClientCode
          Left Join Department_Mst on Webcast_Mst.DeptId = Department_Mst.DeptId
          Left Join User_mst on Webcast_Mst.CreatedBy = User_mst.userid
        where EventType = @Etype and EventStatus = @y and Title LIKE '%' + @searchname + '%' ORDER BY EventStartDateTime DESC
[2025-03-13T06:55:03.669Z] error: Error in /controller/adminCont/getMeetingList: Connection is closed.. SQL query: SELECT Webcast_Mst.WcCode, Webcast_Mst.Title, 
          Webcast_Mst.CreatedDate,Webcast_Mst.EventStartDateTime, Webcast_Mst.EventEndDateTime,
          Webcast_Mst.SpeakerCount,Webcast_Mst.Name,Webcast_Mst.Mobile,
          Webcast_Webinar_Mst.MeetingId,Webcast_Webinar_Mst.AccountId,
          Webcast_Webinar_Mst.PresenterUrl,Webcast_Webinar_Mst.AttendeeUrl,
          Client_Mst.FullName,Department_Mst.DeptName, User_mst.displayname
          FROM Webcast_Mst Inner Join Webcast_Webinar_Mst on  
          Webcast_Mst.WcCode = Webcast_Webinar_Mst.fk_mid 
          Left Join Client_Mst on Webcast_Mst.ClientCode = Client_Mst.ClientCode
          Left Join Department_Mst on Webcast_Mst.DeptId = Department_Mst.DeptId
          Left Join User_mst on Webcast_Mst.CreatedBy = User_mst.userid
          where
          Webcast_Mst.EventType = @Etype and Webcast_Mst.EventStatus = @y and Webcast_Mst.Title LIKE '%' + @searchname + '%' ORDER BY Webcast_Mst.EventStartDateTime DESC
[2025-03-13T10:56:01.710Z] error: Error in /controller/adminCont/getAllMeetingCounts: Connection is closed.
[2025-03-13T10:56:01.718Z] error: Error in /controller/adminCont/getAllMeetingCounts: Connection is closed.
[2025-03-13T10:56:01.723Z] error: Error in getAllMeetingCounts: Connection is closed.
[2025-03-13T10:56:01.726Z] error: Error in /controller/adminCont/getAllMeetingCounts: Connection is closed.
[2025-03-13T10:56:01.737Z] error: Error in /controller/adminCont/getAllMeetingCounts: Connection is closed.
[2025-03-13T10:56:01.740Z] error: Error in getAllMeetingCounts: Connection is closed.
[2025-03-13T10:56:01.743Z] error: Error in getAllMeetingCounts: Connection is closed.
[2025-03-13T10:56:01.747Z] error: Error in getAllMeetingCounts: Connection is closed.
[2025-03-15T09:50:23.848Z] error: Error in /controller/physicalMeetCont/getTotalMeeting: Failed to connect to 216.48.176.144:1433 - Could not connect (sequence). SQL query: select COALESCE(COUNT(*), 0) as totalMeeting from Webcast_Mst where eventType = @event and EventStatus = @y
[2025-03-15T09:50:23.873Z] error: Error in /controller/virtualMeetCont/getTotalMeeting: Failed to connect to 216.48.176.144:1433 - Could not connect (sequence). SQL query: select COALESCE(COUNT(*), 0) as totalMeeting FROM Webcast_Mst Inner Join Webcast_Webinar_Mst on  
      Webcast_Mst.WcCode = Webcast_Webinar_Mst.fk_mid 
      where Webcast_Mst.eventType = @event and Webcast_Mst.EventStatus = @y
[2025-03-15T09:50:23.879Z] error: Error in /controller/physicalMeetCont/getTotalUpcomingMeeting: Failed to connect to 216.48.176.144:1433 - Could not connect (sequence). SQL query: select COALESCE(COUNT(*), 0) as totalUpcomingMeeting from Webcast_Mst where @formateddate < EventEndDateTime and eventType = @event and EventStatus = @y
[2025-03-15T09:50:23.917Z] error: Error in /controller/virtualMeetCont/getTotalUpcomingMeeting: Failed to connect to 216.48.176.144:1433 - Could not connect (sequence). SQL query: select COALESCE(COUNT(*), 0) as totalUpcomingMeeting FROM Webcast_Mst Inner Join Webcast_Webinar_Mst on  
      Webcast_Mst.WcCode = Webcast_Webinar_Mst.fk_mid 
      where @formateddate < Webcast_Mst.EventEndDateTime and Webcast_Mst.eventType = @event and Webcast_Mst.EventStatus = @y
[2025-03-15T09:50:23.924Z] error: Error in /controller/physicalMeetCont/getTotalMeeting: Failed to connect to 216.48.176.144:1433 - Could not connect (sequence). SQL query: select COALESCE(COUNT(*), 0) as totalMeeting from Webcast_Mst where eventType = @event and EventStatus = @y
[2025-03-15T09:50:23.930Z] error: Error in /controller/physicalMeetCont/getTotalCompletedMeeting: Failed to connect to 216.48.176.144:1433 - Could not connect (sequence). SQL query: select COALESCE(COUNT(*), 0) as totalCompletedMeeting from Webcast_Mst where @formateddate > EventEndDateTime and eventType = @event and EventStatus = @y
[2025-03-15T09:50:23.941Z] error: Error in /controller/virtualMeetCont/getTotalMeeting: Failed to connect to 216.48.176.144:1433 - Could not connect (sequence). SQL query: select COALESCE(COUNT(*), 0) as totalMeeting FROM Webcast_Mst Inner Join Webcast_Webinar_Mst on  
      Webcast_Mst.WcCode = Webcast_Webinar_Mst.fk_mid 
      where Webcast_Mst.eventType = @event and Webcast_Mst.EventStatus = @y
[2025-03-15T09:50:23.962Z] error: Error in /controller/physicalMeetCont/getTotalUpcomingMeeting: Failed to connect to 216.48.176.144:1433 - Could not connect (sequence). SQL query: select COALESCE(COUNT(*), 0) as totalUpcomingMeeting from Webcast_Mst where @formateddate < EventEndDateTime and eventType = @event and EventStatus = @y
[2025-03-15T09:50:23.977Z] error: Error in /controller/virtualMeetCont/getTotalCompletedMeeting: Failed to connect to 216.48.176.144:1433 - Could not connect (sequence). SQL query: select COALESCE(COUNT(*), 0) as totalCompletedMeeting FROM Webcast_Mst Inner Join Webcast_Webinar_Mst on  
      Webcast_Mst.WcCode = Webcast_Webinar_Mst.fk_mid 
      where @formateddate > Webcast_Mst.EventEndDateTime and Webcast_Mst.eventType = @event and Webcast_Mst.EventStatus = @y
[2025-03-15T09:50:23.997Z] error: Error in /controller/virtualMeetCont/getTotalUpcomingMeeting: Failed to connect to 216.48.176.144:1433 - Could not connect (sequence). SQL query: select COALESCE(COUNT(*), 0) as totalUpcomingMeeting FROM Webcast_Mst Inner Join Webcast_Webinar_Mst on  
      Webcast_Mst.WcCode = Webcast_Webinar_Mst.fk_mid 
      where @formateddate < Webcast_Mst.EventEndDateTime and Webcast_Mst.eventType = @event and Webcast_Mst.EventStatus = @y
[2025-03-15T09:50:24.009Z] error: Error in /controller/physicalMeetCont/getTotalCompletedMeeting: Failed to connect to 216.48.176.144:1433 - Could not connect (sequence). SQL query: select COALESCE(COUNT(*), 0) as totalCompletedMeeting from Webcast_Mst where @formateddate > EventEndDateTime and eventType = @event and EventStatus = @y
[2025-03-15T09:50:24.029Z] error: Error in /controller/virtualMeetCont/getTotalCompletedMeeting: Failed to connect to 216.48.176.144:1433 - Could not connect (sequence). SQL query: select COALESCE(COUNT(*), 0) as totalCompletedMeeting FROM Webcast_Mst Inner Join Webcast_Webinar_Mst on  
      Webcast_Mst.WcCode = Webcast_Webinar_Mst.fk_mid 
      where @formateddate > Webcast_Mst.EventEndDateTime and Webcast_Mst.eventType = @event and Webcast_Mst.EventStatus = @y
[2025-03-15T09:50:24.037Z] error: Error in /controller/physicalMeetCont/getMeetingData: Failed to connect to 216.48.176.144:1433 - Could not connect (sequence). SQL query: SELECT Webcast_Mst.Title, Webcast_Mst.WcCode,Webcast_Mst.Name ,Webcast_Mst.Mobile, Webcast_Mst.EventLocation, Webcast_Mst.EventStartDateTime, Webcast_Mst.EventEndDateTime,
            Webcast_Speaker_Detail.SpkName,Webcast_Speaker_Detail.SpkDesignation,Webcast_Speaker_Detail.Bio1,Webcast_Speaker_Detail.Bio2,
            Webcast_Speaker_Detail.Bio3
            FROM Webcast_Mst Left Join Webcast_Speaker_Detail on Webcast_Mst.WcCode = Webcast_Speaker_Detail.fk_mid
            and Webcast_Speaker_Detail.Status = @y 
            where Webcast_Mst.EventType = @Etype and Webcast_Mst.EventStatus = @y
            
[2025-03-15T09:50:24.066Z] error: Error in /controller/physicalMeetCont/getMeetingData: Failed to connect to 216.48.176.144:1433 - Could not connect (sequence). SQL query: SELECT Webcast_Mst.Title, Webcast_Mst.WcCode,Webcast_Mst.Name ,Webcast_Mst.Mobile, Webcast_Mst.EventLocation, Webcast_Mst.EventStartDateTime, Webcast_Mst.EventEndDateTime,
            Webcast_Speaker_Detail.SpkName,Webcast_Speaker_Detail.SpkDesignation,Webcast_Speaker_Detail.Bio1,Webcast_Speaker_Detail.Bio2,
            Webcast_Speaker_Detail.Bio3
            FROM Webcast_Mst Left Join Webcast_Speaker_Detail on Webcast_Mst.WcCode = Webcast_Speaker_Detail.fk_mid
            and Webcast_Speaker_Detail.Status = @y 
            where Webcast_Mst.EventType = @Etype and Webcast_Mst.EventStatus = @y
            
[2025-03-15T09:50:24.079Z] error: Error in /controller/VirtualMeetCont/getMeetingData: Failed to connect to 216.48.176.144:1433 - Could not connect (sequence). SQL query: SELECT Webcast_Mst.Title,Webcast_Mst.WcCode,Webcast_Mst.Name ,Webcast_Mst.Mobile, Webcast_Mst.EventStartDateTime, Webcast_Mst.EventEndDateTime,
      Webcast_Speaker_Detail.SpkName,Webcast_Speaker_Detail.SpkDesignation,Webcast_Speaker_Detail.Bio1,Webcast_Speaker_Detail.Bio2,
      Webcast_Speaker_Detail.Bio3
      FROM Webcast_Mst Left Join Webcast_Speaker_Detail on Webcast_Mst.WcCode = Webcast_Speaker_Detail.fk_mid 
      and Webcast_Speaker_Detail.Status = @y
      where Webcast_Mst.EventType = @Etype and Webcast_Mst.EventStatus = @y;
[2025-03-15T09:50:24.099Z] error: Error in /controller/VirtualMeetCont/getMeetingData: Failed to connect to 216.48.176.144:1433 - Could not connect (sequence). SQL query: SELECT Webcast_Mst.Title,Webcast_Mst.WcCode,Webcast_Mst.Name ,Webcast_Mst.Mobile, Webcast_Mst.EventStartDateTime, Webcast_Mst.EventEndDateTime,
      Webcast_Speaker_Detail.SpkName,Webcast_Speaker_Detail.SpkDesignation,Webcast_Speaker_Detail.Bio1,Webcast_Speaker_Detail.Bio2,
      Webcast_Speaker_Detail.Bio3
      FROM Webcast_Mst Left Join Webcast_Speaker_Detail on Webcast_Mst.WcCode = Webcast_Speaker_Detail.fk_mid 
      and Webcast_Speaker_Detail.Status = @y
      where Webcast_Mst.EventType = @Etype and Webcast_Mst.EventStatus = @y;
[2025-03-15T09:50:24.116Z] error: Error in /controller/virtualMeetCont/getMeetingWithStatus: Failed to connect to 216.48.176.144:1433 - Could not connect (sequence). SQL query: SELECT Webcast_Mst.WcCode, Webcast_Mst.Title, 
        Webcast_Mst.EventStartDateTime, Webcast_Mst.EventEndDateTime,
        Webcast_Mst.CreatedDate,
        Webcast_Webinar_Mst.MeetingId,Webcast_Webinar_Mst.AccountId 
        FROM Webcast_Mst Inner Join Webcast_Webinar_Mst on  
        Webcast_Mst.WcCode = Webcast_Webinar_Mst.fk_mid where
        @formateddate < Webcast_Mst.EventEndDateTime and
        Webcast_Mst.EventType = @Etype and Webcast_Mst.EventStatus = @y and Webcast_Mst.Title LIKE '%' + @searchname + '%' ORDER BY Webcast_Mst.EventStartDateTime
[2025-03-15T09:50:24.133Z] error: Error in /controller/physicalMeetCont/getMeetingWithStatus: Failed to connect to 216.48.176.144:1433 - Could not connect (sequence). SQL query: SELECT WcCode, Title, EventStartDateTime, EventEndDateTime, CreatedDate FROM Webcast_Mst
                where  @formateddate < EventEndDateTime and EventType = @Etype and EventStatus = @y and Title LIKE '%' + @searchname + '%' ORDER BY EventStartDateTime
[2025-03-15T09:50:24.147Z] error: Error in /controller/virtualMeetCont/getMeetingWithStatus: Failed to connect to 216.48.176.144:1433 - Could not connect (sequence). SQL query: SELECT Webcast_Mst.WcCode, Webcast_Mst.Title, 
        Webcast_Mst.EventStartDateTime, Webcast_Mst.EventEndDateTime,
        Webcast_Mst.CreatedDate,
        Webcast_Webinar_Mst.MeetingId,Webcast_Webinar_Mst.AccountId 
        FROM Webcast_Mst Inner Join Webcast_Webinar_Mst on  
        Webcast_Mst.WcCode = Webcast_Webinar_Mst.fk_mid where
        @formateddate < Webcast_Mst.EventEndDateTime and
        Webcast_Mst.EventType = @Etype and Webcast_Mst.EventStatus = @y and Webcast_Mst.Title LIKE '%' + @searchname + '%' ORDER BY Webcast_Mst.EventStartDateTime
[2025-03-15T09:50:24.158Z] error: Error in /controller/physicalMeetCont/getMeetingWithStatus: Failed to connect to 216.48.176.144:1433 - Could not connect (sequence). SQL query: SELECT WcCode, Title, EventStartDateTime, EventEndDateTime, CreatedDate FROM Webcast_Mst
                where  @formateddate < EventEndDateTime and EventType = @Etype and EventStatus = @y and Title LIKE '%' + @searchname + '%' ORDER BY EventStartDateTime
[2025-03-15T09:50:24.841Z] error: Error in /controller/virtualMeetCont/getMeetingWithStatus: Failed to connect to 216.48.176.144:1433 - Could not connect (sequence). SQL query: SELECT Webcast_Mst.WcCode, Webcast_Mst.Title, 
        Webcast_Mst.EventStartDateTime, Webcast_Mst.EventEndDateTime,
        Webcast_Mst.CreatedDate,
        Webcast_Webinar_Mst.MeetingId,Webcast_Webinar_Mst.AccountId 
        FROM Webcast_Mst Inner Join Webcast_Webinar_Mst on  
        Webcast_Mst.WcCode = Webcast_Webinar_Mst.fk_mid where
        @formateddate < Webcast_Mst.EventEndDateTime and
        Webcast_Mst.EventType = @Etype and Webcast_Mst.EventStatus = @y and Webcast_Mst.Title LIKE '%' + @searchname + '%' ORDER BY Webcast_Mst.EventStartDateTime
[2025-03-15T09:50:24.850Z] error: Error in /controller/physicalMeetCont/getMeetingWithStatus: Failed to connect to 216.48.176.144:1433 - Could not connect (sequence). SQL query: SELECT WcCode, Title, EventStartDateTime, EventEndDateTime, CreatedDate FROM Webcast_Mst
                where  @formateddate < EventEndDateTime and EventType = @Etype and EventStatus = @y and Title LIKE '%' + @searchname + '%' ORDER BY EventStartDateTime
[2025-03-18T12:46:48.589Z] error: Error in /controller/virtualMeetCont/getMessageType: Connection is closed.. SQL query: SELECT BasicId, Code, Description from Basic_Mst where Status = @y
     and IdentifierCode = @code order by DisplayOrder;
[2025-03-18T12:46:48.603Z] error: Error in /controller/speakerDetlCont/getSpeaker: Connection is closed.. SQL query: SELECT  Id , SpkName, SpkImage, SpkDesignation,Bio1,Bio2,Bio3 FROM Webcast_Speaker_Detail where fk_mid = @fkmid and Status= @y
[2025-03-18T12:46:48.606Z] error: Error in /controller/VirtualMeetCont/getMeetingById: Connection is closed.. SQL query: SELECT Webcast_Mst.WcCode, Webcast_Mst.ClientCode,Webcast_Mst.DeptId,
  Webcast_Mst.WcId, Webcast_Mst.Title, Webcast_Mst.Name, Webcast_Mst.EventDuration, Webcast_Mst.Mobile,
  Webcast_Mst.IsQuestionEnable,Webcast_Mst.IsPollEnable,Webcast_Mst.IsPosterEnable,
  Webcast_Mst.SpeakerCount,
  Webcast_Mst.EventStartDateTime, Webcast_Mst.EventEndDateTime,Webcast_Mst.EventWebType,
  Webcast_Webinar_Mst.MeetingId,Webcast_Webinar_Mst.AccountId,Webcast_Webinar_Mst.RoomUrl,
  Webcast_Webinar_Mst.MessageType, Webcast_Webinar_Mst.Message 
  FROM Webcast_Mst Inner Join Webcast_Webinar_Mst on  Webcast_Mst.WcCode = Webcast_Webinar_Mst.fk_mid where Webcast_Mst.WcCode = @id and Webcast_Mst.EventStatus =@y
[2025-03-18T12:46:48.620Z] error: Error in /controller/posterSelectCont/getPosterById: Connection is closed.. SQL query: SELECT Webcast_Poster_Mst.client_id, Webcast_Poster_Mst.height, Webcast_Poster_Mst.width, Webcast_Poster_Mapping.fk_mid,
   Webcast_Poster_Mapping.fk_pid, Webcast_Poster_Mapping.poster_name from Webcast_Poster_Mst inner join Webcast_Poster_Mapping on
   Webcast_Poster_Mst.poster_id = Webcast_Poster_Mapping.fk_pid where Webcast_Poster_Mapping.fk_mid = @fkid;
[2025-03-18T12:46:48.719Z] error: Error in /controller/virtualMeetCont/getMessageType: Connection is closed.. SQL query: SELECT BasicId, Code, Description from Basic_Mst where Status = @y
     and IdentifierCode = @code order by DisplayOrder;
[2025-03-18T12:46:48.723Z] error: Error in /controller/speakerDetlCont/getSpeaker: Connection is closed.. SQL query: SELECT  Id , SpkName, SpkImage, SpkDesignation,Bio1,Bio2,Bio3 FROM Webcast_Speaker_Detail where fk_mid = @fkmid and Status= @y
[2025-03-18T12:46:48.728Z] error: Error in /controller/VirtualMeetCont/getMeetingById: Connection is closed.. SQL query: SELECT Webcast_Mst.WcCode, Webcast_Mst.ClientCode,Webcast_Mst.DeptId,
  Webcast_Mst.WcId, Webcast_Mst.Title, Webcast_Mst.Name, Webcast_Mst.EventDuration, Webcast_Mst.Mobile,
  Webcast_Mst.IsQuestionEnable,Webcast_Mst.IsPollEnable,Webcast_Mst.IsPosterEnable,
  Webcast_Mst.SpeakerCount,
  Webcast_Mst.EventStartDateTime, Webcast_Mst.EventEndDateTime,Webcast_Mst.EventWebType,
  Webcast_Webinar_Mst.MeetingId,Webcast_Webinar_Mst.AccountId,Webcast_Webinar_Mst.RoomUrl,
  Webcast_Webinar_Mst.MessageType, Webcast_Webinar_Mst.Message 
  FROM Webcast_Mst Inner Join Webcast_Webinar_Mst on  Webcast_Mst.WcCode = Webcast_Webinar_Mst.fk_mid where Webcast_Mst.WcCode = @id and Webcast_Mst.EventStatus =@y
[2025-03-18T12:46:48.734Z] error: Error in /controller/formCont/getHostById: Connection is closed.. SQL query: select wcmid, wc_code, username, password from webcast_host_login where wc_code = @fkmid and Status =@y
[2025-03-18T12:46:48.941Z] error: Error in /controller/posterSelectCont/getPosterById: Connection is closed.. SQL query: SELECT Webcast_Poster_Mst.client_id, Webcast_Poster_Mst.height, Webcast_Poster_Mst.width, Webcast_Poster_Mapping.fk_mid,
   Webcast_Poster_Mapping.fk_pid, Webcast_Poster_Mapping.poster_name from Webcast_Poster_Mst inner join Webcast_Poster_Mapping on
   Webcast_Poster_Mst.poster_id = Webcast_Poster_Mapping.fk_pid where Webcast_Poster_Mapping.fk_mid = @fkid;
[2025-03-18T12:46:48.946Z] error: Error in /controller/posterSelectCont/getPosterPresent: Connection is closed.. SQL query: select DISTINCT Spk_count from Webcast_poster_mst where dept_id = @deptId and Status = 'Y' ORDER BY Spk_Count
[2025-03-18T12:46:48.951Z] error: Error in /controller/posterSelectCont/getPoster: Connection is closed.. SQL query: select poster_id, poster_name from Webcast_poster_mst where client_id = @clientId and dept_id = @deptId and Spk_Count = @spkCount
[2025-03-18T12:46:48.955Z] error: Error in /controller/formCont/getFormFieldOptional: Connection is closed.. SQL query: SELECT Field_Mst.FieldCode, Field_Mst.FieldName, Field_Mst.FieldType, Field_Mst.FieldInfo, Field_Mst.FieldMandatory,
    Client_Field_Mapping.ClientCode ,Client_Field_Mapping.DisplayOrder From Field_Mst Inner Join Client_Field_Mapping on Field_Mst.FieldCode = Client_Field_Mapping.FieldCode 
    where Client_Field_Mapping.ClientCode = @clcode And Field_Mst.FieldMandatory = @o  And Client_Field_Mapping.Status = @y
    Order By Client_Field_Mapping.DisplayOrder;
[2025-03-18T12:46:48.980Z] error: Error in /controller/formCont/getFormField: Connection is closed.. SQL query: SELECT Field_Mst.FieldCode, Field_Mst.FieldName, Field_Mst.FieldType, Field_Mst.FieldInfo, Field_Mst.FieldMandatory,
    Client_Field_Mapping.ClientCode,Client_Field_Mapping.DisplayOrder From Field_Mst Inner Join Client_Field_Mapping on Field_Mst.FieldCode = Client_Field_Mapping.FieldCode 
    where Client_Field_Mapping.ClientCode = @clcode And Field_Mst.FieldMandatory = @m  And Client_Field_Mapping.Status = @y
    Order By Client_Field_Mapping.DisplayOrder;
[2025-03-18T12:46:48.984Z] error: Error in /controller/formCont/getHostById: Connection is closed.. SQL query: select wcmid, wc_code, username, password from webcast_host_login where wc_code = @fkmid and Status =@y
[2025-03-18T12:46:48.989Z] error: Error in /controller/formCont/getFormField: Connection is closed.. SQL query: SELECT Field_Mst.FieldCode, Field_Mst.FieldName, Field_Mst.FieldType, Field_Mst.FieldInfo, Field_Mst.FieldMandatory,
    Client_Field_Mapping.ClientCode,Client_Field_Mapping.DisplayOrder From Field_Mst Inner Join Client_Field_Mapping on Field_Mst.FieldCode = Client_Field_Mapping.FieldCode 
    where Client_Field_Mapping.ClientCode = @clcode And Field_Mst.FieldMandatory = @m  And Client_Field_Mapping.Status = @y
    Order By Client_Field_Mapping.DisplayOrder;
[2025-03-18T12:46:48.994Z] error: Error in /controller/formCont/getFormFieldOptional: Connection is closed.. SQL query: SELECT Field_Mst.FieldCode, Field_Mst.FieldName, Field_Mst.FieldType, Field_Mst.FieldInfo, Field_Mst.FieldMandatory,
    Client_Field_Mapping.ClientCode ,Client_Field_Mapping.DisplayOrder From Field_Mst Inner Join Client_Field_Mapping on Field_Mst.FieldCode = Client_Field_Mapping.FieldCode 
    where Client_Field_Mapping.ClientCode = @clcode And Field_Mst.FieldMandatory = @o  And Client_Field_Mapping.Status = @y
    Order By Client_Field_Mapping.DisplayOrder;
[2025-03-18T12:46:49.000Z] error: Error in /controller/posterSelectCont/getPoster: Connection is closed.. SQL query: select poster_id, poster_name from Webcast_poster_mst where client_id = @clientId and dept_id = @deptId and Spk_Count = @spkCount
[2025-03-18T12:46:49.008Z] error: Error in /controller/posterSelectCont/getPosterPresent: Connection is closed.. SQL query: select DISTINCT Spk_count from Webcast_poster_mst where dept_id = @deptId and Status = 'Y' ORDER BY Spk_Count
[2025-03-20T09:10:14.238Z] error: Error in /controller/adminCont/getAllMeetingCounts: Failed to connect to 216.48.176.144:1433 - Could not connect (sequence)
[2025-03-20T09:10:14.276Z] error: Error in /controller/adminCont/getAllMeetingCounts: Failed to connect to 216.48.176.144:1433 - Could not connect (sequence)
[2025-03-20T09:10:14.375Z] error: Error in /controller/adminCont/getAllMeetingCounts: Failed to connect to 216.48.176.144:1433 - Could not connect (sequence)
[2025-03-20T09:10:14.410Z] error: Error in getAllMeetingCounts: Failed to connect to 216.48.176.144:1433 - Could not connect (sequence)
[2025-03-20T09:10:14.415Z] error: Error in getAllMeetingCounts: Failed to connect to 216.48.176.144:1433 - Could not connect (sequence)
[2025-03-20T09:10:14.428Z] error: Error in /controller/adminCont/getAllMeetingCounts: Failed to connect to 216.48.176.144:1433 - Could not connect (sequence)
[2025-03-20T09:10:14.447Z] error: Error in getAllMeetingCounts: Failed to connect to 216.48.176.144:1433 - Could not connect (sequence)
[2025-03-20T09:10:14.454Z] error: Error in getAllMeetingCounts: Failed to connect to 216.48.176.144:1433 - Could not connect (sequence)
[2025-03-20T09:10:30.371Z] error: Error in /controller/adminCont/getAllMeetingCounts: Failed to connect to 216.48.176.144:1433 - Could not connect (sequence)
[2025-03-20T09:10:30.401Z] error: Error in /controller/adminCont/getAllMeetingCounts: Failed to connect to 216.48.176.144:1433 - Could not connect (sequence)
[2025-03-20T09:10:30.412Z] error: Error in getAllMeetingCounts: Failed to connect to 216.48.176.144:1433 - Could not connect (sequence)
[2025-03-20T09:10:30.420Z] error: Error in getAllMeetingCounts: Failed to connect to 216.48.176.144:1433 - Could not connect (sequence)
[2025-03-20T12:02:36.869Z] error: Error in /controller/adminCont/getMeetingWithStatus: Failed to connect to 216.48.176.144:1433 - Could not connect (sequence). SQL query: SELECT Webcast_Mst.WcCode, Webcast_Mst.Title, Webcast_Mst.EventStartDateTime, 
    Webcast_Mst.EventEndDateTime, 
    Webcast_Mst.CreatedDate,Webcast_Mst.SpeakerCount,Webcast_Mst.Name,
    Webcast_Mst.Mobile,Client_Mst.FullName,Department_Mst.DeptName,User_mst.displayname 
    FROM Webcast_Mst 
          Left Join Client_Mst on Webcast_Mst.ClientCode = Client_Mst.ClientCode
          Left Join Department_Mst on Webcast_Mst.DeptId = Department_Mst.DeptId
          Left Join User_mst on Webcast_Mst.CreatedBy = User_mst.userid
        where EventType = @Etype and EventStatus = @y and Title LIKE '%' + @searchname + '%' ORDER BY EventStartDateTime DESC
[2025-03-20T12:02:37.030Z] error: Error in /controller/adminCont/getMeetingList: Failed to connect to 216.48.176.144:1433 - Could not connect (sequence). SQL query: SELECT Webcast_Mst.WcCode, Webcast_Mst.Title, 
          Webcast_Mst.CreatedDate,Webcast_Mst.EventStartDateTime, Webcast_Mst.EventEndDateTime,
          Webcast_Mst.SpeakerCount,Webcast_Mst.Name,Webcast_Mst.Mobile,
          Webcast_Webinar_Mst.MeetingId,Webcast_Webinar_Mst.AccountId,
          Webcast_Webinar_Mst.PresenterUrl,Webcast_Webinar_Mst.AttendeeUrl,
          Client_Mst.FullName,Department_Mst.DeptName, User_mst.displayname
          FROM Webcast_Mst Inner Join Webcast_Webinar_Mst on  
          Webcast_Mst.WcCode = Webcast_Webinar_Mst.fk_mid 
          Left Join Client_Mst on Webcast_Mst.ClientCode = Client_Mst.ClientCode
          Left Join Department_Mst on Webcast_Mst.DeptId = Department_Mst.DeptId
          Left Join User_mst on Webcast_Mst.CreatedBy = User_mst.userid
          where
          Webcast_Mst.EventType = @Etype and Webcast_Mst.EventStatus = @y and Webcast_Mst.Title LIKE '%' + @searchname + '%' ORDER BY Webcast_Mst.EventStartDateTime DESC
[2025-03-20T12:02:37.134Z] error: Error in /controller/adminCont/getMeetingWithStatus: Failed to connect to 216.48.176.144:1433 - Could not connect (sequence). SQL query: SELECT Webcast_Mst.WcCode, Webcast_Mst.Title, Webcast_Mst.EventStartDateTime, 
    Webcast_Mst.EventEndDateTime, 
    Webcast_Mst.CreatedDate,Webcast_Mst.SpeakerCount,Webcast_Mst.Name,
    Webcast_Mst.Mobile,Client_Mst.FullName,Department_Mst.DeptName,User_mst.displayname 
    FROM Webcast_Mst 
          Left Join Client_Mst on Webcast_Mst.ClientCode = Client_Mst.ClientCode
          Left Join Department_Mst on Webcast_Mst.DeptId = Department_Mst.DeptId
          Left Join User_mst on Webcast_Mst.CreatedBy = User_mst.userid
        where EventType = @Etype and EventStatus = @y and Title LIKE '%' + @searchname + '%' ORDER BY EventStartDateTime DESC
[2025-03-20T12:02:37.227Z] error: Error in /controller/adminCont/getMeetingList: Failed to connect to 216.48.176.144:1433 - Could not connect (sequence). SQL query: SELECT Webcast_Mst.WcCode, Webcast_Mst.Title, 
          Webcast_Mst.CreatedDate,Webcast_Mst.EventStartDateTime, Webcast_Mst.EventEndDateTime,
          Webcast_Mst.SpeakerCount,Webcast_Mst.Name,Webcast_Mst.Mobile,
          Webcast_Webinar_Mst.MeetingId,Webcast_Webinar_Mst.AccountId,
          Webcast_Webinar_Mst.PresenterUrl,Webcast_Webinar_Mst.AttendeeUrl,
          Client_Mst.FullName,Department_Mst.DeptName, User_mst.displayname
          FROM Webcast_Mst Inner Join Webcast_Webinar_Mst on  
          Webcast_Mst.WcCode = Webcast_Webinar_Mst.fk_mid 
          Left Join Client_Mst on Webcast_Mst.ClientCode = Client_Mst.ClientCode
          Left Join Department_Mst on Webcast_Mst.DeptId = Department_Mst.DeptId
          Left Join User_mst on Webcast_Mst.CreatedBy = User_mst.userid
          where
          Webcast_Mst.EventType = @Etype and Webcast_Mst.EventStatus = @y and Webcast_Mst.Title LIKE '%' + @searchname + '%' ORDER BY Webcast_Mst.EventStartDateTime DESC
[2025-03-20T12:21:04.676Z] error: Error in /controller/adminCont/getMeetingList: Connection is closed.. SQL query: SELECT Webcast_Mst.WcCode, Webcast_Mst.Title, 
          Webcast_Mst.CreatedDate,Webcast_Mst.EventStartDateTime, Webcast_Mst.EventEndDateTime,
          Webcast_Mst.SpeakerCount,Webcast_Mst.Name,Webcast_Mst.Mobile,
          Webcast_Webinar_Mst.MeetingId,Webcast_Webinar_Mst.AccountId,
          Webcast_Webinar_Mst.PresenterUrl,Webcast_Webinar_Mst.AttendeeUrl,
          Client_Mst.FullName,Department_Mst.DeptName, User_mst.displayname,
          zoom_ac_dtl.Account_name 
          FROM Webcast_Mst Inner Join Webcast_Webinar_Mst on  
          Webcast_Mst.WcCode = Webcast_Webinar_Mst.fk_mid 
          Left Join Client_Mst on Webcast_Mst.ClientCode = Client_Mst.ClientCode
          Left Join Department_Mst on Webcast_Mst.DeptId = Department_Mst.DeptId
          Left Join User_mst on Webcast_Mst.CreatedBy = User_mst.userid
          LEFT JOIN zoom_ac_dtl
          ON Webcast_Webinar_Mst.AccountId = zoom_ac_dtl.Account_id
          where
          Webcast_Mst.EventType = @Etype and Webcast_Mst.EventStatus = @y and Webcast_Mst.Title LIKE '%' + @searchname + '%' ORDER BY Webcast_Mst.EventStartDateTime DESC
[2025-03-20T12:21:04.712Z] error: Error in /controller/adminCont/getMeetingList: Connection is closed.. SQL query: SELECT Webcast_Mst.WcCode, Webcast_Mst.Title, 
          Webcast_Mst.CreatedDate,Webcast_Mst.EventStartDateTime, Webcast_Mst.EventEndDateTime,
          Webcast_Mst.SpeakerCount,Webcast_Mst.Name,Webcast_Mst.Mobile,
          Webcast_Webinar_Mst.MeetingId,Webcast_Webinar_Mst.AccountId,
          Webcast_Webinar_Mst.PresenterUrl,Webcast_Webinar_Mst.AttendeeUrl,
          Client_Mst.FullName,Department_Mst.DeptName, User_mst.displayname,
          zoom_ac_dtl.Account_name 
          FROM Webcast_Mst Inner Join Webcast_Webinar_Mst on  
          Webcast_Mst.WcCode = Webcast_Webinar_Mst.fk_mid 
          Left Join Client_Mst on Webcast_Mst.ClientCode = Client_Mst.ClientCode
          Left Join Department_Mst on Webcast_Mst.DeptId = Department_Mst.DeptId
          Left Join User_mst on Webcast_Mst.CreatedBy = User_mst.userid
          LEFT JOIN zoom_ac_dtl
          ON Webcast_Webinar_Mst.AccountId = zoom_ac_dtl.Account_id
          where
          Webcast_Mst.EventType = @Etype and Webcast_Mst.EventStatus = @y and Webcast_Mst.Title LIKE '%' + @searchname + '%' ORDER BY Webcast_Mst.EventStartDateTime DESC
[2025-03-20T12:21:04.835Z] error: Error in /controller/adminCont/getMeetingWithStatus: Connection is closed.. SQL query: SELECT Webcast_Mst.WcCode, Webcast_Mst.Title, Webcast_Mst.EventStartDateTime, 
    Webcast_Mst.EventEndDateTime, 
    Webcast_Mst.CreatedDate,Webcast_Mst.SpeakerCount,Webcast_Mst.Name,
    Webcast_Mst.Mobile,Client_Mst.FullName,Department_Mst.DeptName,User_mst.displayname 
    FROM Webcast_Mst 
          Left Join Client_Mst on Webcast_Mst.ClientCode = Client_Mst.ClientCode
          Left Join Department_Mst on Webcast_Mst.DeptId = Department_Mst.DeptId
          Left Join User_mst on Webcast_Mst.CreatedBy = User_mst.userid
        where EventType = @Etype and EventStatus = @y and Title LIKE '%' + @searchname + '%' ORDER BY EventStartDateTime DESC
[2025-03-20T12:21:04.875Z] error: Error in /controller/adminCont/getMeetingWithStatus: Connection is closed.. SQL query: SELECT Webcast_Mst.WcCode, Webcast_Mst.Title, Webcast_Mst.EventStartDateTime, 
    Webcast_Mst.EventEndDateTime, 
    Webcast_Mst.CreatedDate,Webcast_Mst.SpeakerCount,Webcast_Mst.Name,
    Webcast_Mst.Mobile,Client_Mst.FullName,Department_Mst.DeptName,User_mst.displayname 
    FROM Webcast_Mst 
          Left Join Client_Mst on Webcast_Mst.ClientCode = Client_Mst.ClientCode
          Left Join Department_Mst on Webcast_Mst.DeptId = Department_Mst.DeptId
          Left Join User_mst on Webcast_Mst.CreatedBy = User_mst.userid
        where EventType = @Etype and EventStatus = @y and Title LIKE '%' + @searchname + '%' ORDER BY EventStartDateTime DESC
[2025-03-21T06:42:09.314Z] error: Error in /controller/adminCont/getMeetingWithStatus: Failed to connect to 216.48.176.144:1433 - Could not connect (sequence). SQL query: SELECT Webcast_Mst.WcCode, Webcast_Mst.Title, Webcast_Mst.EventStartDateTime, 
    Webcast_Mst.EventEndDateTime, 
    Webcast_Mst.CreatedDate,Webcast_Mst.SpeakerCount,Webcast_Mst.Name,
    Webcast_Mst.Mobile,Client_Mst.FullName,Department_Mst.DeptName,User_mst.displayname 
    FROM Webcast_Mst 
          Left Join Client_Mst on Webcast_Mst.ClientCode = Client_Mst.ClientCode
          Left Join Department_Mst on Webcast_Mst.DeptId = Department_Mst.DeptId
          Left Join User_mst on Webcast_Mst.CreatedBy = User_mst.userid
        where EventType = @Etype and EventStatus = @y and Title LIKE '%' + @searchname + '%' ORDER BY EventStartDateTime DESC
[2025-03-21T06:42:09.336Z] error: Error in /controller/adminCont/getMeetingWithStatus: Failed to connect to 216.48.176.144:1433 - Could not connect (sequence). SQL query: SELECT Webcast_Mst.WcCode, Webcast_Mst.Title, Webcast_Mst.EventStartDateTime, 
    Webcast_Mst.EventEndDateTime, 
    Webcast_Mst.CreatedDate,Webcast_Mst.SpeakerCount,Webcast_Mst.Name,
    Webcast_Mst.Mobile,Client_Mst.FullName,Department_Mst.DeptName,User_mst.displayname 
    FROM Webcast_Mst 
          Left Join Client_Mst on Webcast_Mst.ClientCode = Client_Mst.ClientCode
          Left Join Department_Mst on Webcast_Mst.DeptId = Department_Mst.DeptId
          Left Join User_mst on Webcast_Mst.CreatedBy = User_mst.userid
        where EventType = @Etype and EventStatus = @y and Title LIKE '%' + @searchname + '%' ORDER BY EventStartDateTime DESC
[2025-03-21T06:42:09.354Z] error: Error in /controller/adminCont/getMeetingList: Failed to connect to 216.48.176.144:1433 - Could not connect (sequence). SQL query: SELECT Webcast_Mst.WcCode, Webcast_Mst.Title, 
          Webcast_Mst.CreatedDate,Webcast_Mst.EventStartDateTime, Webcast_Mst.EventEndDateTime,
          Webcast_Mst.SpeakerCount,Webcast_Mst.Name,Webcast_Mst.Mobile,
          Webcast_Webinar_Mst.MeetingId,Webcast_Webinar_Mst.AccountId,
          Webcast_Webinar_Mst.PresenterUrl,Webcast_Webinar_Mst.AttendeeUrl,
          Client_Mst.FullName,Department_Mst.DeptName, User_mst.displayname,
          zoom_ac_dtl.Account_name 
          FROM Webcast_Mst Inner Join Webcast_Webinar_Mst on  
          Webcast_Mst.WcCode = Webcast_Webinar_Mst.fk_mid 
          Left Join Client_Mst on Webcast_Mst.ClientCode = Client_Mst.ClientCode
          Left Join Department_Mst on Webcast_Mst.DeptId = Department_Mst.DeptId
          Left Join User_mst on Webcast_Mst.CreatedBy = User_mst.userid
          LEFT JOIN zoom_ac_dtl
          ON Webcast_Webinar_Mst.AccountId = zoom_ac_dtl.Account_id
          where
          Webcast_Mst.EventType = @Etype and Webcast_Mst.EventStatus = @y and Webcast_Mst.Title LIKE '%' + @searchname + '%' ORDER BY Webcast_Mst.EventStartDateTime DESC
[2025-03-21T06:42:09.477Z] error: Error in /controller/adminCont/getMeetingList: Failed to connect to 216.48.176.144:1433 - Could not connect (sequence). SQL query: SELECT Webcast_Mst.WcCode, Webcast_Mst.Title, 
          Webcast_Mst.CreatedDate,Webcast_Mst.EventStartDateTime, Webcast_Mst.EventEndDateTime,
          Webcast_Mst.SpeakerCount,Webcast_Mst.Name,Webcast_Mst.Mobile,
          Webcast_Webinar_Mst.MeetingId,Webcast_Webinar_Mst.AccountId,
          Webcast_Webinar_Mst.PresenterUrl,Webcast_Webinar_Mst.AttendeeUrl,
          Client_Mst.FullName,Department_Mst.DeptName, User_mst.displayname,
          zoom_ac_dtl.Account_name 
          FROM Webcast_Mst Inner Join Webcast_Webinar_Mst on  
          Webcast_Mst.WcCode = Webcast_Webinar_Mst.fk_mid 
          Left Join Client_Mst on Webcast_Mst.ClientCode = Client_Mst.ClientCode
          Left Join Department_Mst on Webcast_Mst.DeptId = Department_Mst.DeptId
          Left Join User_mst on Webcast_Mst.CreatedBy = User_mst.userid
          LEFT JOIN zoom_ac_dtl
          ON Webcast_Webinar_Mst.AccountId = zoom_ac_dtl.Account_id
          where
          Webcast_Mst.EventType = @Etype and Webcast_Mst.EventStatus = @y and Webcast_Mst.Title LIKE '%' + @searchname + '%' ORDER BY Webcast_Mst.EventStartDateTime DESC
[2025-03-21T07:55:45.723Z] error: Error in getAllMeetingCounts: Connection is closed.
[2025-03-21T07:55:45.774Z] error: Error in getAllMeetingCounts: Connection is closed.
[2025-03-21T11:29:29.351Z] error: Error in /controller/adminCont/getAllMeetingCounts: Failed to connect to 216.48.176.144:1433 - Could not connect (sequence)
[2025-03-21T11:29:29.486Z] error: Error in /controller/adminCont/getAllMeetingCounts: Failed to connect to 216.48.176.144:1433 - Could not connect (sequence)
[2025-03-21T11:29:29.492Z] error: Error in getAllMeetingCounts: Failed to connect to 216.48.176.144:1433 - Could not connect (sequence)
[2025-03-21T11:29:29.543Z] error: Error in getAllMeetingCounts: Failed to connect to 216.48.176.144:1433 - Could not connect (sequence)
[2025-03-21T11:29:29.557Z] error: Error in /controller/adminCont/getAllMeetingCounts: Failed to connect to 216.48.176.144:1433 - Could not connect (sequence)
[2025-03-21T11:29:29.577Z] error: Error in getAllMeetingCounts: Failed to connect to 216.48.176.144:1433 - Could not connect (sequence)
[2025-03-21T11:29:29.612Z] error: Error in getAllMeetingCounts: Failed to connect to 216.48.176.144:1433 - Could not connect (sequence)
[2025-03-21T11:29:29.653Z] error: Error in /controller/adminCont/getAllMeetingCounts: Failed to connect to 216.48.176.144:1433 - Could not connect (sequence)
[2025-03-21T12:01:35.338Z] error: Error in /controller/adminCont/getAllMeetingCounts: Connection is closed.
[2025-03-21T12:01:35.351Z] error: Error in /controller/adminCont/getAllMeetingCounts: Connection is closed.
[2025-03-21T12:01:35.360Z] error: Error in getAllMeetingCounts: Connection is closed.
[2025-03-21T12:01:35.363Z] error: Error in getAllMeetingCounts: Connection is closed.
[2025-03-21T12:01:35.372Z] error: Error in getAllMeetingCounts: Connection is closed.
[2025-03-21T12:01:35.511Z] error: Error in getAllMeetingCounts: Connection is closed.
[2025-03-21T12:01:35.524Z] error: Error in /controller/adminCont/getAllMeetingCounts: Connection is closed.
[2025-03-21T12:01:35.529Z] error: Error in /controller/adminCont/getAllMeetingCounts: Connection is closed.
[2025-03-21T12:01:44.217Z] error: Error in getAllMeetingCounts: The incoming tabular data stream (TDS) remote procedure call (RPC) protocol stream is incorrect. The RPC name is invalid.
[2025-03-21T12:01:44.511Z] error: Error in getAllMeetingCounts: The incoming tabular data stream (TDS) remote procedure call (RPC) protocol stream is incorrect. The RPC name is invalid.
[2025-03-21T12:02:43.386Z] error: Error in getAllMeetingCounts: Could not find stored procedure 'GetMeetingCountsByClientRoles'.
[2025-03-21T12:02:43.430Z] error: Error in getAllMeetingCounts: Could not find stored procedure 'GetMeetingCountsByClientRoles'.
[2025-03-21T12:02:47.148Z] error: Error in getAllMeetingCounts: Could not find stored procedure 'GetMeetingCountsByClientRoles'.
[2025-03-21T12:02:47.514Z] error: Error in getAllMeetingCounts: Could not find stored procedure 'GetMeetingCountsByClientRoles'.
[2025-03-21T12:03:23.587Z] error: Error in getAllMeetingCounts: Procedure or function GetMeetingCountsByClient has too many arguments specified.
[2025-03-21T12:03:23.960Z] error: Error in getAllMeetingCounts: Procedure or function GetMeetingCountsByClient has too many arguments specified.
[2025-03-21T12:03:29.562Z] error: Error in getAllMeetingCounts: Procedure or function GetMeetingCountsByClient has too many arguments specified.
[2025-03-21T12:03:30.198Z] error: Error in getAllMeetingCounts: Procedure or function GetMeetingCountsByClient has too many arguments specified.
[2025-03-21T12:27:22.508Z] error: Error in /controller/adminCont/getAllMeetingCounts: Failed to connect to 216.48.176.144:1433 - Could not connect (sequence)
[2025-03-21T12:27:22.533Z] error: Error in /controller/adminCont/getAllMeetingCounts: Failed to connect to 216.48.176.144:1433 - Could not connect (sequence)
[2025-03-21T12:27:22.584Z] error: Error in getAllMeetingCounts: Failed to connect to 216.48.176.144:1433 - Could not connect (sequence)
[2025-03-21T12:27:22.605Z] error: Error in getAllMeetingCounts: Failed to connect to 216.48.176.144:1433 - Could not connect (sequence)
[2025-03-21T12:27:22.622Z] error: Error in /controller/adminCont/getAllMeetingCounts: Failed to connect to 216.48.176.144:1433 - Could not connect (sequence)
[2025-03-21T12:27:22.636Z] error: Error in /controller/adminCont/getAllMeetingCounts: Failed to connect to 216.48.176.144:1433 - Could not connect (sequence)
[2025-03-21T12:27:22.670Z] error: Error in getAllMeetingCounts: Failed to connect to 216.48.176.144:1433 - Could not connect (sequence)
[2025-03-21T12:27:22.724Z] error: Error in getAllMeetingCounts: Failed to connect to 216.48.176.144:1433 - Could not connect (sequence)
[2025-03-21T14:13:38.652Z] error: Error in /controller/adminCont/getMeetingWithStatus: Failed to connect to 216.48.176.144:1433 - Could not connect (sequence). SQL query: SELECT Webcast_Mst.WcCode, Webcast_Mst.Title, Webcast_Mst.EventStartDateTime, 
            Webcast_Mst.EventEndDateTime, 
            Webcast_Mst.CreatedDate,Webcast_Mst.SpeakerCount,Webcast_Mst.Name,
            Webcast_Mst.Mobile,Client_Mst.FullName,Department_Mst.DeptName,User_mst.displayname 
            FROM Webcast_Mst 
                  Left Join Client_Mst on Webcast_Mst.ClientCode = Client_Mst.ClientCode
                  Left Join Department_Mst on Webcast_Mst.DeptId = Department_Mst.DeptId
                  Left Join User_mst on Webcast_Mst.CreatedBy = User_mst.userid
                where EventType = @Etype and EventStatus = @y AND Webcast_Mst.ClientCode = @clientId and Title LIKE '%' + @searchname + '%' ORDER BY EventStartDateTime DESC
[2025-03-21T14:13:38.659Z] error: Error in /controller/adminCont/getMeetingList: Failed to connect to 216.48.176.144:1433 - Could not connect (sequence). SQL query: SELECT Webcast_Mst.WcCode, Webcast_Mst.Title, 
            Webcast_Mst.CreatedDate,Webcast_Mst.EventStartDateTime, Webcast_Mst.EventEndDateTime,
            Webcast_Mst.SpeakerCount,Webcast_Mst.Name,Webcast_Mst.Mobile,
            Webcast_Webinar_Mst.MeetingId,Webcast_Webinar_Mst.AccountId,
            Webcast_Webinar_Mst.PresenterUrl,Webcast_Webinar_Mst.AttendeeUrl,
            Client_Mst.FullName,Department_Mst.DeptName, User_mst.displayname,
            zoom_ac_dtl.Account_name 
            FROM Webcast_Mst Inner Join Webcast_Webinar_Mst on  
            Webcast_Mst.WcCode = Webcast_Webinar_Mst.fk_mid 
            Left Join Client_Mst on Webcast_Mst.ClientCode = Client_Mst.ClientCode
            Left Join Department_Mst on Webcast_Mst.DeptId = Department_Mst.DeptId
            Left Join User_mst on Webcast_Mst.CreatedBy = User_mst.userid
            LEFT JOIN zoom_ac_dtl
            ON Webcast_Webinar_Mst.AccountId = zoom_ac_dtl.Account_id
            where
            Webcast_Mst.EventType = @Etype and Webcast_Mst.EventStatus = @y 
            AND Webcast_Mst.ClientCode = @clientId and Webcast_Mst.Title LIKE '%' + @searchname + '%' ORDER BY Webcast_Mst.EventStartDateTime DESC
[2025-03-21T14:13:38.666Z] error: Error in /controller/adminCont/getMeetingWithStatus: Failed to connect to 216.48.176.144:1433 - Could not connect (sequence). SQL query: SELECT Webcast_Mst.WcCode, Webcast_Mst.Title, Webcast_Mst.EventStartDateTime, 
            Webcast_Mst.EventEndDateTime, 
            Webcast_Mst.CreatedDate,Webcast_Mst.SpeakerCount,Webcast_Mst.Name,
            Webcast_Mst.Mobile,Client_Mst.FullName,Department_Mst.DeptName,User_mst.displayname 
            FROM Webcast_Mst 
                  Left Join Client_Mst on Webcast_Mst.ClientCode = Client_Mst.ClientCode
                  Left Join Department_Mst on Webcast_Mst.DeptId = Department_Mst.DeptId
                  Left Join User_mst on Webcast_Mst.CreatedBy = User_mst.userid
                where EventType = @Etype and EventStatus = @y AND Webcast_Mst.ClientCode = @clientId and Title LIKE '%' + @searchname + '%' ORDER BY EventStartDateTime DESC
[2025-03-21T14:13:38.670Z] error: Error in /controller/adminCont/getMeetingList: Failed to connect to 216.48.176.144:1433 - Could not connect (sequence). SQL query: SELECT Webcast_Mst.WcCode, Webcast_Mst.Title, 
            Webcast_Mst.CreatedDate,Webcast_Mst.EventStartDateTime, Webcast_Mst.EventEndDateTime,
            Webcast_Mst.SpeakerCount,Webcast_Mst.Name,Webcast_Mst.Mobile,
            Webcast_Webinar_Mst.MeetingId,Webcast_Webinar_Mst.AccountId,
            Webcast_Webinar_Mst.PresenterUrl,Webcast_Webinar_Mst.AttendeeUrl,
            Client_Mst.FullName,Department_Mst.DeptName, User_mst.displayname,
            zoom_ac_dtl.Account_name 
            FROM Webcast_Mst Inner Join Webcast_Webinar_Mst on  
            Webcast_Mst.WcCode = Webcast_Webinar_Mst.fk_mid 
            Left Join Client_Mst on Webcast_Mst.ClientCode = Client_Mst.ClientCode
            Left Join Department_Mst on Webcast_Mst.DeptId = Department_Mst.DeptId
            Left Join User_mst on Webcast_Mst.CreatedBy = User_mst.userid
            LEFT JOIN zoom_ac_dtl
            ON Webcast_Webinar_Mst.AccountId = zoom_ac_dtl.Account_id
            where
            Webcast_Mst.EventType = @Etype and Webcast_Mst.EventStatus = @y 
            AND Webcast_Mst.ClientCode = @clientId and Webcast_Mst.Title LIKE '%' + @searchname + '%' ORDER BY Webcast_Mst.EventStartDateTime DESC
[2025-03-22T05:10:43.875Z] error: Error in /controller/adminCont/getAllMeetingCounts: Failed to connect to 216.48.176.144:1433 - Could not connect (sequence)
[2025-03-22T05:10:43.913Z] error: Error in /controller/adminCont/getAllMeetingCounts: Failed to connect to 216.48.176.144:1433 - Could not connect (sequence)
[2025-03-22T05:10:43.921Z] error: Error in /controller/adminCont/getAllMeetingCounts: Failed to connect to 216.48.176.144:1433 - Could not connect (sequence)
[2025-03-22T05:10:43.968Z] error: Error in getAllMeetingCounts: Failed to connect to 216.48.176.144:1433 - Could not connect (sequence)
[2025-03-22T05:10:43.979Z] error: Error in getAllMeetingCounts: Failed to connect to 216.48.176.144:1433 - Could not connect (sequence)
[2025-03-22T05:10:43.986Z] error: Error in /controller/adminCont/getAllMeetingCounts: Failed to connect to 216.48.176.144:1433 - Could not connect (sequence)
[2025-03-22T05:10:44.012Z] error: Error in getAllMeetingCounts: Failed to connect to 216.48.176.144:1433 - Could not connect (sequence)
[2025-03-22T05:10:44.021Z] error: Error in getAllMeetingCounts: Failed to connect to 216.48.176.144:1433 - Could not connect (sequence)
[2025-03-22T05:10:59.085Z] error: Error in /controller/adminCont/getAllMeetingCounts: Failed to connect to 216.48.176.144:1433 - Could not connect (sequence)
[2025-03-22T05:10:59.115Z] error: Error in /controller/adminCont/getAllMeetingCounts: Failed to connect to 216.48.176.144:1433 - Could not connect (sequence)
[2025-03-22T05:10:59.139Z] error: Error in /controller/adminCont/getAllMeetingCounts: Failed to connect to 216.48.176.144:1433 - Could not connect (sequence)
[2025-03-22T05:10:59.147Z] error: Error in getAllMeetingCounts: Failed to connect to 216.48.176.144:1433 - Could not connect (sequence)
[2025-03-22T05:10:59.152Z] error: Error in getAllMeetingCounts: Failed to connect to 216.48.176.144:1433 - Could not connect (sequence)
[2025-03-22T05:10:59.157Z] error: Error in getAllMeetingCounts: Failed to connect to 216.48.176.144:1433 - Could not connect (sequence)
[2025-03-22T05:10:59.164Z] error: Error in /controller/adminCont/getAllMeetingCounts: Failed to connect to 216.48.176.144:1433 - Could not connect (sequence)
[2025-03-22T05:10:59.176Z] error: Error in getAllMeetingCounts: Failed to connect to 216.48.176.144:1433 - Could not connect (sequence)
[2025-03-22T05:11:01.292Z] error: Error in /controller/adminCont/getAllMeetingCounts: Failed to connect to 216.48.176.144:1433 - Could not connect (sequence)
[2025-03-22T05:11:01.315Z] error: Error in /controller/adminCont/getAllMeetingCounts: Failed to connect to 216.48.176.144:1433 - Could not connect (sequence)
[2025-03-22T05:11:01.324Z] error: Error in getAllMeetingCounts: Failed to connect to 216.48.176.144:1433 - Could not connect (sequence)
[2025-03-22T05:11:01.349Z] error: Error in getAllMeetingCounts: Failed to connect to 216.48.176.144:1433 - Could not connect (sequence)
[2025-03-22T05:11:01.356Z] error: Error in /controller/adminCont/getAllMeetingCounts: Failed to connect to 216.48.176.144:1433 - Could not connect (sequence)
[2025-03-22T05:11:01.367Z] error: Error in /controller/adminCont/getAllMeetingCounts: Failed to connect to 216.48.176.144:1433 - Could not connect (sequence)
[2025-03-22T05:11:01.373Z] error: Error in getAllMeetingCounts: Failed to connect to 216.48.176.144:1433 - Could not connect (sequence)
[2025-03-22T05:11:01.388Z] error: Error in getAllMeetingCounts: Failed to connect to 216.48.176.144:1433 - Could not connect (sequence)
[2025-03-22T07:06:17.040Z] error: Error in /controller/adminCont/UserLogin: Failed to connect to 216.48.176.144:1433 - Could not connect (sequence). SQL query: SELECT username, password, adminId, roleId,clientId,departmentId
    FROM admin_mst
    WHERE username = @username AND password = @password AND status = 'Y'
[2025-03-22T07:06:26.592Z] error: Error in /controller/adminCont/UserLogin: Failed to connect to 216.48.176.144:1433 - Could not connect (sequence). SQL query: SELECT username, password, adminId, roleId,clientId,departmentId
    FROM admin_mst
    WHERE username = @username AND password = @password AND status = 'Y'
[2025-03-22T11:12:29.711Z] error: Error in getAllMeetingCounts: Validation failed for parameter 'departmentId'. Invalid string.
[2025-03-22T11:12:29.715Z] error: Error in getAllMeetingCounts: Validation failed for parameter 'departmentId'. Invalid string.
[2025-03-22T11:12:29.719Z] error: Error in getAllMeetingCounts: Procedure or function 'GetMeetingCountsByClientDept' expects parameter '@clientId', which was not supplied.
[2025-03-22T11:13:39.738Z] error: Error in getAllMeetingCounts: Validation failed for parameter 'departmentId'. Invalid string.
[2025-03-22T11:13:39.785Z] error: Error in getAllMeetingCounts: Procedure or function 'GetMeetingCountsByClientDept' expects parameter '@clientId', which was not supplied.
[2025-03-22T11:13:40.095Z] error: Error in getAllMeetingCounts: Validation failed for parameter 'departmentId'. Invalid string.
[2025-03-22T11:21:09.690Z] error: Error in getAllMeetingCounts: Validation failed for parameter 'departmentId'. Invalid string.
[2025-03-22T11:21:09.946Z] error: Error in getAllMeetingCounts: Validation failed for parameter 'departmentId'. Invalid string.
[2025-03-22T11:21:10.055Z] error: Error in getAllMeetingCounts: Procedure or function 'GetMeetingCountsByClientDept' expects parameter '@clientId', which was not supplied.
[2025-03-22T11:21:19.241Z] error: Error in getAllMeetingCounts: Validation failed for parameter 'departmentId'. Invalid string.
[2025-03-22T11:21:19.289Z] error: Error in getAllMeetingCounts: Validation failed for parameter 'departmentId'. Invalid string.
[2025-03-22T11:21:41.189Z] error: Error in getAllMeetingCounts: Validation failed for parameter 'departmentId'. Invalid string.
[2025-03-22T11:21:41.412Z] error: Error in getAllMeetingCounts: Validation failed for parameter 'departmentId'. Invalid string.
[2025-03-22T11:23:54.429Z] error: Error in getAllMeetingCounts: Validation failed for parameter 'departmentId'. Invalid string.
[2025-03-22T11:23:54.450Z] error: Error in getAllMeetingCounts: Validation failed for parameter 'departmentId'. Invalid string.
[2025-03-22T11:24:02.625Z] error: Error in getAllMeetingCounts: Procedure or function 'GetMeetingCountsByClientDept' expects parameter '@clientId', which was not supplied.
[2025-03-22T11:27:44.987Z] error: Error in getAllMeetingCounts: Conversion failed when converting the varchar value 'null' to data type int.
[2025-03-22T11:27:45.182Z] error: Error in getAllMeetingCounts: Validation failed for parameter 'departmentId'. Invalid string.
[2025-03-22T11:27:50.436Z] error: Error in getAllMeetingCounts: Validation failed for parameter 'departmentId'. Invalid string.
[2025-03-22T11:27:50.583Z] error: Error in getAllMeetingCounts: Validation failed for parameter 'departmentId'. Invalid string.
[2025-03-22T11:29:01.811Z] error: Error in getAllMeetingCounts: Conversion failed when converting the varchar value 'null' to data type int.
[2025-03-22T11:29:01.918Z] error: Error in getAllMeetingCounts: Validation failed for parameter 'departmentId'. Invalid string.
[2025-03-22T11:30:58.820Z] error: Error in getAllMeetingCounts: Conversion failed when converting the varchar value 'null' to data type int.
[2025-03-22T11:30:58.936Z] error: Error in getAllMeetingCounts: Validation failed for parameter 'departmentId'. Invalid string.
[2025-03-22T11:31:48.889Z] error: Error in getAllMeetingCounts: Validation failed for parameter 'departmentId'. Invalid string.
[2025-03-22T11:31:49.024Z] error: Error in getAllMeetingCounts: Conversion failed when converting the varchar value 'null' to data type int.
[2025-03-22T11:32:00.249Z] error: Error in getAllMeetingCounts: Validation failed for parameter 'departmentId'. Invalid string.
[2025-03-22T11:32:00.638Z] error: Error in getAllMeetingCounts: Validation failed for parameter 'departmentId'. Invalid string.
[2025-03-22T11:32:48.882Z] error: Error in getAllMeetingCounts: Conversion failed when converting the varchar value 'null' to data type int.
[2025-03-22T11:32:49.371Z] error: Error in getAllMeetingCounts: Conversion failed when converting the varchar value 'null' to data type int.
[2025-03-22T11:35:23.808Z] error: Error in getAllMeetingCounts: Conversion failed when converting the varchar value 'null' to data type int.
[2025-03-22T12:20:37.756Z] error: Error in getAllMeetingCounts: Conversion failed when converting the varchar value 'null' to data type int.
[2025-03-22T12:21:10.983Z] error: Error in getAllMeetingCounts: Conversion failed when converting the varchar value 'null' to data type int.
[2025-03-22T12:21:31.457Z] error: Error in getAllMeetingCounts: Conversion failed when converting the varchar value 'null' to data type int.
[2025-03-22T12:21:31.786Z] error: Error in getAllMeetingCounts: Conversion failed when converting the varchar value 'null' to data type int.
[2025-03-22T12:21:35.596Z] error: Error in getAllMeetingCounts: Conversion failed when converting the varchar value 'null' to data type int.
[2025-03-22T12:21:35.888Z] error: Error in getAllMeetingCounts: Conversion failed when converting the varchar value 'null' to data type int.
[2025-03-22T12:21:53.476Z] error: Error in getAllMeetingCounts: Conversion failed when converting the varchar value 'null' to data type int.
[2025-03-22T12:22:08.424Z] error: Error in getAllMeetingCounts: Conversion failed when converting the varchar value 'null' to data type int.
[2025-03-22T12:22:08.669Z] error: Error in getAllMeetingCounts: Conversion failed when converting the varchar value 'null' to data type int.
[2025-03-22T12:24:15.126Z] error: Error in getAllMeetingCounts: Conversion failed when converting the varchar value 'null' to data type int.
[2025-03-22T12:24:15.384Z] error: Error in getAllMeetingCounts: Conversion failed when converting the varchar value 'null' to data type int.
[2025-03-22T12:25:44.099Z] error: Error in getAllMeetingCounts: Conversion failed when converting the varchar value 'null' to data type int.
[2025-03-22T12:25:44.426Z] error: Error in getAllMeetingCounts: Conversion failed when converting the varchar value 'null' to data type int.
[2025-03-22T12:26:15.366Z] error: Error in getAllMeetingCounts: Conversion failed when converting the varchar value 'null' to data type int.
[2025-03-22T12:26:18.900Z] error: Error in getAllMeetingCounts: Conversion failed when converting the varchar value 'null' to data type int.
[2025-03-22T12:26:19.349Z] error: Error in getAllMeetingCounts: Conversion failed when converting the varchar value 'null' to data type int.
[2025-03-22T12:26:38.386Z] error: Error in getAllMeetingCounts: Conversion failed when converting the varchar value 'null' to data type int.
[2025-03-22T12:26:42.562Z] error: Error in getAllMeetingCounts: Conversion failed when converting the varchar value 'null' to data type int.
[2025-03-22T12:26:42.946Z] error: Error in getAllMeetingCounts: Conversion failed when converting the varchar value 'null' to data type int.
[2025-03-22T12:27:07.537Z] error: Error in getAllMeetingCounts: Conversion failed when converting the varchar value 'null' to data type int.
[2025-03-22T12:27:11.146Z] error: Error in getAllMeetingCounts: Conversion failed when converting the varchar value 'null' to data type int.
[2025-03-22T12:27:11.568Z] error: Error in getAllMeetingCounts: Conversion failed when converting the varchar value 'null' to data type int.
[2025-03-22T12:27:28.766Z] error: Error in getAllMeetingCounts: Conversion failed when converting the varchar value 'null' to data type int.
[2025-03-22T12:29:14.527Z] error: Error in /controller/authenticateCont/getClient: Connection is closed.. SQL query: SELECT ClientCode, FullName from Client_Mst Where Status = @y
[2025-03-22T12:29:14.536Z] error: Error in /controller/adminCont/getAllMeetingCounts: Connection is closed.
[2025-03-22T12:29:14.572Z] error: Error in /controller/authenticateCont/getClient: Connection is closed.. SQL query: SELECT ClientCode, FullName from Client_Mst Where Status = @y
[2025-03-22T12:29:14.579Z] error: Error in /controller/authenticateCont/getDepartMent: Connection is closed.. SQL query: SELECT DeptId, DeptName,DeptUrl from Department_Mst Where ClientCode = @clientId and Status = @y
[2025-03-22T12:29:14.586Z] error: Error in /controller/adminCont/getAllMeetingCounts: Connection is closed.
[2025-03-22T12:29:14.598Z] error: Error in getAllMeetingCounts: Connection is closed.
[2025-03-22T12:29:14.601Z] error: Error in getAllMeetingCounts: Connection is closed.
[2025-03-22T12:29:14.604Z] error: Error in /controller/adminCont/getAllMeetingCounts: Connection is closed.
[2025-03-22T12:29:14.627Z] error: Error in getAllMeetingCounts: Connection is closed.
[2025-03-22T12:29:14.629Z] error: Error in /controller/adminCont/getAllMeetingCounts: Connection is closed.
[2025-03-22T12:29:14.633Z] error: Error in getAllMeetingCounts: Connection is closed.
[2025-03-22T12:29:14.638Z] error: Error in getAllMeetingCounts: Connection is closed.
[2025-03-22T12:29:14.644Z] error: Error in /controller/authenticateCont/getDepartMent: Connection is closed.. SQL query: SELECT DeptId, DeptName,DeptUrl from Department_Mst Where ClientCode = @clientId and Status = @y
[2025-03-22T12:29:14.652Z] error: Error in getAllMeetingCounts: Connection is closed.
[2025-03-22T12:29:22.148Z] error: Error in getAllMeetingCounts: Conversion failed when converting the varchar value 'null' to data type int.
[2025-03-22T12:29:22.588Z] error: Error in getAllMeetingCounts: Conversion failed when converting the varchar value 'null' to data type int.
[2025-03-22T12:29:52.797Z] error: Error in getAllMeetingCounts: Conversion failed when converting the varchar value 'null' to data type int.
[2025-03-22T12:29:53.307Z] error: Error in getAllMeetingCounts: Conversion failed when converting the varchar value 'null' to data type int.
[2025-03-22T12:30:27.151Z] error: Error in getAllMeetingCounts: Conversion failed when converting the varchar value 'null' to data type int.
[2025-03-22T12:30:27.636Z] error: Error in getAllMeetingCounts: Conversion failed when converting the varchar value 'null' to data type int.
[2025-03-22T12:33:13.854Z] error: Error in getAllMeetingWithClientCounts: Conversion failed when converting the varchar value 'null' to data type int.
[2025-03-22T12:33:14.156Z] error: Error in getAllMeetingWithClientCounts: Conversion failed when converting the varchar value 'null' to data type int.
[2025-03-22T12:41:58.610Z] error: Error in getAllMeetingWithClientCounts: Conversion failed when converting the varchar value 'null' to data type int.
[2025-03-22T12:41:58.929Z] error: Error in getAllMeetingWithClientCounts: Conversion failed when converting the varchar value 'null' to data type int.
[2025-03-22T12:44:11.314Z] error: Error in getAllMeetingWithClientCounts: Conversion failed when converting the varchar value 'null' to data type int.
[2025-03-22T12:44:11.580Z] error: Error in getAllMeetingWithClientCounts: Conversion failed when converting the varchar value 'null' to data type int.
[2025-03-22T12:46:38.667Z] error: Error in getAllMeetingWithClientCounts: Conversion failed when converting the varchar value 'null' to data type int.
[2025-03-22T12:46:39.140Z] error: Error in getAllMeetingWithClientCounts: Conversion failed when converting the varchar value 'null' to data type int.
[2025-03-22T12:46:40.605Z] error: Error in getAllMeetingWithClientCounts: Conversion failed when converting the varchar value 'null' to data type int.
[2025-03-22T12:46:40.901Z] error: Error in getAllMeetingWithClientCounts: Conversion failed when converting the varchar value 'null' to data type int.
[2025-03-22T12:46:47.610Z] error: Error in getAllMeetingWithClientCounts: Conversion failed when converting the varchar value 'null' to data type int.
[2025-03-22T12:46:48.112Z] error: Error in getAllMeetingWithClientCounts: Conversion failed when converting the varchar value 'null' to data type int.
[2025-03-22T12:47:00.686Z] error: Error in getAllMeetingWithClientCounts: Conversion failed when converting the varchar value 'null' to data type int.
[2025-03-22T12:47:01.860Z] error: Error in getAllMeetingWithClientCounts: Conversion failed when converting the varchar value 'null' to data type int.
[2025-03-22T12:48:28.611Z] error: Error in getAllMeetingWithClientCounts: Conversion failed when converting the varchar value 'null' to data type int.
[2025-03-22T12:48:28.932Z] error: Error in getAllMeetingWithClientCounts: Conversion failed when converting the varchar value 'null' to data type int.
[2025-03-22T12:53:22.495Z] error: Error in getAllMeetingWithClientCounts: Conversion failed when converting the varchar value 'null' to data type int.
[2025-03-22T12:53:45.439Z] error: Error in getAllMeetingWithClientCounts: Conversion failed when converting the varchar value 'null' to data type int.
[2025-03-22T12:53:47.234Z] error: Error in getAllMeetingWithClientCounts: Conversion failed when converting the varchar value 'null' to data type int.
[2025-03-22T12:53:50.880Z] error: Error in getAllMeetingWithClientCounts: Conversion failed when converting the varchar value 'null' to data type int.
[2025-03-22T12:53:51.243Z] error: Error in getAllMeetingWithClientCounts: Conversion failed when converting the varchar value 'null' to data type int.
[2025-03-22T12:54:54.928Z] error: Error in getAllMeetingWithClientCounts: Conversion failed when converting the varchar value 'null' to data type int.
[2025-03-22T12:54:55.292Z] error: Error in getAllMeetingWithClientCounts: Conversion failed when converting the varchar value 'null' to data type int.
[2025-03-22T12:58:16.781Z] error: Error in getAllMeetingWithClientCounts: Conversion failed when converting the varchar value 'null' to data type int.
[2025-03-22T12:58:17.048Z] error: Error in getAllMeetingWithClientCounts: Conversion failed when converting the varchar value 'null' to data type int.
[2025-03-22T13:00:08.680Z] error: Error in /controller/adminCont/getAllMeetingCounts: Connection is closed.
[2025-03-22T13:00:08.695Z] error: Error in getAllMeetingWithClientCounts: Connection is closed.
[2025-03-22T13:00:08.740Z] error: Error in /controller/adminCont/getAllMeetingCounts: Connection is closed.
[2025-03-22T13:00:08.745Z] error: Error in /controller/authenticateCont/getClient: Connection is closed.. SQL query: SELECT ClientCode, FullName from Client_Mst Where Status = @y
[2025-03-22T13:00:08.759Z] error: Error in /controller/adminCont/getAllMeetingCounts: Connection is closed.
[2025-03-22T13:00:08.859Z] error: Error in getAllPhysicalMeetingWithClientCounts: Connection is closed.
[2025-03-22T13:00:08.864Z] error: Error in /controller/authenticateCont/getDepartMent: Connection is closed.. SQL query: SELECT DeptId, DeptName,DeptUrl from Department_Mst Where ClientCode = @clientId and Status = @y
[2025-03-22T13:00:08.873Z] error: Error in /controller/adminCont/getAllMeetingCounts: Connection is closed.
[2025-03-22T13:00:08.877Z] error: Error in getAllPhysicalMeetingWithClientCounts: Connection is closed.
[2025-03-22T13:00:08.880Z] error: Error in /controller/authenticateCont/getClient: Connection is closed.. SQL query: SELECT ClientCode, FullName from Client_Mst Where Status = @y
[2025-03-22T13:00:08.892Z] error: Error in getAllMeetingWithClientCounts: Connection is closed.
[2025-03-22T13:00:08.908Z] error: Error in /controller/authenticateCont/getDepartMent: Connection is closed.. SQL query: SELECT DeptId, DeptName,DeptUrl from Department_Mst Where ClientCode = @clientId and Status = @y
[2025-03-22T13:02:12.919Z] error: Error in /controller/adminCont/getMeetingList: Validation failed for parameter 'clientCode'. Invalid string.. SQL query: SELECT Webcast_Mst.WcCode, Webcast_Mst.Title, 
        Webcast_Mst.EventStartDateTime, Webcast_Mst.EventEndDateTime,
        Webcast_Mst.CreatedDate,Webcast_Mst.Name,Webcast_Mst.Mobile,
        Webcast_Webinar_Mst.MeetingId,Webcast_Webinar_Mst.AccountId, 
        Webcast_Webinar_Mst.PresenterUrl,Webcast_Webinar_Mst.AttendeeUrl,
        Client_Mst.FullName,Department_Mst.DeptName,User_mst.displayname,
        zoom_ac_dtl.Account_name 
        FROM Webcast_Mst Inner Join Webcast_Webinar_Mst on  
        Webcast_Mst.WcCode = Webcast_Webinar_Mst.fk_mid
        Left Join Client_Mst on Webcast_Mst.ClientCode = Client_Mst.ClientCode
        Left Join Department_Mst on Webcast_Mst.DeptId = Department_Mst.DeptId
        Left Join User_mst on Webcast_Mst.CreatedBy = User_mst.userid
        LEFT JOIN zoom_ac_dtl
      ON Webcast_Webinar_Mst.AccountId = zoom_ac_dtl.Account_id
        where
        Webcast_Mst.EventType = @Etype and Webcast_Mst.EventStatus = @y and Webcast_Mst.ClientCode = @clientCode and Webcast_Mst.Title LIKE '%' + @searchname + '%' ORDER BY Webcast_Mst.EventStartDateTime
[2025-03-22T13:08:11.544Z] error: Error in /controller/adminCont/getMeetingList: Validation failed for parameter 'clientCode'. Invalid string.. SQL query: SELECT Webcast_Mst.WcCode, Webcast_Mst.Title, 
        Webcast_Mst.EventStartDateTime, Webcast_Mst.EventEndDateTime,
        Webcast_Mst.CreatedDate,Webcast_Mst.Name,Webcast_Mst.Mobile,
        Webcast_Webinar_Mst.MeetingId,Webcast_Webinar_Mst.AccountId, 
        Webcast_Webinar_Mst.PresenterUrl,Webcast_Webinar_Mst.AttendeeUrl,
        Client_Mst.FullName,Department_Mst.DeptName,User_mst.displayname,
        zoom_ac_dtl.Account_name 
        FROM Webcast_Mst Inner Join Webcast_Webinar_Mst on  
        Webcast_Mst.WcCode = Webcast_Webinar_Mst.fk_mid
        Left Join Client_Mst on Webcast_Mst.ClientCode = Client_Mst.ClientCode
        Left Join Department_Mst on Webcast_Mst.DeptId = Department_Mst.DeptId
        Left Join User_mst on Webcast_Mst.CreatedBy = User_mst.userid
        LEFT JOIN zoom_ac_dtl
      ON Webcast_Webinar_Mst.AccountId = zoom_ac_dtl.Account_id
        where
        Webcast_Mst.EventType = @Etype and Webcast_Mst.EventStatus = @y and Webcast_Mst.ClientCode = @clientCode and Webcast_Mst.Title LIKE '%' + @searchname + '%' ORDER BY Webcast_Mst.EventStartDateTime
[2025-03-22T13:12:13.121Z] error: Error in /controller/adminCont/getMeetingList: Validation failed for parameter 'clientCode'. Invalid string.. SQL query: SELECT Webcast_Mst.WcCode, Webcast_Mst.Title, 
        Webcast_Mst.EventStartDateTime, Webcast_Mst.EventEndDateTime,
        Webcast_Mst.CreatedDate,Webcast_Mst.Name,Webcast_Mst.Mobile,
        Webcast_Webinar_Mst.MeetingId,Webcast_Webinar_Mst.AccountId, 
        Webcast_Webinar_Mst.PresenterUrl,Webcast_Webinar_Mst.AttendeeUrl,
        Client_Mst.FullName,Department_Mst.DeptName,User_mst.displayname,
        zoom_ac_dtl.Account_name 
        FROM Webcast_Mst Inner Join Webcast_Webinar_Mst on  
        Webcast_Mst.WcCode = Webcast_Webinar_Mst.fk_mid
        Left Join Client_Mst on Webcast_Mst.ClientCode = Client_Mst.ClientCode
        Left Join Department_Mst on Webcast_Mst.DeptId = Department_Mst.DeptId
        Left Join User_mst on Webcast_Mst.CreatedBy = User_mst.userid
        LEFT JOIN zoom_ac_dtl
      ON Webcast_Webinar_Mst.AccountId = zoom_ac_dtl.Account_id
        where
        Webcast_Mst.EventType = @Etype and Webcast_Mst.EventStatus = @y and Webcast_Mst.ClientCode = @clientCode and Webcast_Mst.Title LIKE '%' + @searchname + '%' ORDER BY Webcast_Mst.EventStartDateTime
[2025-03-22T13:12:17.354Z] error: Error in /controller/adminCont/getMeetingList: Validation failed for parameter 'clientCode'. Invalid string.. SQL query: SELECT Webcast_Mst.WcCode, Webcast_Mst.Title, 
        Webcast_Mst.EventStartDateTime, Webcast_Mst.EventEndDateTime,
        Webcast_Mst.CreatedDate,Webcast_Mst.Name,Webcast_Mst.Mobile,
        Webcast_Webinar_Mst.MeetingId,Webcast_Webinar_Mst.AccountId, 
        Webcast_Webinar_Mst.PresenterUrl,Webcast_Webinar_Mst.AttendeeUrl,
        Client_Mst.FullName,Department_Mst.DeptName,User_mst.displayname,
        zoom_ac_dtl.Account_name 
        FROM Webcast_Mst Inner Join Webcast_Webinar_Mst on  
        Webcast_Mst.WcCode = Webcast_Webinar_Mst.fk_mid
        Left Join Client_Mst on Webcast_Mst.ClientCode = Client_Mst.ClientCode
        Left Join Department_Mst on Webcast_Mst.DeptId = Department_Mst.DeptId
        Left Join User_mst on Webcast_Mst.CreatedBy = User_mst.userid
        LEFT JOIN zoom_ac_dtl
      ON Webcast_Webinar_Mst.AccountId = zoom_ac_dtl.Account_id
        where
        Webcast_Mst.EventType = @Etype and Webcast_Mst.EventStatus = @y and Webcast_Mst.ClientCode = @clientCode and Webcast_Mst.Title LIKE '%' + @searchname + '%' ORDER BY Webcast_Mst.EventStartDateTime
[2025-03-22T13:13:42.615Z] error: Error in /controller/adminCont/getMeetingList: Validation failed for parameter 'clientCode'. Invalid string.. SQL query: SELECT Webcast_Mst.WcCode, Webcast_Mst.Title, 
        Webcast_Mst.EventStartDateTime, Webcast_Mst.EventEndDateTime,
        Webcast_Mst.CreatedDate,Webcast_Mst.Name,Webcast_Mst.Mobile,
        Webcast_Webinar_Mst.MeetingId,Webcast_Webinar_Mst.AccountId, 
        Webcast_Webinar_Mst.PresenterUrl,Webcast_Webinar_Mst.AttendeeUrl,
        Client_Mst.FullName,Department_Mst.DeptName,User_mst.displayname,
        zoom_ac_dtl.Account_name 
        FROM Webcast_Mst Inner Join Webcast_Webinar_Mst on  
        Webcast_Mst.WcCode = Webcast_Webinar_Mst.fk_mid
        Left Join Client_Mst on Webcast_Mst.ClientCode = Client_Mst.ClientCode
        Left Join Department_Mst on Webcast_Mst.DeptId = Department_Mst.DeptId
        Left Join User_mst on Webcast_Mst.CreatedBy = User_mst.userid
        LEFT JOIN zoom_ac_dtl
      ON Webcast_Webinar_Mst.AccountId = zoom_ac_dtl.Account_id
        where
        Webcast_Mst.EventType = @Etype and Webcast_Mst.EventStatus = @y and Webcast_Mst.ClientCode = @clientCode and Webcast_Mst.Title LIKE '%' + @searchname + '%' ORDER BY Webcast_Mst.EventStartDateTime
[2025-03-22T13:13:46.633Z] error: Error in /controller/adminCont/getMeetingList: Validation failed for parameter 'clientCode'. Invalid string.. SQL query: SELECT Webcast_Mst.WcCode, Webcast_Mst.Title, 
        Webcast_Mst.EventStartDateTime, Webcast_Mst.EventEndDateTime,
        Webcast_Mst.CreatedDate,Webcast_Mst.Name,Webcast_Mst.Mobile,
        Webcast_Webinar_Mst.MeetingId,Webcast_Webinar_Mst.AccountId, 
        Webcast_Webinar_Mst.PresenterUrl,Webcast_Webinar_Mst.AttendeeUrl,
        Client_Mst.FullName,Department_Mst.DeptName,User_mst.displayname,
        zoom_ac_dtl.Account_name 
        FROM Webcast_Mst Inner Join Webcast_Webinar_Mst on  
        Webcast_Mst.WcCode = Webcast_Webinar_Mst.fk_mid
        Left Join Client_Mst on Webcast_Mst.ClientCode = Client_Mst.ClientCode
        Left Join Department_Mst on Webcast_Mst.DeptId = Department_Mst.DeptId
        Left Join User_mst on Webcast_Mst.CreatedBy = User_mst.userid
        LEFT JOIN zoom_ac_dtl
      ON Webcast_Webinar_Mst.AccountId = zoom_ac_dtl.Account_id
        where
        Webcast_Mst.EventType = @Etype and Webcast_Mst.EventStatus = @y and Webcast_Mst.ClientCode = @clientCode and Webcast_Mst.Title LIKE '%' + @searchname + '%' ORDER BY Webcast_Mst.EventStartDateTime
[2025-03-22T13:14:53.902Z] error: Error in /controller/adminCont/getMeetingList: Validation failed for parameter 'clientCode'. Invalid string.. SQL query: SELECT Webcast_Mst.WcCode, Webcast_Mst.Title, 
        Webcast_Mst.EventStartDateTime, Webcast_Mst.EventEndDateTime,
        Webcast_Mst.CreatedDate,Webcast_Mst.Name,Webcast_Mst.Mobile,
        Webcast_Webinar_Mst.MeetingId,Webcast_Webinar_Mst.AccountId, 
        Webcast_Webinar_Mst.PresenterUrl,Webcast_Webinar_Mst.AttendeeUrl,
        Client_Mst.FullName,Department_Mst.DeptName,User_mst.displayname,
        zoom_ac_dtl.Account_name 
        FROM Webcast_Mst Inner Join Webcast_Webinar_Mst on  
        Webcast_Mst.WcCode = Webcast_Webinar_Mst.fk_mid
        Left Join Client_Mst on Webcast_Mst.ClientCode = Client_Mst.ClientCode
        Left Join Department_Mst on Webcast_Mst.DeptId = Department_Mst.DeptId
        Left Join User_mst on Webcast_Mst.CreatedBy = User_mst.userid
        LEFT JOIN zoom_ac_dtl
      ON Webcast_Webinar_Mst.AccountId = zoom_ac_dtl.Account_id
        where
        Webcast_Mst.EventType = @Etype and Webcast_Mst.EventStatus = @y and Webcast_Mst.ClientCode = @clientCode and Webcast_Mst.Title LIKE '%' + @searchname + '%' ORDER BY Webcast_Mst.EventStartDateTime
[2025-03-22T13:15:53.887Z] error: Error in /controller/adminCont/getMeetingList: Validation failed for parameter 'clientCode'. Invalid string.. SQL query: SELECT Webcast_Mst.WcCode, Webcast_Mst.Title, 
        Webcast_Mst.EventStartDateTime, Webcast_Mst.EventEndDateTime,
        Webcast_Mst.CreatedDate,Webcast_Mst.Name,Webcast_Mst.Mobile,
        Webcast_Webinar_Mst.MeetingId,Webcast_Webinar_Mst.AccountId, 
        Webcast_Webinar_Mst.PresenterUrl,Webcast_Webinar_Mst.AttendeeUrl,
        Client_Mst.FullName,Department_Mst.DeptName,User_mst.displayname,
        zoom_ac_dtl.Account_name 
        FROM Webcast_Mst Inner Join Webcast_Webinar_Mst on  
        Webcast_Mst.WcCode = Webcast_Webinar_Mst.fk_mid
        Left Join Client_Mst on Webcast_Mst.ClientCode = Client_Mst.ClientCode
        Left Join Department_Mst on Webcast_Mst.DeptId = Department_Mst.DeptId
        Left Join User_mst on Webcast_Mst.CreatedBy = User_mst.userid
        LEFT JOIN zoom_ac_dtl
      ON Webcast_Webinar_Mst.AccountId = zoom_ac_dtl.Account_id
        where
        Webcast_Mst.EventType = @Etype and Webcast_Mst.EventStatus = @y and Webcast_Mst.ClientCode = @clientCode and Webcast_Mst.Title LIKE '%' + @searchname + '%' ORDER BY Webcast_Mst.EventStartDateTime
[2025-03-22T13:17:17.596Z] error: Error in /controller/authenticateCont/getClient: Connection is closed.. SQL query: SELECT ClientCode, FullName from Client_Mst Where Status = @y
[2025-03-22T13:17:17.729Z] error: Error in /controller/authenticateCont/getClient: Connection is closed.. SQL query: SELECT ClientCode, FullName from Client_Mst Where Status = @y
[2025-03-22T13:17:17.732Z] error: Error in /controller/adminCont/getAllMeetingCounts: Connection is closed.
[2025-03-22T13:17:17.736Z] error: Error in /controller/adminCont/getAllMeetingCounts: Connection is closed.
[2025-03-22T13:17:17.741Z] error: Error in /controller/authenticateCont/getDepartMent: Connection is closed.. SQL query: SELECT DeptId, DeptName,DeptUrl from Department_Mst Where ClientCode = @clientId and Status = @y
[2025-03-22T13:17:17.870Z] error: Error in /controller/adminCont/getAllMeetingCounts: Connection is closed.
[2025-03-22T13:17:17.872Z] error: Error in /controller/adminCont/getAllMeetingCounts: Connection is closed.
[2025-03-22T13:17:17.878Z] error: Error in getAllPhysicalMeetingWithClientCounts: Connection is closed.
[2025-03-22T13:17:17.882Z] error: Error in getAllMeetingWithClientCounts: Connection is closed.
[2025-03-22T13:17:17.890Z] error: Error in getAllMeetingWithClientCounts: Connection is closed.
[2025-03-22T13:17:17.907Z] error: Error in getAllPhysicalMeetingWithClientCounts: Connection is closed.
[2025-03-22T13:17:17.909Z] error: Error in /controller/authenticateCont/getDepartMent: Connection is closed.. SQL query: SELECT DeptId, DeptName,DeptUrl from Department_Mst Where ClientCode = @clientId and Status = @y
[2025-03-22T13:25:48.556Z] error: Error in /controller/adminCont/getAllMeetingCounts: Connection is closed.
[2025-03-22T13:25:48.612Z] error: Error in getAllPhysicalMeetingWithClientCounts: Connection is closed.
[2025-03-22T13:25:48.617Z] error: Error in /controller/authenticateCont/getDepartMent: Connection is closed.. SQL query: SELECT DeptId, DeptName,DeptUrl from Department_Mst Where ClientCode = @clientId and Status = @y
[2025-03-22T13:25:48.622Z] error: Error in /controller/authenticateCont/getClient: Connection is closed.. SQL query: SELECT ClientCode, FullName from Client_Mst Where Status = @y
[2025-03-22T13:25:48.631Z] error: Error in getAllMeetingWithClientCounts: Connection is closed.
[2025-03-22T13:25:48.638Z] error: Error in /controller/adminCont/getAllMeetingCounts: Connection is closed.
[2025-03-22T13:25:48.645Z] error: Error in getAllMeetingWithClientCounts: Connection is closed.
[2025-03-22T13:25:48.685Z] error: Error in /controller/adminCont/getAllMeetingCounts: Connection is closed.
[2025-03-22T13:25:48.688Z] error: Error in /controller/adminCont/getAllMeetingCounts: Connection is closed.
[2025-03-22T13:25:48.696Z] error: Error in getAllMeetingWithClientCounts: Connection is closed.
[2025-03-22T13:25:48.705Z] error: Error in getAllPhysicalMeetingWithClientCounts: Connection is closed.
[2025-03-22T13:25:48.714Z] error: Error in /controller/authenticateCont/getDepartMent: Connection is closed.. SQL query: SELECT DeptId, DeptName,DeptUrl from Department_Mst Where ClientCode = @clientId and Status = @y
[2025-03-22T13:25:48.725Z] error: Error in getAllMeetingWithClientCounts: Connection is closed.
[2025-03-22T13:25:48.734Z] error: Error in /controller/authenticateCont/getClient: Connection is closed.. SQL query: SELECT ClientCode, FullName from Client_Mst Where Status = @y
[2025-03-22T13:25:55.680Z] error: Error in getAllMeetingWithClientCounts: Conversion failed when converting the varchar value 'null' to data type int.
[2025-03-22T13:25:55.981Z] error: Error in getAllMeetingWithClientCounts: Conversion failed when converting the varchar value 'null' to data type int.
[2025-03-22T13:26:35.696Z] error: Error in /controller/authenticateCont/getClient: Connection is closed.. SQL query: SELECT ClientCode, FullName from Client_Mst Where Status = @y
[2025-03-22T13:26:35.805Z] error: Error in /controller/adminCont/getAllMeetingCounts: Connection is closed.
[2025-03-22T13:26:35.840Z] error: Error in /controller/authenticateCont/getClient: Connection is closed.. SQL query: SELECT ClientCode, FullName from Client_Mst Where Status = @y
[2025-03-22T13:26:35.843Z] error: Error in /controller/adminCont/getAllMeetingCounts: Connection is closed.
[2025-03-22T13:26:35.884Z] error: Error in getAllMeetingWithClientCounts: Connection is closed.
[2025-03-22T13:26:35.942Z] error: Error in getAllPhysicalMeetingWithClientCounts: Connection is closed.
[2025-03-22T13:26:35.951Z] error: Error in /controller/authenticateCont/getDepartMent: Connection is closed.. SQL query: SELECT DeptId, DeptName,DeptUrl from Department_Mst Where ClientCode = @clientId and Status = @y
[2025-03-22T13:26:35.956Z] error: Error in getAllMeetingWithClientCounts: Connection is closed.
[2025-03-22T13:26:35.965Z] error: Error in /controller/adminCont/getAllMeetingCounts: Connection is closed.
[2025-03-22T13:26:35.968Z] error: Error in /controller/adminCont/getAllMeetingCounts: Connection is closed.
[2025-03-22T13:26:36.107Z] error: Error in getAllPhysicalMeetingWithClientCounts: Connection is closed.
[2025-03-22T13:26:36.114Z] error: Error in /controller/authenticateCont/getDepartMent: Connection is closed.. SQL query: SELECT DeptId, DeptName,DeptUrl from Department_Mst Where ClientCode = @clientId and Status = @y
[2025-03-22T13:26:36.116Z] error: Error in getAllMeetingWithClientCounts: Connection is closed.
[2025-03-22T13:26:36.119Z] error: Error in getAllMeetingWithClientCounts: Connection is closed.
[2025-03-22T13:36:20.812Z] error: Error in /controller/adminCont/getMeetingList: Connection is closed.. SQL query: SELECT Webcast_Mst.WcCode, Webcast_Mst.Title, 
        Webcast_Mst.EventStartDateTime, Webcast_Mst.EventEndDateTime,
        Webcast_Mst.CreatedDate,Webcast_Mst.Name,Webcast_Mst.Mobile,
        Webcast_Webinar_Mst.MeetingId,Webcast_Webinar_Mst.AccountId, 
        Webcast_Webinar_Mst.PresenterUrl,Webcast_Webinar_Mst.AttendeeUrl,
        Client_Mst.FullName,Department_Mst.DeptName,User_mst.displayname,
        zoom_ac_dtl.Account_name 
        FROM Webcast_Mst Inner Join Webcast_Webinar_Mst on  
        Webcast_Mst.WcCode = Webcast_Webinar_Mst.fk_mid
        Left Join Client_Mst on Webcast_Mst.ClientCode = Client_Mst.ClientCode
        Left Join Department_Mst on Webcast_Mst.DeptId = Department_Mst.DeptId
        Left Join User_mst on Webcast_Mst.CreatedBy = User_mst.userid
        LEFT JOIN zoom_ac_dtl
      ON Webcast_Webinar_Mst.AccountId = zoom_ac_dtl.Account_id
        where
        Webcast_Mst.EventType = @Etype and Webcast_Mst.EventStatus = @y and Webcast_Mst.DeptId = @departmentId and Webcast_Mst.Title LIKE '%' + @searchname + '%' ORDER BY Webcast_Mst.EventStartDateTime
[2025-03-22T13:50:59.042Z] error: Error in getAllMeetingWithClientCounts: Failed to connect to 216.48.176.144:1433 in 15000ms
[2025-03-22T13:51:01.763Z] error: Error in getAllMeetingWithClientCounts: Failed to connect to 216.48.176.144:1433 in 15000ms
[2025-03-22T13:51:09.566Z] error: Error in getAllMeetingWithClientCounts: Failed to connect to 216.48.176.144:1433 in 15000ms
[2025-03-22T13:51:11.071Z] error: Error in /controller/adminCont/getAllMeetingCounts: Failed to connect to 216.48.176.144:1433 in 15000ms
[2025-03-22T13:51:11.078Z] error: Error in /controller/adminCont/getAllMeetingCounts: Failed to connect to 216.48.176.144:1433 in 15000ms
[2025-03-22T13:51:11.122Z] error: Error in getAllPhysicalMeetingWithClientCounts: Failed to connect to 216.48.176.144:1433 in 15000ms
[2025-03-22T13:51:14.250Z] error: Error in getAllMeetingWithClientCounts: Failed to connect to 216.48.176.144:1433 in 15000ms
[2025-03-22T13:51:16.971Z] error: Error in /controller/authenticateCont/getClient: Failed to connect to 216.48.176.144:1433 in 15000ms. SQL query: SELECT ClientCode, FullName from Client_Mst Where Status = @y
[2025-03-22T15:03:35.625Z] error: Error in /controller/authenticateCont/getClient: Connection is closed.. SQL query: SELECT ClientCode, FullName from Client_Mst Where Status = @y
[2025-03-22T15:03:35.730Z] error: Error in /controller/adminCont/getAllMeetingCounts: Connection is closed.
[2025-03-22T15:03:35.737Z] error: Error in getAllMeetingWithClientCounts: Connection is closed.
[2025-03-22T15:03:35.739Z] error: Error in getAllPhysicalMeetingWithClientCounts: Connection is closed.
[2025-03-22T15:03:35.743Z] error: Error in /controller/authenticateCont/getDepartMent: Connection is closed.. SQL query: SELECT DeptId, DeptName,DeptUrl from Department_Mst Where ClientCode = @clientId and Status = @y
[2025-03-22T15:03:35.747Z] error: Error in getAllMeetingWithClientCounts: Connection is closed.
[2025-03-22T15:03:35.780Z] error: Error in /controller/adminCont/getAllMeetingCounts: Connection is closed.
[2025-03-22T15:03:35.785Z] error: Error in getAllPhysicalMeetingWithClientCounts: Connection is closed.
[2025-03-22T15:03:35.789Z] error: Error in /controller/adminCont/getAllMeetingCounts: Connection is closed.
[2025-03-22T15:03:35.793Z] error: Error in /controller/adminCont/getAllMeetingCounts: Connection is closed.
[2025-03-22T15:03:35.803Z] error: Error in /controller/authenticateCont/getDepartMent: Connection is closed.. SQL query: SELECT DeptId, DeptName,DeptUrl from Department_Mst Where ClientCode = @clientId and Status = @y
[2025-03-22T15:03:35.831Z] error: Error in getAllMeetingWithClientCounts: Connection is closed.
[2025-03-22T15:03:35.837Z] error: Error in getAllPhysicalMeetingWithClientCounts: Connection is closed.
[2025-03-22T15:03:35.840Z] error: Error in getAllMeetingWithClientCounts: Connection is closed.
[2025-03-22T15:03:35.845Z] error: Error in getAllPhysicalMeetingWithClientCounts: Connection is closed.
[2025-03-22T15:03:35.847Z] error: Error in /controller/authenticateCont/getClient: Connection is closed.. SQL query: SELECT ClientCode, FullName from Client_Mst Where Status = @y
[2025-03-23T06:27:11.316Z] error: Error in /controller/adminCont/getAllMeetingCounts: Failed to connect to 216.48.176.144:1433 - Could not connect (sequence)
[2025-03-23T06:27:11.387Z] error: Error in getAllMeetingWithClientCounts: Failed to connect to 216.48.176.144:1433 - Could not connect (sequence)
[2025-03-23T06:27:11.391Z] error: Error in /controller/authenticateCont/getClient: Failed to connect to 216.48.176.144:1433 - Could not connect (sequence). SQL query: SELECT ClientCode, FullName from Client_Mst Where Status = @y
[2025-03-23T06:27:11.406Z] error: Error in /controller/adminCont/getAllMeetingCounts: Failed to connect to 216.48.176.144:1433 - Could not connect (sequence)
[2025-03-23T06:27:11.458Z] error: Error in /controller/adminCont/getAllMeetingCounts: Failed to connect to 216.48.176.144:1433 - Could not connect (sequence)
[2025-03-23T06:27:11.472Z] error: Error in /controller/adminCont/getAllMeetingCounts: Failed to connect to 216.48.176.144:1433 - Could not connect (sequence)
[2025-03-23T06:27:11.512Z] error: Error in getAllMeetingWithClientCounts: Failed to connect to 216.48.176.144:1433 - Could not connect (sequence)
[2025-03-23T06:27:11.520Z] error: Error in getAllMeetingWithClientCounts: Failed to connect to 216.48.176.144:1433 - Could not connect (sequence)
[2025-03-23T06:27:11.553Z] error: Error in /controller/authenticateCont/getDepartMent: Failed to connect to 216.48.176.144:1433 - Could not connect (sequence). SQL query: SELECT DeptId, DeptName,DeptUrl from Department_Mst Where ClientCode = @clientId and Status = @y
[2025-03-23T06:27:11.565Z] error: Error in getAllPhysicalMeetingWithClientCounts: Failed to connect to 216.48.176.144:1433 - Could not connect (sequence)
[2025-03-23T06:27:11.574Z] error: Error in getAllMeetingWithClientCounts: Failed to connect to 216.48.176.144:1433 - Could not connect (sequence)
[2025-03-23T06:27:11.592Z] error: Error in getAllPhysicalMeetingWithClientCounts: Failed to connect to 216.48.176.144:1433 - Could not connect (sequence)
[2025-03-23T06:27:11.598Z] error: Error in /controller/authenticateCont/getClient: Failed to connect to 216.48.176.144:1433 - Could not connect (sequence). SQL query: SELECT ClientCode, FullName from Client_Mst Where Status = @y
[2025-03-23T06:27:11.606Z] error: Error in getAllPhysicalMeetingWithClientCounts: Failed to connect to 216.48.176.144:1433 - Could not connect (sequence)
[2025-03-23T06:27:11.623Z] error: Error in /controller/authenticateCont/getDepartMent: Failed to connect to 216.48.176.144:1433 - Could not connect (sequence). SQL query: SELECT DeptId, DeptName,DeptUrl from Department_Mst Where ClientCode = @clientId and Status = @y
[2025-03-23T06:27:11.630Z] error: Error in getAllPhysicalMeetingWithClientCounts: Failed to connect to 216.48.176.144:1433 - Could not connect (sequence)
[2025-03-23T06:27:14.081Z] error: Error in /controller/physicalMeetCont/getTotalMeeting: Failed to connect to 216.48.176.144:1433 - Could not connect (sequence). SQL query: select COALESCE(COUNT(*), 0) as totalMeeting from Webcast_Mst where eventType = @event and EventStatus = @y
[2025-03-23T06:27:14.172Z] error: Error in /controller/virtualMeetCont/getTotalMeeting: Failed to connect to 216.48.176.144:1433 - Could not connect (sequence). SQL query: select COALESCE(COUNT(*), 0) as totalMeeting FROM Webcast_Mst Inner Join Webcast_Webinar_Mst on  
      Webcast_Mst.WcCode = Webcast_Webinar_Mst.fk_mid 
      where Webcast_Mst.eventType = @event and Webcast_Mst.EventStatus = @y
[2025-03-23T06:27:14.198Z] error: Error in /controller/physicalMeetCont/getTotalUpcomingMeeting: Failed to connect to 216.48.176.144:1433 - Could not connect (sequence). SQL query: select COALESCE(COUNT(*), 0) as totalUpcomingMeeting from Webcast_Mst where @formateddate < EventEndDateTime and eventType = @event and EventStatus = @y
[2025-03-23T06:27:14.213Z] error: Error in /controller/virtualMeetCont/getTotalUpcomingMeeting: Failed to connect to 216.48.176.144:1433 - Could not connect (sequence). SQL query: select COALESCE(COUNT(*), 0) as totalUpcomingMeeting FROM Webcast_Mst Inner Join Webcast_Webinar_Mst on  
      Webcast_Mst.WcCode = Webcast_Webinar_Mst.fk_mid 
      where @formateddate < Webcast_Mst.EventEndDateTime and Webcast_Mst.eventType = @event and Webcast_Mst.EventStatus = @y
[2025-03-23T06:27:14.224Z] error: Error in /controller/physicalMeetCont/getTotalCompletedMeeting: Failed to connect to 216.48.176.144:1433 - Could not connect (sequence). SQL query: select COALESCE(COUNT(*), 0) as totalCompletedMeeting from Webcast_Mst where @formateddate > EventEndDateTime and eventType = @event and EventStatus = @y
[2025-03-23T06:27:14.229Z] error: Error in /controller/physicalMeetCont/getTotalMeeting: Failed to connect to 216.48.176.144:1433 - Could not connect (sequence). SQL query: select COALESCE(COUNT(*), 0) as totalMeeting from Webcast_Mst where eventType = @event and EventStatus = @y
[2025-03-23T06:27:14.235Z] error: Error in /controller/virtualMeetCont/getTotalMeeting: Failed to connect to 216.48.176.144:1433 - Could not connect (sequence). SQL query: select COALESCE(COUNT(*), 0) as totalMeeting FROM Webcast_Mst Inner Join Webcast_Webinar_Mst on  
      Webcast_Mst.WcCode = Webcast_Webinar_Mst.fk_mid 
      where Webcast_Mst.eventType = @event and Webcast_Mst.EventStatus = @y
[2025-03-23T06:27:14.250Z] error: Error in /controller/virtualMeetCont/getTotalCompletedMeeting: Failed to connect to 216.48.176.144:1433 - Could not connect (sequence). SQL query: select COALESCE(COUNT(*), 0) as totalCompletedMeeting FROM Webcast_Mst Inner Join Webcast_Webinar_Mst on  
      Webcast_Mst.WcCode = Webcast_Webinar_Mst.fk_mid 
      where @formateddate > Webcast_Mst.EventEndDateTime and Webcast_Mst.eventType = @event and Webcast_Mst.EventStatus = @y
[2025-03-23T06:27:14.271Z] error: Error in /controller/physicalMeetCont/getTotalUpcomingMeeting: Failed to connect to 216.48.176.144:1433 - Could not connect (sequence). SQL query: select COALESCE(COUNT(*), 0) as totalUpcomingMeeting from Webcast_Mst where @formateddate < EventEndDateTime and eventType = @event and EventStatus = @y
[2025-03-23T06:27:14.275Z] error: Error in /controller/virtualMeetCont/getTotalUpcomingMeeting: Failed to connect to 216.48.176.144:1433 - Could not connect (sequence). SQL query: select COALESCE(COUNT(*), 0) as totalUpcomingMeeting FROM Webcast_Mst Inner Join Webcast_Webinar_Mst on  
      Webcast_Mst.WcCode = Webcast_Webinar_Mst.fk_mid 
      where @formateddate < Webcast_Mst.EventEndDateTime and Webcast_Mst.eventType = @event and Webcast_Mst.EventStatus = @y
[2025-03-23T06:27:14.285Z] error: Error in /controller/physicalMeetCont/getTotalCompletedMeeting: Failed to connect to 216.48.176.144:1433 - Could not connect (sequence). SQL query: select COALESCE(COUNT(*), 0) as totalCompletedMeeting from Webcast_Mst where @formateddate > EventEndDateTime and eventType = @event and EventStatus = @y
[2025-03-23T06:27:14.293Z] error: Error in /controller/virtualMeetCont/getTotalCompletedMeeting: Failed to connect to 216.48.176.144:1433 - Could not connect (sequence). SQL query: select COALESCE(COUNT(*), 0) as totalCompletedMeeting FROM Webcast_Mst Inner Join Webcast_Webinar_Mst on  
      Webcast_Mst.WcCode = Webcast_Webinar_Mst.fk_mid 
      where @formateddate > Webcast_Mst.EventEndDateTime and Webcast_Mst.eventType = @event and Webcast_Mst.EventStatus = @y
[2025-03-23T06:27:14.331Z] error: Error in /controller/physicalMeetCont/getMeetingData: Failed to connect to 216.48.176.144:1433 - Could not connect (sequence). SQL query: SELECT Webcast_Mst.Title, Webcast_Mst.WcCode,Webcast_Mst.Name ,Webcast_Mst.Mobile, Webcast_Mst.EventLocation, Webcast_Mst.EventStartDateTime, Webcast_Mst.EventEndDateTime,
            Webcast_Speaker_Detail.SpkName,Webcast_Speaker_Detail.SpkDesignation,Webcast_Speaker_Detail.Bio1,Webcast_Speaker_Detail.Bio2,
            Webcast_Speaker_Detail.Bio3
            FROM Webcast_Mst Left Join Webcast_Speaker_Detail on Webcast_Mst.WcCode = Webcast_Speaker_Detail.fk_mid
            and Webcast_Speaker_Detail.Status = @y 
            where Webcast_Mst.EventType = @Etype and Webcast_Mst.EventStatus = @y
            
[2025-03-23T06:27:14.338Z] error: Error in /controller/VirtualMeetCont/getMeetingData: Failed to connect to 216.48.176.144:1433 - Could not connect (sequence). SQL query: SELECT Webcast_Mst.Title,Webcast_Mst.WcCode,Webcast_Mst.Name ,Webcast_Mst.Mobile, Webcast_Mst.EventStartDateTime, Webcast_Mst.EventEndDateTime,
      Webcast_Speaker_Detail.SpkName,Webcast_Speaker_Detail.SpkDesignation,Webcast_Speaker_Detail.Bio1,Webcast_Speaker_Detail.Bio2,
      Webcast_Speaker_Detail.Bio3
      FROM Webcast_Mst Left Join Webcast_Speaker_Detail on Webcast_Mst.WcCode = Webcast_Speaker_Detail.fk_mid 
      and Webcast_Speaker_Detail.Status = @y
      where Webcast_Mst.EventType = @Etype and Webcast_Mst.EventStatus = @y;
[2025-03-23T06:27:14.346Z] error: Error in /controller/virtualMeetCont/getMeetingWithStatus: Failed to connect to 216.48.176.144:1433 - Could not connect (sequence). SQL query: SELECT Webcast_Mst.WcCode, Webcast_Mst.Title, 
        Webcast_Mst.EventStartDateTime, Webcast_Mst.EventEndDateTime,
        Webcast_Mst.CreatedDate,
        Webcast_Webinar_Mst.MeetingId,Webcast_Webinar_Mst.AccountId 
        FROM Webcast_Mst Inner Join Webcast_Webinar_Mst on  
        Webcast_Mst.WcCode = Webcast_Webinar_Mst.fk_mid where
        @formateddate < Webcast_Mst.EventEndDateTime and
        Webcast_Mst.EventType = @Etype and Webcast_Mst.EventStatus = @y and Webcast_Mst.Title LIKE '%' + @searchname + '%' ORDER BY Webcast_Mst.EventStartDateTime
[2025-03-23T06:27:14.357Z] error: Error in /controller/physicalMeetCont/getMeetingWithStatus: Failed to connect to 216.48.176.144:1433 - Could not connect (sequence). SQL query: SELECT WcCode, Title, EventStartDateTime, EventEndDateTime, CreatedDate FROM Webcast_Mst
                where  @formateddate < EventEndDateTime and EventType = @Etype and EventStatus = @y and Title LIKE '%' + @searchname + '%' ORDER BY EventStartDateTime
[2025-03-23T06:27:14.384Z] error: Error in /controller/physicalMeetCont/getMeetingData: Failed to connect to 216.48.176.144:1433 - Could not connect (sequence). SQL query: SELECT Webcast_Mst.Title, Webcast_Mst.WcCode,Webcast_Mst.Name ,Webcast_Mst.Mobile, Webcast_Mst.EventLocation, Webcast_Mst.EventStartDateTime, Webcast_Mst.EventEndDateTime,
            Webcast_Speaker_Detail.SpkName,Webcast_Speaker_Detail.SpkDesignation,Webcast_Speaker_Detail.Bio1,Webcast_Speaker_Detail.Bio2,
            Webcast_Speaker_Detail.Bio3
            FROM Webcast_Mst Left Join Webcast_Speaker_Detail on Webcast_Mst.WcCode = Webcast_Speaker_Detail.fk_mid
            and Webcast_Speaker_Detail.Status = @y 
            where Webcast_Mst.EventType = @Etype and Webcast_Mst.EventStatus = @y
            
[2025-03-23T06:27:14.475Z] error: Error in /controller/VirtualMeetCont/getMeetingData: Failed to connect to 216.48.176.144:1433 - Could not connect (sequence). SQL query: SELECT Webcast_Mst.Title,Webcast_Mst.WcCode,Webcast_Mst.Name ,Webcast_Mst.Mobile, Webcast_Mst.EventStartDateTime, Webcast_Mst.EventEndDateTime,
      Webcast_Speaker_Detail.SpkName,Webcast_Speaker_Detail.SpkDesignation,Webcast_Speaker_Detail.Bio1,Webcast_Speaker_Detail.Bio2,
      Webcast_Speaker_Detail.Bio3
      FROM Webcast_Mst Left Join Webcast_Speaker_Detail on Webcast_Mst.WcCode = Webcast_Speaker_Detail.fk_mid 
      and Webcast_Speaker_Detail.Status = @y
      where Webcast_Mst.EventType = @Etype and Webcast_Mst.EventStatus = @y;
[2025-03-23T06:27:14.487Z] error: Error in /controller/virtualMeetCont/getMeetingWithStatus: Failed to connect to 216.48.176.144:1433 - Could not connect (sequence). SQL query: SELECT Webcast_Mst.WcCode, Webcast_Mst.Title, 
        Webcast_Mst.EventStartDateTime, Webcast_Mst.EventEndDateTime,
        Webcast_Mst.CreatedDate,
        Webcast_Webinar_Mst.MeetingId,Webcast_Webinar_Mst.AccountId 
        FROM Webcast_Mst Inner Join Webcast_Webinar_Mst on  
        Webcast_Mst.WcCode = Webcast_Webinar_Mst.fk_mid where
        @formateddate < Webcast_Mst.EventEndDateTime and
        Webcast_Mst.EventType = @Etype and Webcast_Mst.EventStatus = @y and Webcast_Mst.Title LIKE '%' + @searchname + '%' ORDER BY Webcast_Mst.EventStartDateTime
[2025-03-23T06:27:14.494Z] error: Error in /controller/physicalMeetCont/getMeetingWithStatus: Failed to connect to 216.48.176.144:1433 - Could not connect (sequence). SQL query: SELECT WcCode, Title, EventStartDateTime, EventEndDateTime, CreatedDate FROM Webcast_Mst
                where  @formateddate < EventEndDateTime and EventType = @Etype and EventStatus = @y and Title LIKE '%' + @searchname + '%' ORDER BY EventStartDateTime
[2025-03-23T06:27:15.539Z] error: Error in /controller/virtualMeetCont/getMeetingWithStatus: Failed to connect to 216.48.176.144:1433 - Could not connect (sequence). SQL query: SELECT Webcast_Mst.WcCode, Webcast_Mst.Title, 
        Webcast_Mst.EventStartDateTime, Webcast_Mst.EventEndDateTime,
        Webcast_Mst.CreatedDate,
        Webcast_Webinar_Mst.MeetingId,Webcast_Webinar_Mst.AccountId 
        FROM Webcast_Mst Inner Join Webcast_Webinar_Mst on  
        Webcast_Mst.WcCode = Webcast_Webinar_Mst.fk_mid where
        @formateddate < Webcast_Mst.EventEndDateTime and
        Webcast_Mst.EventType = @Etype and Webcast_Mst.EventStatus = @y and Webcast_Mst.Title LIKE '%' + @searchname + '%' ORDER BY Webcast_Mst.EventStartDateTime
[2025-03-23T06:27:15.552Z] error: Error in /controller/physicalMeetCont/getMeetingWithStatus: Failed to connect to 216.48.176.144:1433 - Could not connect (sequence). SQL query: SELECT WcCode, Title, EventStartDateTime, EventEndDateTime, CreatedDate FROM Webcast_Mst
                where  @formateddate < EventEndDateTime and EventType = @Etype and EventStatus = @y and Title LIKE '%' + @searchname + '%' ORDER BY EventStartDateTime
[2025-03-23T13:28:15.050Z] error: Error in /controller/physicalMeetCont/getTotalMeeting: Failed to connect to 216.48.176.144:1433 - Could not connect (sequence). SQL query: select COALESCE(COUNT(*), 0) as totalMeeting from Webcast_Mst where eventType = @event and EventStatus = @y
[2025-03-23T13:28:15.073Z] error: Error in /controller/virtualMeetCont/getTotalMeeting: Failed to connect to 216.48.176.144:1433 - Could not connect (sequence). SQL query: select COALESCE(COUNT(*), 0) as totalMeeting FROM Webcast_Mst Inner Join Webcast_Webinar_Mst on  
      Webcast_Mst.WcCode = Webcast_Webinar_Mst.fk_mid 
      where Webcast_Mst.eventType = @event and Webcast_Mst.EventStatus = @y
[2025-03-23T13:28:15.084Z] error: Error in /controller/physicalMeetCont/getTotalUpcomingMeeting: Failed to connect to 216.48.176.144:1433 - Could not connect (sequence). SQL query: select COALESCE(COUNT(*), 0) as totalUpcomingMeeting from Webcast_Mst where @formateddate < EventEndDateTime and eventType = @event and EventStatus = @y
[2025-03-23T13:28:15.088Z] error: Error in /controller/virtualMeetCont/getTotalUpcomingMeeting: Failed to connect to 216.48.176.144:1433 - Could not connect (sequence). SQL query: select COALESCE(COUNT(*), 0) as totalUpcomingMeeting FROM Webcast_Mst Inner Join Webcast_Webinar_Mst on  
      Webcast_Mst.WcCode = Webcast_Webinar_Mst.fk_mid 
      where @formateddate < Webcast_Mst.EventEndDateTime and Webcast_Mst.eventType = @event and Webcast_Mst.EventStatus = @y
[2025-03-23T13:28:15.094Z] error: Error in /controller/physicalMeetCont/getTotalCompletedMeeting: Failed to connect to 216.48.176.144:1433 - Could not connect (sequence). SQL query: select COALESCE(COUNT(*), 0) as totalCompletedMeeting from Webcast_Mst where @formateddate > EventEndDateTime and eventType = @event and EventStatus = @y
[2025-03-23T13:28:15.100Z] error: Error in /controller/virtualMeetCont/getTotalCompletedMeeting: Failed to connect to 216.48.176.144:1433 - Could not connect (sequence). SQL query: select COALESCE(COUNT(*), 0) as totalCompletedMeeting FROM Webcast_Mst Inner Join Webcast_Webinar_Mst on  
      Webcast_Mst.WcCode = Webcast_Webinar_Mst.fk_mid 
      where @formateddate > Webcast_Mst.EventEndDateTime and Webcast_Mst.eventType = @event and Webcast_Mst.EventStatus = @y
[2025-03-23T13:28:15.116Z] error: Error in /controller/physicalMeetCont/getMeetingData: Failed to connect to 216.48.176.144:1433 - Could not connect (sequence). SQL query: SELECT Webcast_Mst.Title, Webcast_Mst.WcCode,Webcast_Mst.Name ,Webcast_Mst.Mobile, Webcast_Mst.EventLocation, Webcast_Mst.EventStartDateTime, Webcast_Mst.EventEndDateTime,
            Webcast_Speaker_Detail.SpkName,Webcast_Speaker_Detail.SpkDesignation,Webcast_Speaker_Detail.Bio1,Webcast_Speaker_Detail.Bio2,
            Webcast_Speaker_Detail.Bio3
            FROM Webcast_Mst Left Join Webcast_Speaker_Detail on Webcast_Mst.WcCode = Webcast_Speaker_Detail.fk_mid
            and Webcast_Speaker_Detail.Status = @y 
            where Webcast_Mst.EventType = @Etype and Webcast_Mst.EventStatus = @y
            
[2025-03-23T13:28:15.131Z] error: Error in /controller/VirtualMeetCont/getMeetingData: Failed to connect to 216.48.176.144:1433 - Could not connect (sequence). SQL query: SELECT Webcast_Mst.Title,Webcast_Mst.WcCode,Webcast_Mst.Name ,Webcast_Mst.Mobile, Webcast_Mst.EventStartDateTime, Webcast_Mst.EventEndDateTime,
      Webcast_Speaker_Detail.SpkName,Webcast_Speaker_Detail.SpkDesignation,Webcast_Speaker_Detail.Bio1,Webcast_Speaker_Detail.Bio2,
      Webcast_Speaker_Detail.Bio3
      FROM Webcast_Mst Left Join Webcast_Speaker_Detail on Webcast_Mst.WcCode = Webcast_Speaker_Detail.fk_mid 
      and Webcast_Speaker_Detail.Status = @y
      where Webcast_Mst.EventType = @Etype and Webcast_Mst.EventStatus = @y;
[2025-03-23T13:28:15.136Z] error: Error in /controller/virtualMeetCont/getMeetingWithStatus: Failed to connect to 216.48.176.144:1433 - Could not connect (sequence). SQL query: SELECT Webcast_Mst.WcCode, Webcast_Mst.Title, 
        Webcast_Mst.EventStartDateTime, Webcast_Mst.EventEndDateTime,
        Webcast_Mst.CreatedDate,
        Webcast_Webinar_Mst.MeetingId,Webcast_Webinar_Mst.AccountId 
        FROM Webcast_Mst Inner Join Webcast_Webinar_Mst on  
        Webcast_Mst.WcCode = Webcast_Webinar_Mst.fk_mid where
        @formateddate < Webcast_Mst.EventEndDateTime and
        Webcast_Mst.EventType = @Etype and Webcast_Mst.EventStatus = @y and Webcast_Mst.Title LIKE '%' + @searchname + '%' ORDER BY Webcast_Mst.EventStartDateTime
[2025-03-23T13:28:15.142Z] error: Error in /controller/physicalMeetCont/getMeetingWithStatus: Failed to connect to 216.48.176.144:1433 - Could not connect (sequence). SQL query: SELECT WcCode, Title, EventStartDateTime, EventEndDateTime, CreatedDate FROM Webcast_Mst
                where  @formateddate < EventEndDateTime and EventType = @Etype and EventStatus = @y and Title LIKE '%' + @searchname + '%' ORDER BY EventStartDateTime
[2025-03-23T13:28:15.148Z] error: Error in /controller/physicalMeetCont/getTotalMeeting: Failed to connect to 216.48.176.144:1433 - Could not connect (sequence). SQL query: select COALESCE(COUNT(*), 0) as totalMeeting from Webcast_Mst where eventType = @event and EventStatus = @y
[2025-03-23T13:28:15.166Z] error: Error in /controller/virtualMeetCont/getTotalMeeting: Failed to connect to 216.48.176.144:1433 - Could not connect (sequence). SQL query: select COALESCE(COUNT(*), 0) as totalMeeting FROM Webcast_Mst Inner Join Webcast_Webinar_Mst on  
      Webcast_Mst.WcCode = Webcast_Webinar_Mst.fk_mid 
      where Webcast_Mst.eventType = @event and Webcast_Mst.EventStatus = @y
[2025-03-23T13:28:15.173Z] error: Error in /controller/physicalMeetCont/getTotalUpcomingMeeting: Failed to connect to 216.48.176.144:1433 - Could not connect (sequence). SQL query: select COALESCE(COUNT(*), 0) as totalUpcomingMeeting from Webcast_Mst where @formateddate < EventEndDateTime and eventType = @event and EventStatus = @y
[2025-03-23T13:28:15.192Z] error: Error in /controller/virtualMeetCont/getTotalUpcomingMeeting: Failed to connect to 216.48.176.144:1433 - Could not connect (sequence). SQL query: select COALESCE(COUNT(*), 0) as totalUpcomingMeeting FROM Webcast_Mst Inner Join Webcast_Webinar_Mst on  
      Webcast_Mst.WcCode = Webcast_Webinar_Mst.fk_mid 
      where @formateddate < Webcast_Mst.EventEndDateTime and Webcast_Mst.eventType = @event and Webcast_Mst.EventStatus = @y
[2025-03-23T13:28:15.200Z] error: Error in /controller/physicalMeetCont/getTotalCompletedMeeting: Failed to connect to 216.48.176.144:1433 - Could not connect (sequence). SQL query: select COALESCE(COUNT(*), 0) as totalCompletedMeeting from Webcast_Mst where @formateddate > EventEndDateTime and eventType = @event and EventStatus = @y
[2025-03-23T13:28:15.205Z] error: Error in /controller/virtualMeetCont/getTotalCompletedMeeting: Failed to connect to 216.48.176.144:1433 - Could not connect (sequence). SQL query: select COALESCE(COUNT(*), 0) as totalCompletedMeeting FROM Webcast_Mst Inner Join Webcast_Webinar_Mst on  
      Webcast_Mst.WcCode = Webcast_Webinar_Mst.fk_mid 
      where @formateddate > Webcast_Mst.EventEndDateTime and Webcast_Mst.eventType = @event and Webcast_Mst.EventStatus = @y
[2025-03-23T13:28:15.209Z] error: Error in /controller/physicalMeetCont/getMeetingData: Failed to connect to 216.48.176.144:1433 - Could not connect (sequence). SQL query: SELECT Webcast_Mst.Title, Webcast_Mst.WcCode,Webcast_Mst.Name ,Webcast_Mst.Mobile, Webcast_Mst.EventLocation, Webcast_Mst.EventStartDateTime, Webcast_Mst.EventEndDateTime,
            Webcast_Speaker_Detail.SpkName,Webcast_Speaker_Detail.SpkDesignation,Webcast_Speaker_Detail.Bio1,Webcast_Speaker_Detail.Bio2,
            Webcast_Speaker_Detail.Bio3
            FROM Webcast_Mst Left Join Webcast_Speaker_Detail on Webcast_Mst.WcCode = Webcast_Speaker_Detail.fk_mid
            and Webcast_Speaker_Detail.Status = @y 
            where Webcast_Mst.EventType = @Etype and Webcast_Mst.EventStatus = @y
            
[2025-03-23T13:28:15.221Z] error: Error in /controller/VirtualMeetCont/getMeetingData: Failed to connect to 216.48.176.144:1433 - Could not connect (sequence). SQL query: SELECT Webcast_Mst.Title,Webcast_Mst.WcCode,Webcast_Mst.Name ,Webcast_Mst.Mobile, Webcast_Mst.EventStartDateTime, Webcast_Mst.EventEndDateTime,
      Webcast_Speaker_Detail.SpkName,Webcast_Speaker_Detail.SpkDesignation,Webcast_Speaker_Detail.Bio1,Webcast_Speaker_Detail.Bio2,
      Webcast_Speaker_Detail.Bio3
      FROM Webcast_Mst Left Join Webcast_Speaker_Detail on Webcast_Mst.WcCode = Webcast_Speaker_Detail.fk_mid 
      and Webcast_Speaker_Detail.Status = @y
      where Webcast_Mst.EventType = @Etype and Webcast_Mst.EventStatus = @y;
[2025-03-23T13:28:15.226Z] error: Error in /controller/virtualMeetCont/getMeetingWithStatus: Failed to connect to 216.48.176.144:1433 - Could not connect (sequence). SQL query: SELECT Webcast_Mst.WcCode, Webcast_Mst.Title, 
        Webcast_Mst.EventStartDateTime, Webcast_Mst.EventEndDateTime,
        Webcast_Mst.CreatedDate,
        Webcast_Webinar_Mst.MeetingId,Webcast_Webinar_Mst.AccountId 
        FROM Webcast_Mst Inner Join Webcast_Webinar_Mst on  
        Webcast_Mst.WcCode = Webcast_Webinar_Mst.fk_mid where
        @formateddate < Webcast_Mst.EventEndDateTime and
        Webcast_Mst.EventType = @Etype and Webcast_Mst.EventStatus = @y and Webcast_Mst.Title LIKE '%' + @searchname + '%' ORDER BY Webcast_Mst.EventStartDateTime
[2025-03-23T13:28:15.235Z] error: Error in /controller/physicalMeetCont/getMeetingWithStatus: Failed to connect to 216.48.176.144:1433 - Could not connect (sequence). SQL query: SELECT WcCode, Title, EventStartDateTime, EventEndDateTime, CreatedDate FROM Webcast_Mst
                where  @formateddate < EventEndDateTime and EventType = @Etype and EventStatus = @y and Title LIKE '%' + @searchname + '%' ORDER BY EventStartDateTime
[2025-03-23T13:28:16.443Z] error: Error in /controller/virtualMeetCont/getMeetingWithStatus: Failed to connect to 216.48.176.144:1433 - Could not connect (sequence). SQL query: SELECT Webcast_Mst.WcCode, Webcast_Mst.Title, 
        Webcast_Mst.EventStartDateTime, Webcast_Mst.EventEndDateTime,
        Webcast_Mst.CreatedDate,
        Webcast_Webinar_Mst.MeetingId,Webcast_Webinar_Mst.AccountId 
        FROM Webcast_Mst Inner Join Webcast_Webinar_Mst on  
        Webcast_Mst.WcCode = Webcast_Webinar_Mst.fk_mid where
        @formateddate < Webcast_Mst.EventEndDateTime and
        Webcast_Mst.EventType = @Etype and Webcast_Mst.EventStatus = @y and Webcast_Mst.Title LIKE '%' + @searchname + '%' ORDER BY Webcast_Mst.EventStartDateTime
[2025-03-23T13:28:16.452Z] error: Error in /controller/physicalMeetCont/getMeetingWithStatus: Failed to connect to 216.48.176.144:1433 - Could not connect (sequence). SQL query: SELECT WcCode, Title, EventStartDateTime, EventEndDateTime, CreatedDate FROM Webcast_Mst
                where  @formateddate < EventEndDateTime and EventType = @Etype and EventStatus = @y and Title LIKE '%' + @searchname + '%' ORDER BY EventStartDateTime
[2025-03-24T05:17:24.900Z] error: Error in getAllPhysicalMeetingWithClientCounts: Procedure or function 'GetPhysicalMeetingCountsByClientRole' expects parameter '@clientId', which was not supplied.
[2025-03-24T05:17:25.103Z] error: Error in getAllPhysicalMeetingWithClientCounts: Procedure or function 'GetPhysicalMeetingCountsByClientRole' expects parameter '@clientId', which was not supplied.
[2025-03-24T05:17:25.119Z] error: Error in getAllPhysicalMeetingWithClientCounts: Procedure or function 'GetPhysicalMeetingCountsByClientRole' expects parameter '@clientId', which was not supplied.
[2025-03-24T05:17:25.276Z] error: Error in getAllPhysicalMeetingWithClientCounts: Procedure or function 'GetPhysicalMeetingCountsByClientRole' expects parameter '@clientId', which was not supplied.
[2025-03-24T05:17:38.134Z] error: Error in getAllPhysicalMeetingWithClientCounts: Procedure or function 'GetPhysicalMeetingCountsByClientRole' expects parameter '@clientId', which was not supplied.
[2025-03-24T06:19:32.138Z] error: Error in /controller/authenticateCont/getDepartMent: Validation failed for parameter 'clientId'. Invalid number.. SQL query: SELECT DeptId, DeptName,DeptUrl from Department_Mst Where ClientCode = @clientId and Status = @y
[2025-03-24T06:19:32.250Z] error: Error in /controller/authenticateCont/getDepartMent: Validation failed for parameter 'clientId'. Invalid number.. SQL query: SELECT DeptId, DeptName,DeptUrl from Department_Mst Where ClientCode = @clientId and Status = @y
[2025-03-24T06:19:44.891Z] error: Error in /controller/authenticateCont/getDepartMent: Validation failed for parameter 'clientId'. Invalid number.. SQL query: SELECT DeptId, DeptName,DeptUrl from Department_Mst Where ClientCode = @clientId and Status = @y
[2025-03-24T06:19:45.601Z] error: Error in /controller/authenticateCont/getDepartMent: Validation failed for parameter 'clientId'. Invalid number.. SQL query: SELECT DeptId, DeptName,DeptUrl from Department_Mst Where ClientCode = @clientId and Status = @y
[2025-03-24T06:21:22.860Z] error: Error in /controller/authenticateCont/getDepartMent: Validation failed for parameter 'clientId'. Invalid number.. SQL query: SELECT DeptId, DeptName,DeptUrl from Department_Mst Where ClientCode = @clientId and Status = @y
[2025-03-24T06:21:30.872Z] error: Error in /controller/authenticateCont/getDepartMent: Validation failed for parameter 'clientId'. Invalid number.. SQL query: SELECT DeptId, DeptName,DeptUrl from Department_Mst Where ClientCode = @clientId and Status = @y
[2025-03-24T06:21:30.943Z] error: Error in /controller/authenticateCont/getDepartMent: Validation failed for parameter 'clientId'. Invalid number.. SQL query: SELECT DeptId, DeptName,DeptUrl from Department_Mst Where ClientCode = @clientId and Status = @y
[2025-03-24T07:22:50.235Z] error: Error in /controller/authenticateCont/getClient: Connection is closed.. SQL query: SELECT ClientCode, FullName from Client_Mst Where Status = @y
[2025-03-24T07:22:50.248Z] error: Error in getAllPhysicalMeetingWithClientCounts: Connection is closed.
[2025-03-24T07:22:50.315Z] error: Error in /controller/authenticateCont/getDepartMent: Connection is closed.. SQL query: SELECT DeptId, DeptName,DeptUrl from Department_Mst Where ClientCode = @clientId and Status = @y
[2025-03-24T07:22:50.318Z] error: Error in getAllMeetingWithClientCounts: Connection is closed.
[2025-03-24T07:22:50.330Z] error: Error in getAllPhysicalMeetingWithClientCounts: Connection is closed.
[2025-03-24T07:22:50.341Z] error: Error in /controller/adminCont/getAllMeetingCounts: Connection is closed.
[2025-03-24T07:22:50.367Z] error: Error in /controller/adminCont/getAllMeetingCounts: Connection is closed.
[2025-03-24T07:22:50.382Z] error: Error in getAllMeetingWithClientCounts: Connection is closed.
[2025-03-24T07:22:50.447Z] error: Error in /controller/authenticateCont/getDepartMent: Connection is closed.. SQL query: SELECT DeptId, DeptName,DeptUrl from Department_Mst Where ClientCode = @clientId and Status = @y
[2025-03-24T07:22:50.451Z] error: Error in getAllMeetingWithClientCounts: Connection is closed.
[2025-03-24T07:22:50.461Z] error: Error in getAllPhysicalMeetingWithClientCounts: Connection is closed.
[2025-03-24T07:22:50.484Z] error: Error in getAllMeetingWithClientCounts: Connection is closed.
[2025-03-24T07:22:50.500Z] error: Error in getAllPhysicalMeetingWithClientCounts: Connection is closed.
[2025-03-24T07:22:50.524Z] error: Error in /controller/authenticateCont/getClient: Connection is closed.. SQL query: SELECT ClientCode, FullName from Client_Mst Where Status = @y
[2025-03-24T07:22:53.225Z] error: Error in /controller/adminCont/getAllMeetingCounts: Connection is closed.
[2025-03-24T07:22:53.230Z] error: Error in /controller/adminCont/getAllMeetingCounts: Connection is closed.
[2025-03-24T07:22:53.281Z] error: Error in getAllMeetingWithClientCounts: Connection is closed.
[2025-03-24T07:22:53.374Z] error: Error in getAllPhysicalMeetingWithClientCounts: Connection is closed.
[2025-03-24T07:22:53.395Z] error: Error in getAllMeetingWithClientCounts: Connection is closed.
[2025-03-24T07:22:53.399Z] error: Error in getAllPhysicalMeetingWithClientCounts: Connection is closed.
[2025-03-24T07:22:53.430Z] error: Error in /controller/authenticateCont/getClient: Connection is closed.. SQL query: SELECT ClientCode, FullName from Client_Mst Where Status = @y
[2025-03-24T07:22:53.464Z] error: Error in /controller/authenticateCont/getDepartMent: Connection is closed.. SQL query: SELECT DeptId, DeptName,DeptUrl from Department_Mst Where ClientCode = @clientId and Status = @y
[2025-03-24T07:22:53.496Z] error: Error in getAllMeetingWithClientCounts: Connection is closed.
[2025-03-24T07:22:53.699Z] error: Error in getAllPhysicalMeetingWithClientCounts: Connection is closed.
[2025-03-24T07:22:53.703Z] error: Error in /controller/adminCont/getAllMeetingCounts: Connection is closed.
[2025-03-24T07:22:53.715Z] error: Error in /controller/adminCont/getAllMeetingCounts: Connection is closed.
[2025-03-24T07:22:53.726Z] error: Error in getAllMeetingWithClientCounts: Connection is closed.
[2025-03-24T07:22:53.736Z] error: Error in getAllPhysicalMeetingWithClientCounts: Connection is closed.
[2025-03-24T07:22:53.773Z] error: Error in getAllMeetingWithClientCounts: Connection is closed.
[2025-03-24T07:22:53.779Z] error: Error in getAllPhysicalMeetingWithClientCounts: Connection is closed.
[2025-03-24T07:22:53.783Z] error: Error in /controller/authenticateCont/getDepartMent: Connection is closed.. SQL query: SELECT DeptId, DeptName,DeptUrl from Department_Mst Where ClientCode = @clientId and Status = @y
[2025-03-24T07:22:53.795Z] error: Error in getAllMeetingWithClientCounts: Connection is closed.
[2025-03-24T07:22:53.800Z] error: Error in getAllPhysicalMeetingWithClientCounts: Connection is closed.
[2025-03-24T07:22:53.810Z] error: Error in /controller/authenticateCont/getClient: Connection is closed.. SQL query: SELECT ClientCode, FullName from Client_Mst Where Status = @y
[2025-03-24T07:34:50.954Z] error: Error in getAllMeetingWithClientCounts: Conversion failed when converting the varchar value 'null' to data type int.
[2025-03-24T07:34:51.077Z] error: Error in getAllPhysicalMeetingWithClientCounts: Conversion failed when converting the varchar value 'null' to data type int.
[2025-03-24T07:35:06.187Z] error: Error in getAllMeetingWithClientCounts: Conversion failed when converting the varchar value 'null' to data type int.
[2025-03-24T07:35:06.192Z] error: Error in getAllPhysicalMeetingWithClientCounts: Conversion failed when converting the varchar value 'null' to data type int.
[2025-03-24T07:39:17.446Z] error: Error in getAllMeetingWithClientCounts: Conversion failed when converting the varchar value 'null' to data type int.
[2025-03-24T07:39:17.450Z] error: Error in getAllPhysicalMeetingWithClientCounts: Conversion failed when converting the varchar value 'null' to data type int.
[2025-03-24T07:44:40.940Z] error: Error in getAllMeetingWithClientCounts: Validation failed for parameter 'clientId'. Invalid string.
[2025-03-24T07:44:41.106Z] error: Error in getAllPhysicalMeetingWithClientCounts: Validation failed for parameter 'clientId'. Invalid string.
[2025-03-24T07:53:51.113Z] error: Error in getAllMeetingWithClientCounts: Validation failed for parameter 'clientId'. Invalid string.
[2025-03-24T07:53:51.179Z] error: Error in getAllPhysicalMeetingWithClientCounts: Validation failed for parameter 'clientId'. Invalid string.
[2025-03-24T07:53:51.489Z] error: Error in getAllMeetingWithClientCounts: Validation failed for parameter 'clientId'. Invalid string.
[2025-03-24T07:53:51.492Z] error: Error in getAllPhysicalMeetingWithClientCounts: Validation failed for parameter 'clientId'. Invalid string.
[2025-03-24T07:54:01.765Z] error: Error in getAllMeetingWithClientCounts: Validation failed for parameter 'clientId'. Invalid string.
[2025-03-24T07:54:01.769Z] error: Error in getAllPhysicalMeetingWithClientCounts: Validation failed for parameter 'clientId'. Invalid string.
[2025-03-24T07:54:02.148Z] error: Error in getAllMeetingWithClientCounts: Validation failed for parameter 'clientId'. Invalid string.
[2025-03-24T07:54:02.317Z] error: Error in getAllPhysicalMeetingWithClientCounts: Validation failed for parameter 'clientId'. Invalid string.
[2025-03-24T07:55:02.528Z] error: Error in getAllMeetingWithClientCounts: Validation failed for parameter 'clientId'. Invalid string.
[2025-03-24T07:55:02.564Z] error: Error in getAllPhysicalMeetingWithClientCounts: Validation failed for parameter 'clientId'. Invalid string.
[2025-03-24T07:55:02.858Z] error: Error in getAllMeetingWithClientCounts: Validation failed for parameter 'clientId'. Invalid string.
[2025-03-24T07:55:02.924Z] error: Error in getAllPhysicalMeetingWithClientCounts: Validation failed for parameter 'clientId'. Invalid string.
[2025-03-24T07:57:23.838Z] error: Error in getAllPhysicalMeetingWithClientCounts: Validation failed for parameter 'clientId'. Invalid string.
[2025-03-24T07:57:46.615Z] error: Error in getAllPhysicalMeetingWithClientCounts: Validation failed for parameter 'clientId'. Invalid string.
[2025-03-24T07:57:46.851Z] error: Error in getAllPhysicalMeetingWithClientCounts: Validation failed for parameter 'clientId'. Invalid string.
[2025-03-24T08:33:28.928Z] error: Error in getAllMeetingWithClientCounts: Procedure or function 'GetMeetingCountsByClientDept' expects parameter '@clientId', which was not supplied.
[2025-03-24T08:33:29.040Z] error: Error in getAllPhysicalMeetingWithClientCounts: Could not find stored procedure 'GetPhysicalMeetingCountsByClientDept'.
[2025-03-24T08:33:29.266Z] error: Error in getAllMeetingWithClientCounts: Procedure or function 'GetMeetingCountsByClientDept' expects parameter '@clientId', which was not supplied.
[2025-03-24T08:33:29.270Z] error: Error in getAllPhysicalMeetingWithClientCounts: Could not find stored procedure 'GetPhysicalMeetingCountsByClientDept'.
[2025-03-24T08:33:42.016Z] error: Error in getAllMeetingWithClientCounts: Procedure or function 'GetMeetingCountsByClientDept' expects parameter '@clientId', which was not supplied.
[2025-03-24T08:33:42.021Z] error: Error in getAllPhysicalMeetingWithClientCounts: Could not find stored procedure 'GetPhysicalMeetingCountsByClientDept'.
[2025-03-24T08:33:42.243Z] error: Error in getAllPhysicalMeetingWithClientCounts: Could not find stored procedure 'GetPhysicalMeetingCountsByClientDept'.
[2025-03-24T08:33:42.290Z] error: Error in getAllMeetingWithClientCounts: Procedure or function 'GetMeetingCountsByClientDept' expects parameter '@clientId', which was not supplied.
[2025-03-24T08:33:55.275Z] error: Error in getAllMeetingWithClientCounts: Procedure or function 'GetMeetingCountsByClientDept' expects parameter '@clientId', which was not supplied.
[2025-03-24T08:33:55.289Z] error: Error in getAllPhysicalMeetingWithClientCounts: Could not find stored procedure 'GetPhysicalMeetingCountsByClientDept'.
[2025-03-24T08:33:55.790Z] error: Error in getAllMeetingWithClientCounts: Procedure or function 'GetMeetingCountsByClientDept' expects parameter '@clientId', which was not supplied.
[2025-03-24T08:33:55.796Z] error: Error in getAllPhysicalMeetingWithClientCounts: Could not find stored procedure 'GetPhysicalMeetingCountsByClientDept'.
[2025-03-24T08:34:55.470Z] error: Error in getAllMeetingWithClientCounts: Procedure or function 'GetMeetingCountsByClientDept' expects parameter '@clientId', which was not supplied.
[2025-03-24T08:34:55.791Z] error: Error in getAllMeetingWithClientCounts: Procedure or function 'GetMeetingCountsByClientDept' expects parameter '@clientId', which was not supplied.
[2025-03-24T08:34:55.795Z] error: Error in getAllPhysicalMeetingWithClientCounts: Could not find stored procedure 'GetPhysicalMeetingCountsByClientDept'.
[2025-03-24T08:34:55.874Z] error: Error in getAllPhysicalMeetingWithClientCounts: Could not find stored procedure 'GetPhysicalMeetingCountsByClientDept'.
[2025-03-24T08:47:48.844Z] error: Error in getAllPhysicalMeetingWithClientCounts: Could not find stored procedure 'GetPhysicalMeetingCountsByClientDept'.
[2025-03-24T08:47:48.927Z] error: Error in getAllPhysicalMeetingWithClientCounts: Could not find stored procedure 'GetPhysicalMeetingCountsByClientDept'.
[2025-03-24T08:47:49.168Z] error: Error in getAllPhysicalMeetingWithClientCounts: Could not find stored procedure 'GetPhysicalMeetingCountsByClientDept'.
[2025-03-24T08:47:49.260Z] error: Error in getAllPhysicalMeetingWithClientCounts: Could not find stored procedure 'GetPhysicalMeetingCountsByClientDept'.
[2025-03-24T08:47:58.639Z] error: Error in getAllPhysicalMeetingWithClientCounts: Could not find stored procedure 'GetPhysicalMeetingCountsByClientDept'.
[2025-03-24T08:47:59.015Z] error: Error in getAllPhysicalMeetingWithClientCounts: Could not find stored procedure 'GetPhysicalMeetingCountsByClientDept'.
[2025-03-24T08:47:59.141Z] error: Error in getAllPhysicalMeetingWithClientCounts: Could not find stored procedure 'GetPhysicalMeetingCountsByClientDept'.
[2025-03-24T08:47:59.852Z] error: Error in getAllPhysicalMeetingWithClientCounts: Could not find stored procedure 'GetPhysicalMeetingCountsByClientDept'.
[2025-03-24T08:48:46.990Z] error: Error in getAllPhysicalMeetingWithClientCounts: Could not find stored procedure 'GetPhysicalMeetingCountsByClientDept'.
[2025-03-24T08:48:47.139Z] error: Error in getAllPhysicalMeetingWithClientCounts: Could not find stored procedure 'GetPhysicalMeetingCountsByClientDept'.
[2025-03-24T08:48:47.451Z] error: Error in getAllPhysicalMeetingWithClientCounts: Could not find stored procedure 'GetPhysicalMeetingCountsByClientDept'.
[2025-03-24T08:48:47.536Z] error: Error in getAllPhysicalMeetingWithClientCounts: Could not find stored procedure 'GetPhysicalMeetingCountsByClientDept'.
[2025-03-24T08:51:03.224Z] error: Error in /controller/authenticateCont/getClient: Connection is closed.. SQL query: SELECT ClientCode, FullName from Client_Mst Where Status = @y
[2025-03-24T08:51:03.373Z] error: Error in getAllPhysicalMeetingWithClientCounts: Connection is closed.
[2025-03-24T08:51:03.377Z] error: Error in /controller/adminCont/getAllMeetingCounts: Connection is closed.
[2025-03-24T08:51:03.389Z] error: Error in /controller/adminCont/getAllMeetingCounts: Connection is closed.
[2025-03-24T08:51:03.395Z] error: Error in getAllMeetingWithClientCounts: Connection is closed.
[2025-03-24T08:51:03.407Z] error: Error in getAllPhysicalMeetingWithClientCounts: Connection is closed.
[2025-03-24T08:51:03.443Z] error: Error in /controller/authenticateCont/getDepartMent: Connection is closed.. SQL query: SELECT DeptId, DeptName,DeptUrl from Department_Mst Where ClientCode = @clientId and Status = @y
[2025-03-24T08:51:03.446Z] error: Error in getAllMeetingWithClientCounts: Connection is closed.
[2025-03-24T08:51:03.457Z] error: Error in getAllPhysicalMeetingWithClientCounts: Connection is closed.
[2025-03-24T08:51:03.470Z] error: Error in /controller/authenticateCont/getClient: Connection is closed.. SQL query: SELECT ClientCode, FullName from Client_Mst Where Status = @y
[2025-03-24T10:33:38.236Z] error: Error in /controller/adminCont/getAllMeetingCounts: Failed to connect to 216.48.176.144:1433 - Could not connect (sequence)
[2025-03-24T10:33:38.335Z] error: Error in /controller/adminCont/getAllMeetingCounts: Failed to connect to 216.48.176.144:1433 - Could not connect (sequence)
[2025-03-24T10:33:38.360Z] error: Error in /controller/adminCont/getAllMeetingCounts: Failed to connect to 216.48.176.144:1433 - Could not connect (sequence)
[2025-03-24T10:33:38.410Z] error: Error in /controller/adminCont/getAllMeetingCounts: Failed to connect to 216.48.176.144:1433 - Could not connect (sequence)
[2025-03-24T10:33:38.455Z] error: Error in getAllMeetingWithClientCounts: Failed to connect to 216.48.176.144:1433 - Could not connect (sequence)
[2025-03-24T10:33:38.458Z] error: Error in getAllMeetingWithClientCounts: Failed to connect to 216.48.176.144:1433 - Could not connect (sequence)
[2025-03-24T10:33:38.483Z] error: Error in getAllPhysicalMeetingWithClientCounts: Failed to connect to 216.48.176.144:1433 - Could not connect (sequence)
[2025-03-24T10:33:38.497Z] error: Error in getAllPhysicalMeetingWithClientCounts: Failed to connect to 216.48.176.144:1433 - Could not connect (sequence)
[2025-03-24T10:33:38.546Z] error: Error in /controller/authenticateCont/getClient: Failed to connect to 216.48.176.144:1433 - Could not connect (sequence). SQL query: SELECT ClientCode, FullName from Client_Mst Where Status = @y
[2025-03-24T10:33:38.594Z] error: Error in /controller/authenticateCont/getClient: Failed to connect to 216.48.176.144:1433 - Could not connect (sequence). SQL query: SELECT ClientCode, FullName from Client_Mst Where Status = @y
[2025-03-24T12:48:44.724Z] error: Error in /controller/adminCont/getMeetingWithStatus: Connection is closed.. SQL query: SELECT Webcast_Mst.WcCode, Webcast_Mst.Title, Webcast_Mst.EventStartDateTime, 
            Webcast_Mst.EventEndDateTime, 
            Webcast_Mst.CreatedDate,Webcast_Mst.SpeakerCount,Webcast_Mst.Name,
            Webcast_Mst.Mobile,Client_Mst.FullName,Department_Mst.DeptName,User_mst.displayname 
            FROM Webcast_Mst 
                  Left Join Client_Mst on Webcast_Mst.ClientCode = Client_Mst.ClientCode
                  Left Join Department_Mst on Webcast_Mst.DeptId = Department_Mst.DeptId
                  Left Join User_mst on Webcast_Mst.CreatedBy = User_mst.userid
                where EventType = @Etype and EventStatus = @y AND Webcast_Mst.ClientCode = @clientId and Title LIKE '%' + @searchname + '%' ORDER BY EventStartDateTime DESC
[2025-03-24T12:48:44.756Z] error: Error in /controller/authenticateCont/getDepartMent: Connection is closed.. SQL query: SELECT DeptId, DeptName,DeptUrl from Department_Mst Where ClientCode = @clientId and Status = @y
[2025-03-24T12:48:44.772Z] error: Error in /controller/adminCont/getMeetingWithStatus: Connection is closed.. SQL query: SELECT Webcast_Mst.WcCode, Webcast_Mst.Title, Webcast_Mst.EventStartDateTime, 
            Webcast_Mst.EventEndDateTime, 
            Webcast_Mst.CreatedDate,Webcast_Mst.SpeakerCount,Webcast_Mst.Name,
            Webcast_Mst.Mobile,Client_Mst.FullName,Department_Mst.DeptName,User_mst.displayname 
            FROM Webcast_Mst 
                  Left Join Client_Mst on Webcast_Mst.ClientCode = Client_Mst.ClientCode
                  Left Join Department_Mst on Webcast_Mst.DeptId = Department_Mst.DeptId
                  Left Join User_mst on Webcast_Mst.CreatedBy = User_mst.userid
                where EventType = @Etype and EventStatus = @y AND Webcast_Mst.ClientCode = @clientId and Title LIKE '%' + @searchname + '%' ORDER BY EventStartDateTime DESC
[2025-03-24T12:48:44.884Z] error: Error in /controller/authenticateCont/getClient: Connection is closed.. SQL query: SELECT ClientCode, FullName from Client_Mst Where Status = @y
[2025-03-24T12:48:45.140Z] error: Error in /controller/adminCont/getMeetingList: Connection is closed.. SQL query: SELECT Webcast_Mst.WcCode, Webcast_Mst.Title, 
            Webcast_Mst.CreatedDate,Webcast_Mst.EventStartDateTime, Webcast_Mst.EventEndDateTime,
            Webcast_Mst.SpeakerCount,Webcast_Mst.Name,Webcast_Mst.Mobile,
            Webcast_Webinar_Mst.MeetingId,Webcast_Webinar_Mst.AccountId,
            Webcast_Webinar_Mst.PresenterUrl,Webcast_Webinar_Mst.AttendeeUrl,
            Client_Mst.FullName,Department_Mst.DeptName, User_mst.displayname,
            zoom_ac_dtl.Account_name 
            FROM Webcast_Mst Inner Join Webcast_Webinar_Mst on  
            Webcast_Mst.WcCode = Webcast_Webinar_Mst.fk_mid 
            Left Join Client_Mst on Webcast_Mst.ClientCode = Client_Mst.ClientCode
            Left Join Department_Mst on Webcast_Mst.DeptId = Department_Mst.DeptId
            Left Join User_mst on Webcast_Mst.CreatedBy = User_mst.userid
            LEFT JOIN zoom_ac_dtl
            ON Webcast_Webinar_Mst.AccountId = zoom_ac_dtl.Account_id
            where
            Webcast_Mst.EventType = @Etype and Webcast_Mst.EventStatus = @y 
            AND Webcast_Mst.ClientCode = @clientId and Webcast_Mst.Title LIKE '%' + @searchname + '%' ORDER BY Webcast_Mst.EventStartDateTime DESC
[2025-03-24T12:48:45.154Z] error: Error in /controller/adminCont/getMeetingList: Connection is closed.. SQL query: SELECT Webcast_Mst.WcCode, Webcast_Mst.Title, 
            Webcast_Mst.CreatedDate,Webcast_Mst.EventStartDateTime, Webcast_Mst.EventEndDateTime,
            Webcast_Mst.SpeakerCount,Webcast_Mst.Name,Webcast_Mst.Mobile,
            Webcast_Webinar_Mst.MeetingId,Webcast_Webinar_Mst.AccountId,
            Webcast_Webinar_Mst.PresenterUrl,Webcast_Webinar_Mst.AttendeeUrl,
            Client_Mst.FullName,Department_Mst.DeptName, User_mst.displayname,
            zoom_ac_dtl.Account_name 
            FROM Webcast_Mst Inner Join Webcast_Webinar_Mst on  
            Webcast_Mst.WcCode = Webcast_Webinar_Mst.fk_mid 
            Left Join Client_Mst on Webcast_Mst.ClientCode = Client_Mst.ClientCode
            Left Join Department_Mst on Webcast_Mst.DeptId = Department_Mst.DeptId
            Left Join User_mst on Webcast_Mst.CreatedBy = User_mst.userid
            LEFT JOIN zoom_ac_dtl
            ON Webcast_Webinar_Mst.AccountId = zoom_ac_dtl.Account_id
            where
            Webcast_Mst.EventType = @Etype and Webcast_Mst.EventStatus = @y 
            AND Webcast_Mst.ClientCode = @clientId and Webcast_Mst.Title LIKE '%' + @searchname + '%' ORDER BY Webcast_Mst.EventStartDateTime DESC
[2025-03-24T12:48:45.183Z] error: Error in /controller/adminCont/getMeetingWithStatus: Connection is closed.. SQL query: SELECT Webcast_Mst.WcCode, Webcast_Mst.Title, Webcast_Mst.EventStartDateTime, 
            Webcast_Mst.EventEndDateTime, 
            Webcast_Mst.CreatedDate,Webcast_Mst.SpeakerCount,Webcast_Mst.Name,
            Webcast_Mst.Mobile,Client_Mst.FullName,Department_Mst.DeptName,User_mst.displayname 
            FROM Webcast_Mst 
                  Left Join Client_Mst on Webcast_Mst.ClientCode = Client_Mst.ClientCode
                  Left Join Department_Mst on Webcast_Mst.DeptId = Department_Mst.DeptId
                  Left Join User_mst on Webcast_Mst.CreatedBy = User_mst.userid
                where EventType = @Etype and EventStatus = @y AND Webcast_Mst.ClientCode = @clientId and Title LIKE '%' + @searchname + '%' ORDER BY EventStartDateTime DESC
[2025-03-24T12:48:45.240Z] error: Error in /controller/adminCont/getMeetingList: Connection is closed.. SQL query: SELECT Webcast_Mst.WcCode, Webcast_Mst.Title, 
            Webcast_Mst.CreatedDate,Webcast_Mst.EventStartDateTime, Webcast_Mst.EventEndDateTime,
            Webcast_Mst.SpeakerCount,Webcast_Mst.Name,Webcast_Mst.Mobile,
            Webcast_Webinar_Mst.MeetingId,Webcast_Webinar_Mst.AccountId,
            Webcast_Webinar_Mst.PresenterUrl,Webcast_Webinar_Mst.AttendeeUrl,
            Client_Mst.FullName,Department_Mst.DeptName, User_mst.displayname,
            zoom_ac_dtl.Account_name 
            FROM Webcast_Mst Inner Join Webcast_Webinar_Mst on  
            Webcast_Mst.WcCode = Webcast_Webinar_Mst.fk_mid 
            Left Join Client_Mst on Webcast_Mst.ClientCode = Client_Mst.ClientCode
            Left Join Department_Mst on Webcast_Mst.DeptId = Department_Mst.DeptId
            Left Join User_mst on Webcast_Mst.CreatedBy = User_mst.userid
            LEFT JOIN zoom_ac_dtl
            ON Webcast_Webinar_Mst.AccountId = zoom_ac_dtl.Account_id
            where
            Webcast_Mst.EventType = @Etype and Webcast_Mst.EventStatus = @y 
            AND Webcast_Mst.ClientCode = @clientId and Webcast_Mst.Title LIKE '%' + @searchname + '%' ORDER BY Webcast_Mst.EventStartDateTime DESC
[2025-03-24T12:48:45.316Z] error: Error in /controller/adminCont/getMeetingList: Connection is closed.. SQL query: SELECT Webcast_Mst.WcCode, Webcast_Mst.Title, 
            Webcast_Mst.CreatedDate,Webcast_Mst.EventStartDateTime, Webcast_Mst.EventEndDateTime,
            Webcast_Mst.SpeakerCount,Webcast_Mst.Name,Webcast_Mst.Mobile,
            Webcast_Webinar_Mst.MeetingId,Webcast_Webinar_Mst.AccountId,
            Webcast_Webinar_Mst.PresenterUrl,Webcast_Webinar_Mst.AttendeeUrl,
            Client_Mst.FullName,Department_Mst.DeptName, User_mst.displayname,
            zoom_ac_dtl.Account_name 
            FROM Webcast_Mst Inner Join Webcast_Webinar_Mst on  
            Webcast_Mst.WcCode = Webcast_Webinar_Mst.fk_mid 
            Left Join Client_Mst on Webcast_Mst.ClientCode = Client_Mst.ClientCode
            Left Join Department_Mst on Webcast_Mst.DeptId = Department_Mst.DeptId
            Left Join User_mst on Webcast_Mst.CreatedBy = User_mst.userid
            LEFT JOIN zoom_ac_dtl
            ON Webcast_Webinar_Mst.AccountId = zoom_ac_dtl.Account_id
            where
            Webcast_Mst.EventType = @Etype and Webcast_Mst.EventStatus = @y 
            AND Webcast_Mst.ClientCode = @clientId and Webcast_Mst.Title LIKE '%' + @searchname + '%' ORDER BY Webcast_Mst.EventStartDateTime DESC
[2025-03-24T12:48:45.544Z] error: Error in /controller/adminCont/getMeetingWithStatus: Connection is closed.. SQL query: SELECT Webcast_Mst.WcCode, Webcast_Mst.Title, Webcast_Mst.EventStartDateTime, 
            Webcast_Mst.EventEndDateTime, 
            Webcast_Mst.CreatedDate,Webcast_Mst.SpeakerCount,Webcast_Mst.Name,
            Webcast_Mst.Mobile,Client_Mst.FullName,Department_Mst.DeptName,User_mst.displayname 
            FROM Webcast_Mst 
                  Left Join Client_Mst on Webcast_Mst.ClientCode = Client_Mst.ClientCode
                  Left Join Department_Mst on Webcast_Mst.DeptId = Department_Mst.DeptId
                  Left Join User_mst on Webcast_Mst.CreatedBy = User_mst.userid
                where EventType = @Etype and EventStatus = @y AND Webcast_Mst.ClientCode = @clientId and Title LIKE '%' + @searchname + '%' ORDER BY EventStartDateTime DESC
[2025-03-24T12:48:45.558Z] error: Error in /controller/authenticateCont/getDepartMent: Connection is closed.. SQL query: SELECT DeptId, DeptName,DeptUrl from Department_Mst Where ClientCode = @clientId and Status = @y
[2025-03-24T12:48:45.577Z] error: Error in /controller/authenticateCont/getClient: Connection is closed.. SQL query: SELECT ClientCode, FullName from Client_Mst Where Status = @y
[2025-03-25T06:47:07.390Z] error: Error in /controller/authenticateCont/getDepartMent: Failed to connect to 216.48.176.144:1433 - Could not connect (sequence). SQL query: SELECT DeptId, DeptName,DeptUrl from Department_Mst Where ClientCode = @clientId and Status = @y
[2025-03-25T06:47:07.396Z] error: Error in /controller/authenticateCont/getClient: Failed to connect to 216.48.176.144:1433 - Could not connect (sequence). SQL query: SELECT ClientCode, FullName from Client_Mst Where Status = @y
[2025-03-25T06:59:41.343Z] error: Error in /controller/authenticateCont/getClient: Failed to connect to 216.48.176.144:1433 - Could not connect (sequence). SQL query: SELECT ClientCode, FullName from Client_Mst Where Status = @y
[2025-03-25T06:59:41.349Z] error: Error in /controller/authenticateCont/getDepartMent: Failed to connect to 216.48.176.144:1433 - Could not connect (sequence). SQL query: SELECT DeptId, DeptName,DeptUrl from Department_Mst Where ClientCode = @clientId and Status = @y
[2025-03-25T06:59:48.609Z] error: Error in /controller/authenticateCont/getDepartMent: Failed to connect to 216.48.176.144:1433 - Could not connect (sequence). SQL query: SELECT DeptId, DeptName,DeptUrl from Department_Mst Where ClientCode = @clientId and Status = @y
[2025-03-25T06:59:52.044Z] error: Error in /controller/authenticateCont/getDepartMent: Failed to connect to 216.48.176.144:1433 - Could not connect (sequence). SQL query: SELECT DeptId, DeptName,DeptUrl from Department_Mst Where ClientCode = @clientId and Status = @y
[2025-03-25T06:59:52.065Z] error: Error in /controller/authenticateCont/getDepartMent: Failed to connect to 216.48.176.144:1433 - Could not connect (sequence). SQL query: SELECT DeptId, DeptName,DeptUrl from Department_Mst Where ClientCode = @clientId and Status = @y
[2025-03-25T06:59:52.079Z] error: Error in /controller/authenticateCont/getClient: Failed to connect to 216.48.176.144:1433 - Could not connect (sequence). SQL query: SELECT ClientCode, FullName from Client_Mst Where Status = @y
[2025-03-25T06:59:52.092Z] error: Error in /controller/authenticateCont/getClient: Failed to connect to 216.48.176.144:1433 - Could not connect (sequence). SQL query: SELECT ClientCode, FullName from Client_Mst Where Status = @y
[2025-03-25T06:59:55.558Z] error: Error in /controller/authenticateCont/getDepartMent: Failed to connect to 216.48.176.144:1433 - Could not connect (sequence). SQL query: SELECT DeptId, DeptName,DeptUrl from Department_Mst Where ClientCode = @clientId and Status = @y
[2025-03-25T06:59:55.571Z] error: Error in /controller/authenticateCont/getDepartMent: Failed to connect to 216.48.176.144:1433 - Could not connect (sequence). SQL query: SELECT DeptId, DeptName,DeptUrl from Department_Mst Where ClientCode = @clientId and Status = @y
[2025-03-25T06:59:55.585Z] error: Error in /controller/authenticateCont/getClient: Failed to connect to 216.48.176.144:1433 - Could not connect (sequence). SQL query: SELECT ClientCode, FullName from Client_Mst Where Status = @y
[2025-03-25T06:59:55.598Z] error: Error in /controller/authenticateCont/getClient: Failed to connect to 216.48.176.144:1433 - Could not connect (sequence). SQL query: SELECT ClientCode, FullName from Client_Mst Where Status = @y
[2025-03-25T08:44:52.670Z] error: Error in /controller/authenticateCont/deleteClient: Validation failed for parameter 'clientId'. Invalid string.. SQL query: update Client_Mst set Status = @y where ClientCode = @clientId;
[2025-03-25T08:46:12.419Z] error: Error in /controller/authenticateCont/deleteClient: Validation failed for parameter 'clientId'. Invalid string.. SQL query: update Client_Mst set Status = @y where ClientCode = @clientId;
[2025-03-25T11:54:26.512Z] error: Error in /controller/authenticateCont/getClient: Invalid column name 'DeptName'.. SQL query: SELECT ClientCode, FullName, ContactPerson, ContactNumber from Client_Mst Where Status = @y and DeptName LIKE '%' + @searchname + '%'
[2025-03-25T11:54:27.095Z] error: Error in /controller/authenticateCont/getClient: Invalid column name 'DeptName'.. SQL query: SELECT ClientCode, FullName, ContactPerson, ContactNumber from Client_Mst Where Status = @y and DeptName LIKE '%' + @searchname + '%'
[2025-03-25T11:54:33.467Z] error: Error in /controller/authenticateCont/getClient: Invalid column name 'DeptName'.. SQL query: SELECT ClientCode, FullName, ContactPerson, ContactNumber from Client_Mst Where Status = @y and DeptName LIKE '%' + @searchname + '%'
[2025-03-25T11:54:33.697Z] error: Error in /controller/authenticateCont/getClient: Invalid column name 'DeptName'.. SQL query: SELECT ClientCode, FullName, ContactPerson, ContactNumber from Client_Mst Where Status = @y and DeptName LIKE '%' + @searchname + '%'
[2025-03-25T13:02:27.842Z] error: Error in /controller/authenticateCont/updateClient: Validation failed for parameter 'clientId'. Invalid string.. SQL query: update Client_Mst set FullName = @clientName,ContactPerson = @contactPerson,ContactNumber = @contactNumber where ClientCode = @clientId
[2025-03-26T06:54:07.144Z] error: Error in /controller/posterSelectCont/getPosterPresent: Failed to connect to 216.48.176.144:1433 - socket hang up. SQL query: select DISTINCT Spk_count from Webcast_poster_mst where dept_id = @deptId and Status = 'Y' ORDER BY Spk_Count
[2025-03-26T06:54:07.154Z] error: Error in /controller/posterSelectCont/getPoster: Failed to connect to 216.48.176.144:1433 - socket hang up. SQL query: select poster_id, poster_name from Webcast_poster_mst where client_id = @clientId and dept_id = @deptId and Spk_Count = @spkCount
[2025-03-26T06:54:07.172Z] error: Error in /controller/formCont/getFormField: Failed to connect to 216.48.176.144:1433 - socket hang up. SQL query: SELECT Field_Mst.FieldCode, Field_Mst.FieldName, Field_Mst.FieldType, Field_Mst.FieldInfo, Field_Mst.FieldMandatory,
    Client_Field_Mapping.ClientCode,Client_Field_Mapping.DisplayOrder From Field_Mst Inner Join Client_Field_Mapping on Field_Mst.FieldCode = Client_Field_Mapping.FieldCode 
    where Client_Field_Mapping.ClientCode = @clcode And Field_Mst.FieldMandatory = @m  And Client_Field_Mapping.Status = @y
    Order By Client_Field_Mapping.DisplayOrder;
[2025-03-26T06:54:08.097Z] error: Error in /controller/virtualMeetCont/getMessageType: Failed to connect to 216.48.176.144:1433 - socket hang up. SQL query: SELECT BasicId, Code, Description from Basic_Mst where Status = @y
     and IdentifierCode = @code order by DisplayOrder;
[2025-03-26T06:54:27.996Z] error: Error in /controller/formCont/getFormFieldOptional: Connection lost - read ECONNRESET. SQL query: SELECT Field_Mst.FieldCode, Field_Mst.FieldName, Field_Mst.FieldType, Field_Mst.FieldInfo, Field_Mst.FieldMandatory,
    Client_Field_Mapping.ClientCode ,Client_Field_Mapping.DisplayOrder From Field_Mst Inner Join Client_Field_Mapping on Field_Mst.FieldCode = Client_Field_Mapping.FieldCode 
    where Client_Field_Mapping.ClientCode = @clcode And Field_Mst.FieldMandatory = @o  And Client_Field_Mapping.Status = @y
    Order By Client_Field_Mapping.DisplayOrder;
[2025-03-26T06:54:29.564Z] error: Error in /controller/authenticateCont/getDepartMent: Failed to cancel request in 5000ms. SQL query: SELECT DeptId, DeptName,DeptUrl from Department_Mst Where ClientCode = @clientId and Status = @y and DeptName Like '%' + @searchname+ '%'
[2025-03-26T06:54:31.998Z] error: Error in getAllPhysicalMeetingWithClientCounts: Failed to connect to 216.48.176.144:1433 in 15000ms
[2025-03-26T06:54:32.002Z] error: Error in getAllMeetingWithClientCounts: Failed to connect to 216.48.176.144:1433 in 15000ms
[2025-03-26T06:54:32.005Z] error: Error in /controller/authenticateCont/getClient: Failed to connect to 216.48.176.144:1433 in 15000ms. SQL query: SELECT ClientCode, FullName, ContactPerson, ContactNumber from Client_Mst Where Status = @y
[2025-03-26T06:54:32.013Z] error: Error in /controller/adminCont/getAllMeetingCounts: Failed to connect to 216.48.176.144:1433 in 15000ms
[2025-03-26T06:54:34.807Z] error: Error in getAllPhysicalMeetingWithClientCounts: Failed to connect to 216.48.176.144:1433 - Could not connect (sequence)
[2025-03-26T07:02:03.772Z] error: Error in /controller/authenticateCont/getDepartMent: Failed to connect to 216.48.176.144:1433 - Could not connect (sequence). SQL query: SELECT DeptId, DeptName,DeptUrl from Department_Mst Where ClientCode = @clientId and Status = @y and DeptName Like '%' + @searchname+ '%'
[2025-03-26T07:02:03.783Z] error: Error in /controller/formCont/getFormField: Failed to connect to 216.48.176.144:1433 - Could not connect (sequence). SQL query: SELECT Field_Mst.FieldCode, Field_Mst.FieldName, Field_Mst.FieldType, Field_Mst.FieldInfo, Field_Mst.FieldMandatory,
    Client_Field_Mapping.ClientCode,Client_Field_Mapping.DisplayOrder From Field_Mst Inner Join Client_Field_Mapping on Field_Mst.FieldCode = Client_Field_Mapping.FieldCode 
    where Client_Field_Mapping.ClientCode = @clcode And Field_Mst.FieldMandatory = @m  And Client_Field_Mapping.Status = @y
    Order By Client_Field_Mapping.DisplayOrder;
[2025-03-26T07:02:03.799Z] error: Error in /controller/formCont/getFormFieldOptional: Failed to connect to 216.48.176.144:1433 - Could not connect (sequence). SQL query: SELECT Field_Mst.FieldCode, Field_Mst.FieldName, Field_Mst.FieldType, Field_Mst.FieldInfo, Field_Mst.FieldMandatory,
    Client_Field_Mapping.ClientCode ,Client_Field_Mapping.DisplayOrder From Field_Mst Inner Join Client_Field_Mapping on Field_Mst.FieldCode = Client_Field_Mapping.FieldCode 
    where Client_Field_Mapping.ClientCode = @clcode And Field_Mst.FieldMandatory = @o  And Client_Field_Mapping.Status = @y
    Order By Client_Field_Mapping.DisplayOrder;
[2025-03-26T07:08:48.049Z] error: Error in /controller/authenticateCont/getClient: Connection is closed.. SQL query: SELECT ClientCode, FullName, ContactPerson, ContactNumber from Client_Mst Where Status = @y
[2025-03-26T07:08:48.070Z] error: Error in /controller/authenticateCont/getDepartMent: Connection is closed.. SQL query: SELECT DeptId, DeptName,DeptUrl from Department_Mst Where ClientCode = @clientId and Status = @y and DeptName Like '%' + @searchname+ '%'
[2025-03-26T07:08:48.339Z] error: Error in getAllMeetingWithClientCounts: Connection is closed.
[2025-03-26T07:08:48.345Z] error: Error in /controller/adminCont/getAllMeetingCounts: Connection is closed.
[2025-03-26T07:08:48.386Z] error: Error in /controller/adminCont/getAllMeetingCounts: Connection is closed.
[2025-03-26T07:08:48.418Z] error: Error in getAllPhysicalMeetingWithClientCounts: Connection is closed.
[2025-03-26T07:08:48.506Z] error: Error in getAllMeetingWithClientCounts: Connection is closed.
[2025-03-26T07:08:48.522Z] error: Error in getAllPhysicalMeetingWithClientCounts: Connection is closed.
[2025-03-26T07:08:48.583Z] error: Error in getAllMeetingWithClientCounts: Connection is closed.
[2025-03-26T07:08:48.687Z] error: Error in getAllPhysicalMeetingWithClientCounts: Connection is closed.
[2025-03-26T07:08:48.752Z] error: Error in /controller/authenticateCont/getDepartMent: Connection is closed.. SQL query: SELECT DeptId, DeptName,DeptUrl from Department_Mst Where ClientCode = @clientId and Status = @y and DeptName Like '%' + @searchname+ '%'
[2025-03-26T07:08:49.003Z] error: Error in getAllMeetingWithClientCounts: Connection is closed.
[2025-03-26T07:08:49.006Z] error: Error in getAllPhysicalMeetingWithClientCounts: Connection is closed.
[2025-03-26T07:08:49.035Z] error: Error in /controller/authenticateCont/getClient: Connection is closed.. SQL query: SELECT ClientCode, FullName, ContactPerson, ContactNumber from Client_Mst Where Status = @y
[2025-03-26T07:09:58.825Z] error: Error in /controller/authenticateCont/getClient: Connection is closed.. SQL query: SELECT ClientCode, FullName, ContactPerson, ContactNumber from Client_Mst Where Status = @y
[2025-03-26T07:09:58.838Z] error: Error in /controller/virtualMeetCont/getMeetingType: Connection is closed.. SQL query: SELECT BasicId, Code, Description from Basic_Mst where Status = @y
     and IdentifierCode = @code order by DisplayOrder;
[2025-03-26T07:09:58.951Z] error: Error in /controller/virtualMeetCont/getMessageType: Connection is closed.. SQL query: SELECT BasicId, Code, Description from Basic_Mst where Status = @y
     and IdentifierCode = @code order by DisplayOrder;
[2025-03-26T07:09:58.967Z] error: Error in /controller/authenticateCont/getDepartMent: Connection is closed.. SQL query: SELECT DeptId, DeptName,DeptUrl from Department_Mst Where ClientCode = @clientId and Status = @y and DeptName Like '%' + @searchname+ '%'
[2025-03-26T07:09:59.073Z] error: Error in /controller/formCont/getFormField: Connection is closed.. SQL query: SELECT Field_Mst.FieldCode, Field_Mst.FieldName, Field_Mst.FieldType, Field_Mst.FieldInfo, Field_Mst.FieldMandatory,
    Client_Field_Mapping.ClientCode,Client_Field_Mapping.DisplayOrder From Field_Mst Inner Join Client_Field_Mapping on Field_Mst.FieldCode = Client_Field_Mapping.FieldCode 
    where Client_Field_Mapping.ClientCode = @clcode And Field_Mst.FieldMandatory = @m  And Client_Field_Mapping.Status = @y
    Order By Client_Field_Mapping.DisplayOrder;
[2025-03-26T07:09:59.077Z] error: Error in /controller/posterSelectCont/getPosterPresent: Connection is closed.. SQL query: select DISTINCT Spk_count from Webcast_poster_mst where dept_id = @deptId and Status = 'Y' ORDER BY Spk_Count
[2025-03-26T07:09:59.084Z] error: Error in /controller/authenticateCont/getDepartMent: Connection is closed.. SQL query: SELECT DeptId, DeptName,DeptUrl from Department_Mst Where ClientCode = @clientId and Status = @y and DeptName Like '%' + @searchname+ '%'
[2025-03-26T07:09:59.092Z] error: Error in /controller/posterSelectCont/getPoster: Connection is closed.. SQL query: select poster_id, poster_name from Webcast_poster_mst where client_id = @clientId and dept_id = @deptId and Spk_Count = @spkCount
[2025-03-26T07:09:59.098Z] error: Error in /controller/formCont/getFormFieldOptional: Connection is closed.. SQL query: SELECT Field_Mst.FieldCode, Field_Mst.FieldName, Field_Mst.FieldType, Field_Mst.FieldInfo, Field_Mst.FieldMandatory,
    Client_Field_Mapping.ClientCode ,Client_Field_Mapping.DisplayOrder From Field_Mst Inner Join Client_Field_Mapping on Field_Mst.FieldCode = Client_Field_Mapping.FieldCode 
    where Client_Field_Mapping.ClientCode = @clcode And Field_Mst.FieldMandatory = @o  And Client_Field_Mapping.Status = @y
    Order By Client_Field_Mapping.DisplayOrder;
[2025-03-26T07:09:59.125Z] error: Error in /controller/posterSelectCont/getPosterPresent: Connection is closed.. SQL query: select DISTINCT Spk_count from Webcast_poster_mst where dept_id = @deptId and Status = 'Y' ORDER BY Spk_Count
[2025-03-26T07:09:59.127Z] error: Error in /controller/posterSelectCont/getPoster: Connection is closed.. SQL query: select poster_id, poster_name from Webcast_poster_mst where client_id = @clientId and dept_id = @deptId and Spk_Count = @spkCount
[2025-03-26T07:09:59.130Z] error: Error in /controller/formCont/getFormField: Connection is closed.. SQL query: SELECT Field_Mst.FieldCode, Field_Mst.FieldName, Field_Mst.FieldType, Field_Mst.FieldInfo, Field_Mst.FieldMandatory,
    Client_Field_Mapping.ClientCode,Client_Field_Mapping.DisplayOrder From Field_Mst Inner Join Client_Field_Mapping on Field_Mst.FieldCode = Client_Field_Mapping.FieldCode 
    where Client_Field_Mapping.ClientCode = @clcode And Field_Mst.FieldMandatory = @m  And Client_Field_Mapping.Status = @y
    Order By Client_Field_Mapping.DisplayOrder;
[2025-03-26T07:09:59.148Z] error: Error in /controller/formCont/getFormFieldOptional: Connection is closed.. SQL query: SELECT Field_Mst.FieldCode, Field_Mst.FieldName, Field_Mst.FieldType, Field_Mst.FieldInfo, Field_Mst.FieldMandatory,
    Client_Field_Mapping.ClientCode ,Client_Field_Mapping.DisplayOrder From Field_Mst Inner Join Client_Field_Mapping on Field_Mst.FieldCode = Client_Field_Mapping.FieldCode 
    where Client_Field_Mapping.ClientCode = @clcode And Field_Mst.FieldMandatory = @o  And Client_Field_Mapping.Status = @y
    Order By Client_Field_Mapping.DisplayOrder;
[2025-03-26T07:09:59.181Z] error: Error in /controller/authenticateCont/getClient: Connection is closed.. SQL query: SELECT ClientCode, FullName, ContactPerson, ContactNumber from Client_Mst Where Status = @y
[2025-03-26T07:09:59.218Z] error: Error in /controller/virtualMeetCont/getMeetingType: Connection is closed.. SQL query: SELECT BasicId, Code, Description from Basic_Mst where Status = @y
     and IdentifierCode = @code order by DisplayOrder;
[2025-03-26T07:09:59.234Z] error: Error in /controller/virtualMeetCont/getMessageType: Connection is closed.. SQL query: SELECT BasicId, Code, Description from Basic_Mst where Status = @y
     and IdentifierCode = @code order by DisplayOrder;
[2025-03-28T14:16:37.277Z] error: Error in /controller/authenticateCont/getDepartMent: Failed to connect to 216.48.176.144:1433 - Could not connect (sequence). SQL query: SELECT DeptId, DeptName,DeptUrl from Department_Mst Where ClientCode = @clientId and Status = @y and DeptName Like '%' + @searchname+ '%'
[2025-03-28T14:16:37.320Z] error: Error in /controller/authenticateCont/getDepartMent: Failed to connect to 216.48.176.144:1433 - Could not connect (sequence). SQL query: SELECT DeptId, DeptName,DeptUrl from Department_Mst Where ClientCode = @clientId and Status = @y and DeptName Like '%' + @searchname+ '%'
[2025-03-28T14:16:37.342Z] error: Error in /controller/authenticateCont/getClient: Failed to connect to 216.48.176.144:1433 - Could not connect (sequence). SQL query: SELECT ClientCode, FullName, ContactPerson, ContactNumber from Client_Mst Where Status = @y
[2025-03-28T14:16:37.394Z] error: Error in /controller/authenticateCont/getClient: Failed to connect to 216.48.176.144:1433 - Could not connect (sequence). SQL query: SELECT ClientCode, FullName, ContactPerson, ContactNumber from Client_Mst Where Status = @y
[2025-04-02T03:54:31.132Z] error: Error in /controller/authenticateCont/getClient: Failed to connect to 216.48.176.144:1433 - Could not connect (sequence). SQL query: SELECT ClientCode, FullName, ContactPerson, ContactNumber from Client_Mst Where Status = @y
[2025-04-02T03:54:31.156Z] error: Error in /controller/adminCont/getAllMeetingCounts: Failed to connect to 216.48.176.144:1433 - Could not connect (sequence)
[2025-04-02T03:54:31.167Z] error: Error in /controller/adminCont/getAllMeetingCounts: Failed to connect to 216.48.176.144:1433 - Could not connect (sequence)
[2025-04-02T03:54:31.170Z] error: Error in getAllMeetingWithClientCounts: Failed to connect to 216.48.176.144:1433 - Could not connect (sequence)
[2025-04-02T03:54:31.173Z] error: Error in getAllPhysicalMeetingWithClientCounts: Failed to connect to 216.48.176.144:1433 - Could not connect (sequence)
[2025-04-02T03:54:31.175Z] error: Error in getAllMeetingWithClientCounts: Failed to connect to 216.48.176.144:1433 - Could not connect (sequence)
[2025-04-02T03:54:31.182Z] error: Error in /controller/adminCont/getAllMeetingCounts: Failed to connect to 216.48.176.144:1433 - Could not connect (sequence)
[2025-04-02T03:54:31.189Z] error: Error in /controller/adminCont/getAllMeetingCounts: Failed to connect to 216.48.176.144:1433 - Could not connect (sequence)
[2025-04-02T03:54:31.201Z] error: Error in getAllMeetingWithClientCounts: Failed to connect to 216.48.176.144:1433 - Could not connect (sequence)
[2025-04-02T03:54:31.208Z] error: Error in getAllPhysicalMeetingWithClientCounts: Failed to connect to 216.48.176.144:1433 - Could not connect (sequence)
[2025-04-02T03:54:31.213Z] error: Error in getAllMeetingWithClientCounts: Failed to connect to 216.48.176.144:1433 - Could not connect (sequence)
[2025-04-02T03:54:31.244Z] error: Error in /controller/authenticateCont/getClient: Failed to connect to 216.48.176.144:1433 - Could not connect (sequence). SQL query: SELECT ClientCode, FullName, ContactPerson, ContactNumber from Client_Mst Where Status = @y
[2025-04-02T09:46:02.359Z] error: Error in getAllMeetingWithClientCounts: Invalid column name 'DepartmentName'.
[2025-04-02T11:59:16.714Z] error: Error in /controller/adminCont/getAllMeetingCounts: Failed to connect to 216.48.176.144:1433 - Could not connect (sequence)
[2025-04-02T11:59:16.763Z] error: Error in /controller/adminCont/getAllMeetingCounts: Failed to connect to 216.48.176.144:1433 - Could not connect (sequence)
[2025-04-02T11:59:16.847Z] error: Error in getAllMeetingWithClientCounts: Failed to connect to 216.48.176.144:1433 - Could not connect (sequence)
[2025-04-02T11:59:16.885Z] error: Error in /controller/adminCont/getAllMeetingCounts: Failed to connect to 216.48.176.144:1433 - Could not connect (sequence)
[2025-04-02T11:59:16.914Z] error: Error in getAllMeetingWithClientCounts: Failed to connect to 216.48.176.144:1433 - Could not connect (sequence)
[2025-04-02T11:59:16.957Z] error: Error in /controller/adminCont/getAllMeetingCounts: Failed to connect to 216.48.176.144:1433 - Could not connect (sequence)
[2025-04-02T11:59:16.981Z] error: Error in getAllPhysicalMeetingWithClientCounts: Failed to connect to 216.48.176.144:1433 - Could not connect (sequence)
[2025-04-02T11:59:17.005Z] error: Error in getAllPhysicalMeetingWithClientCounts: Failed to connect to 216.48.176.144:1433 - Could not connect (sequence)
[2025-04-02T11:59:17.030Z] error: Error in /controller/authenticateCont/getClient: Failed to connect to 216.48.176.144:1433 - Could not connect (sequence). SQL query: SELECT ClientCode, FullName, ContactPerson, ContactNumber from Client_Mst Where Status = @y
[2025-04-02T11:59:17.063Z] error: Error in /controller/authenticateCont/getClient: Failed to connect to 216.48.176.144:1433 - Could not connect (sequence). SQL query: SELECT ClientCode, FullName, ContactPerson, ContactNumber from Client_Mst Where Status = @y
[2025-04-02T12:38:20.673Z] error: Error in getAllMeetingWithClientCounts: Connection is closed.
[2025-04-02T12:38:20.719Z] error: Error in /controller/authenticateCont/getClient: Connection is closed.. SQL query: SELECT ClientCode, FullName, ContactPerson, ContactNumber from Client_Mst Where Status = @y
[2025-04-02T12:38:20.727Z] error: Error in /controller/authenticateCont/getClient: Connection is closed.. SQL query: SELECT ClientCode, FullName, ContactPerson, ContactNumber from Client_Mst Where Status = @y
[2025-04-02T12:38:20.777Z] error: Error in getAllPhysicalMeetingWithClientCounts: Connection is closed.
[2025-04-03T09:30:45.906Z] error: Error in /controller/adminCont/getAllMeetingCounts: Failed to connect to 216.48.176.144:1433 - Could not connect (sequence)
[2025-04-03T09:30:45.989Z] error: Error in /controller/adminCont/getAllMeetingCounts: Failed to connect to 216.48.176.144:1433 - Could not connect (sequence)
[2025-04-03T09:30:46.009Z] error: Error in getAllMeetingWithClientCounts: Failed to connect to 216.48.176.144:1433 - Could not connect (sequence)
[2025-04-03T09:30:46.013Z] error: Error in getAllPhysicalMeetingWithClientCounts: Failed to connect to 216.48.176.144:1433 - Could not connect (sequence)
[2025-04-03T09:30:46.017Z] error: Error in /controller/adminCont/getAllMeetingCounts: Failed to connect to 216.48.176.144:1433 - Could not connect (sequence)
[2025-04-03T09:30:46.028Z] error: Error in getAllMeetingWithClientCounts: Failed to connect to 216.48.176.144:1433 - Could not connect (sequence)
[2025-04-03T09:30:46.109Z] error: Error in getAllPhysicalMeetingWithClientCounts: Failed to connect to 216.48.176.144:1433 - Could not connect (sequence)
[2025-04-03T09:30:46.395Z] error: Error in /controller/adminCont/getAllMeetingCounts: Failed to connect to 216.48.176.144:1433 - Could not connect (sequence)
[2025-04-03T09:30:46.439Z] error: Error in getAllMeetingWithClientCounts: Failed to connect to 216.48.176.144:1433 - Could not connect (sequence)
[2025-04-03T09:30:46.453Z] error: Error in getAllPhysicalMeetingWithClientCounts: Failed to connect to 216.48.176.144:1433 - Could not connect (sequence)
[2025-04-03T09:30:46.465Z] error: Error in getAllMeetingWithClientCounts: Failed to connect to 216.48.176.144:1433 - Could not connect (sequence)
[2025-04-03T09:30:46.484Z] error: Error in getAllPhysicalMeetingWithClientCounts: Failed to connect to 216.48.176.144:1433 - Could not connect (sequence)
[2025-04-03T09:30:46.500Z] error: Error in /controller/authenticateCont/getClient: Failed to connect to 216.48.176.144:1433 - Could not connect (sequence). SQL query: SELECT ClientCode, FullName, ContactPerson, ContactNumber from Client_Mst Where Status = @y
[2025-04-03T09:30:46.526Z] error: Error in /controller/authenticateCont/getClient: Failed to connect to 216.48.176.144:1433 - Could not connect (sequence). SQL query: SELECT ClientCode, FullName, ContactPerson, ContactNumber from Client_Mst Where Status = @y
[2025-04-03T09:35:22.536Z] error: Error in /controller/virtualMeetCont/getTotalMeeting: Connection is closed.. SQL query: select COALESCE(COUNT(*), 0) as totalMeeting FROM Webcast_Mst Inner Join Webcast_Webinar_Mst on  
      Webcast_Mst.WcCode = Webcast_Webinar_Mst.fk_mid 
      where Webcast_Mst.eventType = @event and Webcast_Mst.EventStatus = @y
[2025-04-03T09:35:22.549Z] error: Error in /controller/physicalMeetCont/getTotalUpcomingMeeting: Connection is closed.. SQL query: select COALESCE(COUNT(*), 0) as totalUpcomingMeeting from Webcast_Mst where @formateddate < EventEndDateTime and eventType = @event and EventStatus = @y
[2025-04-03T09:35:22.558Z] error: Error in /controller/virtualMeetCont/getTotalUpcomingMeeting: Connection is closed.. SQL query: select COALESCE(COUNT(*), 0) as totalUpcomingMeeting FROM Webcast_Mst Inner Join Webcast_Webinar_Mst on  
      Webcast_Mst.WcCode = Webcast_Webinar_Mst.fk_mid 
      where @formateddate < Webcast_Mst.EventEndDateTime and Webcast_Mst.eventType = @event and Webcast_Mst.EventStatus = @y
[2025-04-03T09:35:22.569Z] error: Error in /controller/physicalMeetCont/getTotalCompletedMeeting: Connection is closed.. SQL query: select COALESCE(COUNT(*), 0) as totalCompletedMeeting from Webcast_Mst where @formateddate > EventEndDateTime and eventType = @event and EventStatus = @y
[2025-04-03T09:35:22.579Z] error: Error in /controller/virtualMeetCont/getTotalCompletedMeeting: Connection is closed.. SQL query: select COALESCE(COUNT(*), 0) as totalCompletedMeeting FROM Webcast_Mst Inner Join Webcast_Webinar_Mst on  
      Webcast_Mst.WcCode = Webcast_Webinar_Mst.fk_mid 
      where @formateddate > Webcast_Mst.EventEndDateTime and Webcast_Mst.eventType = @event and Webcast_Mst.EventStatus = @y
[2025-04-03T09:35:22.690Z] error: Error in /controller/physicalMeetCont/getMeetingData: Connection is closed.. SQL query: SELECT Webcast_Mst.Title, Webcast_Mst.WcCode,Webcast_Mst.Name ,Webcast_Mst.Mobile, Webcast_Mst.EventLocation, Webcast_Mst.EventStartDateTime, Webcast_Mst.EventEndDateTime,
            Webcast_Speaker_Detail.SpkName,Webcast_Speaker_Detail.SpkDesignation,Webcast_Speaker_Detail.Bio1,Webcast_Speaker_Detail.Bio2,
            Webcast_Speaker_Detail.Bio3
            FROM Webcast_Mst Left Join Webcast_Speaker_Detail on Webcast_Mst.WcCode = Webcast_Speaker_Detail.fk_mid
            and Webcast_Speaker_Detail.Status = @y 
            where Webcast_Mst.EventType = @Etype and Webcast_Mst.EventStatus = @y
            
[2025-04-03T09:35:22.699Z] error: Error in /controller/VirtualMeetCont/getMeetingData: Connection is closed.. SQL query: SELECT Webcast_Mst.Title,Webcast_Mst.WcCode,Webcast_Mst.Name ,Webcast_Mst.Mobile, Webcast_Mst.EventStartDateTime, Webcast_Mst.EventEndDateTime,
      Webcast_Speaker_Detail.SpkName,Webcast_Speaker_Detail.SpkDesignation,Webcast_Speaker_Detail.Bio1,Webcast_Speaker_Detail.Bio2,
      Webcast_Speaker_Detail.Bio3
      FROM Webcast_Mst Left Join Webcast_Speaker_Detail on Webcast_Mst.WcCode = Webcast_Speaker_Detail.fk_mid 
      and Webcast_Speaker_Detail.Status = @y
      where Webcast_Mst.EventType = @Etype and Webcast_Mst.EventStatus = @y;
[2025-04-03T09:35:22.709Z] error: Error in /controller/virtualMeetCont/getMeetingWithStatus: Connection is closed.. SQL query: SELECT Webcast_Mst.WcCode, Webcast_Mst.Title, 
        Webcast_Mst.EventStartDateTime, Webcast_Mst.EventEndDateTime,
        Webcast_Mst.CreatedDate,
        Webcast_Webinar_Mst.MeetingId,Webcast_Webinar_Mst.AccountId 
        FROM Webcast_Mst Inner Join Webcast_Webinar_Mst on  
        Webcast_Mst.WcCode = Webcast_Webinar_Mst.fk_mid where
        @formateddate < Webcast_Mst.EventEndDateTime and
        Webcast_Mst.EventType = @Etype and Webcast_Mst.EventStatus = @y and Webcast_Mst.Title LIKE '%' + @searchname + '%' ORDER BY Webcast_Mst.EventStartDateTime
[2025-04-03T09:35:22.720Z] error: Error in /controller/physicalMeetCont/getMeetingWithStatus: Connection is closed.. SQL query: SELECT WcCode, Title, EventStartDateTime, EventEndDateTime, CreatedDate FROM Webcast_Mst
                where  @formateddate < EventEndDateTime and EventType = @Etype and EventStatus = @y and Title LIKE '%' + @searchname + '%' ORDER BY EventStartDateTime
[2025-04-03T09:35:22.747Z] error: Error in /controller/virtualMeetCont/getMeetingWithStatus: Connection is closed.. SQL query: SELECT Webcast_Mst.WcCode, Webcast_Mst.Title, 
        Webcast_Mst.EventStartDateTime, Webcast_Mst.EventEndDateTime,
        Webcast_Mst.CreatedDate,
        Webcast_Webinar_Mst.MeetingId,Webcast_Webinar_Mst.AccountId 
        FROM Webcast_Mst Inner Join Webcast_Webinar_Mst on  
        Webcast_Mst.WcCode = Webcast_Webinar_Mst.fk_mid where
        @formateddate < Webcast_Mst.EventEndDateTime and
        Webcast_Mst.EventType = @Etype and Webcast_Mst.EventStatus = @y and Webcast_Mst.Title LIKE '%' + @searchname + '%' ORDER BY Webcast_Mst.EventStartDateTime
[2025-04-03T09:35:22.760Z] error: Error in /controller/physicalMeetCont/getMeetingWithStatus: Connection is closed.. SQL query: SELECT WcCode, Title, EventStartDateTime, EventEndDateTime, CreatedDate FROM Webcast_Mst
                where  @formateddate < EventEndDateTime and EventType = @Etype and EventStatus = @y and Title LIKE '%' + @searchname + '%' ORDER BY EventStartDateTime
[2025-04-04T03:56:04.801Z] error: Error in /controller/authenticateCont/getClient: Failed to connect to 216.48.176.144:1433 - Could not connect (sequence). SQL query: SELECT ClientCode, FullName, ContactPerson, ContactNumber from Client_Mst Where Status = @y and FullName Like '%' + @searchname+ '%'
[2025-04-04T03:56:04.825Z] error: Error in /controller/authenticateCont/getDepartMent: Failed to connect to 216.48.176.144:1433 - Could not connect (sequence). SQL query: SELECT DeptId, DeptName,DeptUrl from Department_Mst Where ClientCode = @clientId and Status = @y and DeptName Like '%' + @searchname+ '%'
[2025-04-04T03:56:04.830Z] error: Error in /controller/authenticateCont/getDepartMent: Failed to connect to 216.48.176.144:1433 - Could not connect (sequence). SQL query: SELECT DeptId, DeptName,DeptUrl from Department_Mst Where ClientCode = @clientId and Status = @y and DeptName Like '%' + @searchname+ '%'
[2025-04-04T03:56:04.867Z] error: Error in /controller/authenticateCont/getClient: Failed to connect to 216.48.176.144:1433 - Could not connect (sequence). SQL query: SELECT ClientCode, FullName, ContactPerson, ContactNumber from Client_Mst Where Status = @y and FullName Like '%' + @searchname+ '%'
[2025-04-04T07:34:15.593Z] error: Error in /controller/adminCont/getAllMeetingCounts: Failed to connect to 216.48.176.144:1433 - Could not connect (sequence)
[2025-04-04T07:34:15.623Z] error: Error in /controller/adminCont/getAllMeetingCounts: Failed to connect to 216.48.176.144:1433 - Could not connect (sequence)
[2025-04-04T07:34:15.639Z] error: Error in /controller/authenticateCont/getDepartMent: Failed to connect to 216.48.176.144:1433 - Could not connect (sequence). SQL query: SELECT DeptId, DeptName,DeptUrl from Department_Mst Where ClientCode = @clientId and Status = @y and DeptName Like '%' + @searchname+ '%'
[2025-04-04T07:34:15.651Z] error: Error in /controller/adminCont/getAllMeetingCounts: Failed to connect to 216.48.176.144:1433 - Could not connect (sequence)
[2025-04-04T07:34:15.689Z] error: Error in getAllMeetingWithClientCounts: Failed to connect to 216.48.176.144:1433 - Could not connect (sequence)
[2025-04-04T07:34:15.692Z] error: Error in getAllPhysicalMeetingWithClientCounts: Failed to connect to 216.48.176.144:1433 - Could not connect (sequence)
[2025-04-04T07:34:15.694Z] error: Error in getAllMeetingWithClientCounts: Failed to connect to 216.48.176.144:1433 - Could not connect (sequence)
[2025-04-04T07:34:15.697Z] error: Error in getAllPhysicalMeetingWithClientCounts: Failed to connect to 216.48.176.144:1433 - Could not connect (sequence)
[2025-04-04T07:34:15.705Z] error: Error in getAllMeetingWithClientCounts: Failed to connect to 216.48.176.144:1433 - Could not connect (sequence)
[2025-04-04T07:34:15.719Z] error: Error in getAllPhysicalMeetingWithClientCounts: Failed to connect to 216.48.176.144:1433 - Could not connect (sequence)
[2025-04-04T07:34:15.726Z] error: Error in /controller/adminCont/getAllMeetingCounts: Failed to connect to 216.48.176.144:1433 - Could not connect (sequence)
[2025-04-04T07:34:15.730Z] error: Error in getAllMeetingWithClientCounts: Failed to connect to 216.48.176.144:1433 - Could not connect (sequence)
[2025-04-04T07:34:15.734Z] error: Error in getAllPhysicalMeetingWithClientCounts: Failed to connect to 216.48.176.144:1433 - Could not connect (sequence)
[2025-04-04T07:34:15.737Z] error: Error in getAllMeetingWithClientCounts: Failed to connect to 216.48.176.144:1433 - Could not connect (sequence)
[2025-04-04T07:34:15.747Z] error: Error in getAllPhysicalMeetingWithClientCounts: Failed to connect to 216.48.176.144:1433 - Could not connect (sequence)
[2025-04-04T07:34:15.752Z] error: Error in /controller/authenticateCont/getDepartMent: Failed to connect to 216.48.176.144:1433 - Could not connect (sequence). SQL query: SELECT DeptId, DeptName,DeptUrl from Department_Mst Where ClientCode = @clientId and Status = @y and DeptName Like '%' + @searchname+ '%'
[2025-04-04T07:34:15.759Z] error: Error in getAllMeetingWithClientCounts: Failed to connect to 216.48.176.144:1433 - Could not connect (sequence)
[2025-04-04T07:34:15.761Z] error: Error in getAllPhysicalMeetingWithClientCounts: Failed to connect to 216.48.176.144:1433 - Could not connect (sequence)
[2025-04-04T07:34:15.763Z] error: Error in /controller/authenticateCont/getClient: Failed to connect to 216.48.176.144:1433 - Could not connect (sequence). SQL query: SELECT ClientCode, FullName, ContactPerson, ContactNumber from Client_Mst Where Status = @y and FullName Like '%' + @searchname+ '%'
[2025-04-04T07:34:15.770Z] error: Error in /controller/authenticateCont/getClient: Failed to connect to 216.48.176.144:1433 - Could not connect (sequence). SQL query: SELECT ClientCode, FullName, ContactPerson, ContactNumber from Client_Mst Where Status = @y and FullName Like '%' + @searchname+ '%'
[2025-04-05T03:13:52.573Z] error: Error in /controller/adminCont/getMeetingWithStatus: Failed to connect to 216.48.176.144:1433 - Could not connect (sequence). SQL query: SELECT Webcast_Mst.WcCode, Webcast_Mst.Title, Webcast_Mst.EventStartDateTime, 
            Webcast_Mst.EventEndDateTime, 
            Webcast_Mst.CreatedDate,Webcast_Mst.SpeakerCount,Webcast_Mst.Name,
            Webcast_Mst.Mobile,Client_Mst.FullName,Department_Mst.DeptName,User_mst.displayname 
            FROM Webcast_Mst 
                  Left Join Client_Mst on Webcast_Mst.ClientCode = Client_Mst.ClientCode
                  Left Join Department_Mst on Webcast_Mst.DeptId = Department_Mst.DeptId
                  Left Join User_mst on Webcast_Mst.CreatedBy = User_mst.userid
                where EventType = @Etype and EventStatus = @y AND Webcast_Mst.DeptId = @departmentId and Title LIKE '%' + @searchname + '%' ORDER BY EventStartDateTime DESC
[2025-04-05T03:13:52.670Z] error: Error in /controller/adminCont/getMeetingList: Failed to connect to 216.48.176.144:1433 - Could not connect (sequence). SQL query: SELECT Webcast_Mst.WcCode, Webcast_Mst.Title, 
            Webcast_Mst.CreatedDate,Webcast_Mst.EventStartDateTime, Webcast_Mst.EventEndDateTime,
            Webcast_Mst.SpeakerCount,Webcast_Mst.Name,Webcast_Mst.Mobile,
            Webcast_Webinar_Mst.MeetingId,Webcast_Webinar_Mst.AccountId,
            Webcast_Webinar_Mst.PresenterUrl,Webcast_Webinar_Mst.AttendeeUrl,
            Client_Mst.FullName,Department_Mst.DeptName, User_mst.displayname,
            zoom_ac_dtl.Account_name 
            FROM Webcast_Mst Inner Join Webcast_Webinar_Mst on  
            Webcast_Mst.WcCode = Webcast_Webinar_Mst.fk_mid 
            Left Join Client_Mst on Webcast_Mst.ClientCode = Client_Mst.ClientCode
            Left Join Department_Mst on Webcast_Mst.DeptId = Department_Mst.DeptId
            Left Join User_mst on Webcast_Mst.CreatedBy = User_mst.userid
            LEFT JOIN zoom_ac_dtl
            ON Webcast_Webinar_Mst.AccountId = zoom_ac_dtl.Account_id
            where
            Webcast_Mst.EventType = @Etype and Webcast_Mst.EventStatus = @y 
            AND Webcast_Mst.DeptId = @departmentId and Webcast_Mst.Title LIKE '%' + @searchname + '%' ORDER BY Webcast_Mst.EventStartDateTime DESC
[2025-04-05T03:13:52.712Z] error: Error in /controller/adminCont/getMeetingList: Failed to connect to 216.48.176.144:1433 - Could not connect (sequence). SQL query: SELECT Webcast_Mst.WcCode, Webcast_Mst.Title, 
            Webcast_Mst.CreatedDate,Webcast_Mst.EventStartDateTime, Webcast_Mst.EventEndDateTime,
            Webcast_Mst.SpeakerCount,Webcast_Mst.Name,Webcast_Mst.Mobile,
            Webcast_Webinar_Mst.MeetingId,Webcast_Webinar_Mst.AccountId,
            Webcast_Webinar_Mst.PresenterUrl,Webcast_Webinar_Mst.AttendeeUrl,
            Client_Mst.FullName,Department_Mst.DeptName, User_mst.displayname,
            zoom_ac_dtl.Account_name 
            FROM Webcast_Mst Inner Join Webcast_Webinar_Mst on  
            Webcast_Mst.WcCode = Webcast_Webinar_Mst.fk_mid 
            Left Join Client_Mst on Webcast_Mst.ClientCode = Client_Mst.ClientCode
            Left Join Department_Mst on Webcast_Mst.DeptId = Department_Mst.DeptId
            Left Join User_mst on Webcast_Mst.CreatedBy = User_mst.userid
            LEFT JOIN zoom_ac_dtl
            ON Webcast_Webinar_Mst.AccountId = zoom_ac_dtl.Account_id
            where
            Webcast_Mst.EventType = @Etype and Webcast_Mst.EventStatus = @y 
            AND Webcast_Mst.DeptId = @departmentId and Webcast_Mst.Title LIKE '%' + @searchname + '%' ORDER BY Webcast_Mst.EventStartDateTime DESC
[2025-04-05T03:13:52.722Z] error: Error in /controller/adminCont/getMeetingWithStatus: Failed to connect to 216.48.176.144:1433 - Could not connect (sequence). SQL query: SELECT Webcast_Mst.WcCode, Webcast_Mst.Title, Webcast_Mst.EventStartDateTime, 
            Webcast_Mst.EventEndDateTime, 
            Webcast_Mst.CreatedDate,Webcast_Mst.SpeakerCount,Webcast_Mst.Name,
            Webcast_Mst.Mobile,Client_Mst.FullName,Department_Mst.DeptName,User_mst.displayname 
            FROM Webcast_Mst 
                  Left Join Client_Mst on Webcast_Mst.ClientCode = Client_Mst.ClientCode
                  Left Join Department_Mst on Webcast_Mst.DeptId = Department_Mst.DeptId
                  Left Join User_mst on Webcast_Mst.CreatedBy = User_mst.userid
                where EventType = @Etype and EventStatus = @y AND Webcast_Mst.DeptId = @departmentId and Title LIKE '%' + @searchname + '%' ORDER BY EventStartDateTime DESC
[2025-04-05T03:13:52.769Z] error: Error in /controller/adminCont/getMeetingList: Failed to connect to 216.48.176.144:1433 - Could not connect (sequence). SQL query: SELECT Webcast_Mst.WcCode, Webcast_Mst.Title, 
            Webcast_Mst.CreatedDate,Webcast_Mst.EventStartDateTime, Webcast_Mst.EventEndDateTime,
            Webcast_Mst.SpeakerCount,Webcast_Mst.Name,Webcast_Mst.Mobile,
            Webcast_Webinar_Mst.MeetingId,Webcast_Webinar_Mst.AccountId,
            Webcast_Webinar_Mst.PresenterUrl,Webcast_Webinar_Mst.AttendeeUrl,
            Client_Mst.FullName,Department_Mst.DeptName, User_mst.displayname,
            zoom_ac_dtl.Account_name 
            FROM Webcast_Mst Inner Join Webcast_Webinar_Mst on  
            Webcast_Mst.WcCode = Webcast_Webinar_Mst.fk_mid 
            Left Join Client_Mst on Webcast_Mst.ClientCode = Client_Mst.ClientCode
            Left Join Department_Mst on Webcast_Mst.DeptId = Department_Mst.DeptId
            Left Join User_mst on Webcast_Mst.CreatedBy = User_mst.userid
            LEFT JOIN zoom_ac_dtl
            ON Webcast_Webinar_Mst.AccountId = zoom_ac_dtl.Account_id
            where
            Webcast_Mst.EventType = @Etype and Webcast_Mst.EventStatus = @y 
            AND Webcast_Mst.DeptId = @departmentId and Webcast_Mst.Title LIKE '%' + @searchname + '%' ORDER BY Webcast_Mst.EventStartDateTime DESC
[2025-04-05T03:13:52.901Z] error: Error in /controller/adminCont/getMeetingWithStatus: Failed to connect to 216.48.176.144:1433 - Could not connect (sequence). SQL query: SELECT Webcast_Mst.WcCode, Webcast_Mst.Title, Webcast_Mst.EventStartDateTime, 
            Webcast_Mst.EventEndDateTime, 
            Webcast_Mst.CreatedDate,Webcast_Mst.SpeakerCount,Webcast_Mst.Name,
            Webcast_Mst.Mobile,Client_Mst.FullName,Department_Mst.DeptName,User_mst.displayname 
            FROM Webcast_Mst 
                  Left Join Client_Mst on Webcast_Mst.ClientCode = Client_Mst.ClientCode
                  Left Join Department_Mst on Webcast_Mst.DeptId = Department_Mst.DeptId
                  Left Join User_mst on Webcast_Mst.CreatedBy = User_mst.userid
                where EventType = @Etype and EventStatus = @y AND Webcast_Mst.DeptId = @departmentId and Title LIKE '%' + @searchname + '%' ORDER BY EventStartDateTime DESC
[2025-04-05T03:13:53.053Z] error: Error in /controller/authenticateCont/getDepartMent: Failed to connect to 216.48.176.144:1433 - Could not connect (sequence). SQL query: SELECT DeptId, DeptName,DeptUrl from Department_Mst Where ClientCode = @clientId and Status = @y and DeptName Like '%' + @searchname+ '%'
[2025-04-05T03:13:53.085Z] error: Error in /controller/adminCont/getMeetingWithStatus: Failed to connect to 216.48.176.144:1433 - Could not connect (sequence). SQL query: SELECT Webcast_Mst.WcCode, Webcast_Mst.Title, Webcast_Mst.EventStartDateTime, 
            Webcast_Mst.EventEndDateTime, 
            Webcast_Mst.CreatedDate,Webcast_Mst.SpeakerCount,Webcast_Mst.Name,
            Webcast_Mst.Mobile,Client_Mst.FullName,Department_Mst.DeptName,User_mst.displayname 
            FROM Webcast_Mst 
                  Left Join Client_Mst on Webcast_Mst.ClientCode = Client_Mst.ClientCode
                  Left Join Department_Mst on Webcast_Mst.DeptId = Department_Mst.DeptId
                  Left Join User_mst on Webcast_Mst.CreatedBy = User_mst.userid
                where EventType = @Etype and EventStatus = @y AND Webcast_Mst.DeptId = @departmentId and Title LIKE '%' + @searchname + '%' ORDER BY EventStartDateTime DESC
[2025-04-05T03:13:53.134Z] error: Error in /controller/authenticateCont/getClient: Failed to connect to 216.48.176.144:1433 - Could not connect (sequence). SQL query: SELECT ClientCode, FullName, ContactPerson, ContactNumber from Client_Mst Where Status = @y and FullName Like '%' + @searchname+ '%'
[2025-04-05T03:13:53.198Z] error: Error in /controller/adminCont/getMeetingList: Failed to connect to 216.48.176.144:1433 - Could not connect (sequence). SQL query: SELECT Webcast_Mst.WcCode, Webcast_Mst.Title, 
            Webcast_Mst.CreatedDate,Webcast_Mst.EventStartDateTime, Webcast_Mst.EventEndDateTime,
            Webcast_Mst.SpeakerCount,Webcast_Mst.Name,Webcast_Mst.Mobile,
            Webcast_Webinar_Mst.MeetingId,Webcast_Webinar_Mst.AccountId,
            Webcast_Webinar_Mst.PresenterUrl,Webcast_Webinar_Mst.AttendeeUrl,
            Client_Mst.FullName,Department_Mst.DeptName, User_mst.displayname,
            zoom_ac_dtl.Account_name 
            FROM Webcast_Mst Inner Join Webcast_Webinar_Mst on  
            Webcast_Mst.WcCode = Webcast_Webinar_Mst.fk_mid 
            Left Join Client_Mst on Webcast_Mst.ClientCode = Client_Mst.ClientCode
            Left Join Department_Mst on Webcast_Mst.DeptId = Department_Mst.DeptId
            Left Join User_mst on Webcast_Mst.CreatedBy = User_mst.userid
            LEFT JOIN zoom_ac_dtl
            ON Webcast_Webinar_Mst.AccountId = zoom_ac_dtl.Account_id
            where
            Webcast_Mst.EventType = @Etype and Webcast_Mst.EventStatus = @y 
            AND Webcast_Mst.DeptId = @departmentId and Webcast_Mst.Title LIKE '%' + @searchname + '%' ORDER BY Webcast_Mst.EventStartDateTime DESC
[2025-04-05T03:13:53.226Z] error: Error in /controller/authenticateCont/getDepartMent: Failed to connect to 216.48.176.144:1433 - Could not connect (sequence). SQL query: SELECT DeptId, DeptName,DeptUrl from Department_Mst Where ClientCode = @clientId and Status = @y and DeptName Like '%' + @searchname+ '%'
[2025-04-05T03:13:53.342Z] error: Error in /controller/authenticateCont/getClient: Failed to connect to 216.48.176.144:1433 - Could not connect (sequence). SQL query: SELECT ClientCode, FullName, ContactPerson, ContactNumber from Client_Mst Where Status = @y and FullName Like '%' + @searchname+ '%'
[2025-04-12T10:35:33.936Z] error: Error in /controller/adminCont/getMeetingWithStatus: Failed to connect to 216.48.176.144:1433 - Could not connect (sequence). SQL query: SELECT Webcast_Mst.WcCode, Webcast_Mst.Title, Webcast_Mst.EventStartDateTime, 
                    Webcast_Mst.EventEndDateTime, 
                    Webcast_Mst.CreatedDate,Webcast_Mst.SpeakerCount,Webcast_Mst.Name,
                    Webcast_Mst.Mobile,Client_Mst.FullName,Department_Mst.DeptName,User_mst.displayname 
                    FROM Webcast_Mst 
                          Left Join Client_Mst on Webcast_Mst.ClientCode = Client_Mst.ClientCode
                          Left Join Department_Mst on Webcast_Mst.DeptId = Department_Mst.DeptId
                          Left Join User_mst on Webcast_Mst.CreatedBy = User_mst.userid
                        where EventType = @Etype and EventStatus = @y and Title LIKE '%' + @searchname + '%' ORDER BY EventStartDateTime DESC
[2025-04-12T10:35:34.008Z] error: Error in /controller/adminCont/getMeetingWithStatus: Failed to connect to 216.48.176.144:1433 - Could not connect (sequence). SQL query: SELECT Webcast_Mst.WcCode, Webcast_Mst.Title, Webcast_Mst.EventStartDateTime, 
                    Webcast_Mst.EventEndDateTime, 
                    Webcast_Mst.CreatedDate,Webcast_Mst.SpeakerCount,Webcast_Mst.Name,
                    Webcast_Mst.Mobile,Client_Mst.FullName,Department_Mst.DeptName,User_mst.displayname 
                    FROM Webcast_Mst 
                          Left Join Client_Mst on Webcast_Mst.ClientCode = Client_Mst.ClientCode
                          Left Join Department_Mst on Webcast_Mst.DeptId = Department_Mst.DeptId
                          Left Join User_mst on Webcast_Mst.CreatedBy = User_mst.userid
                        where EventType = @Etype and EventStatus = @y and Title LIKE '%' + @searchname + '%' ORDER BY EventStartDateTime DESC
[2025-04-12T10:35:34.090Z] error: Error in /controller/adminCont/getMeetingList: Failed to connect to 216.48.176.144:1433 - Could not connect (sequence). SQL query: SELECT Webcast_Mst.WcCode, Webcast_Mst.Title, 
            Webcast_Mst.CreatedDate,Webcast_Mst.EventStartDateTime, Webcast_Mst.EventEndDateTime,
            Webcast_Mst.SpeakerCount,Webcast_Mst.Name,Webcast_Mst.Mobile,
            Webcast_Webinar_Mst.MeetingId,Webcast_Webinar_Mst.AccountId,
            Webcast_Webinar_Mst.PresenterUrl,Webcast_Webinar_Mst.AttendeeUrl,
            Client_Mst.FullName,Department_Mst.DeptName, User_mst.displayname,
            zoom_ac_dtl.Account_name 
            FROM Webcast_Mst Inner Join Webcast_Webinar_Mst on  
            Webcast_Mst.WcCode = Webcast_Webinar_Mst.fk_mid 
            Left Join Client_Mst on Webcast_Mst.ClientCode = Client_Mst.ClientCode
            Left Join Department_Mst on Webcast_Mst.DeptId = Department_Mst.DeptId
            Left Join User_mst on Webcast_Mst.CreatedBy = User_mst.userid
            LEFT JOIN zoom_ac_dtl
            ON Webcast_Webinar_Mst.AccountId = zoom_ac_dtl.Account_id
            where
            Webcast_Mst.EventType = @Etype and Webcast_Mst.EventStatus = @y and Webcast_Mst.Title LIKE '%' + @searchname + '%' ORDER BY Webcast_Mst.EventStartDateTime DESC
[2025-04-12T10:35:34.106Z] error: Error in /controller/adminCont/getMeetingList: Failed to connect to 216.48.176.144:1433 - Could not connect (sequence). SQL query: SELECT Webcast_Mst.WcCode, Webcast_Mst.Title, 
            Webcast_Mst.CreatedDate,Webcast_Mst.EventStartDateTime, Webcast_Mst.EventEndDateTime,
            Webcast_Mst.SpeakerCount,Webcast_Mst.Name,Webcast_Mst.Mobile,
            Webcast_Webinar_Mst.MeetingId,Webcast_Webinar_Mst.AccountId,
            Webcast_Webinar_Mst.PresenterUrl,Webcast_Webinar_Mst.AttendeeUrl,
            Client_Mst.FullName,Department_Mst.DeptName, User_mst.displayname,
            zoom_ac_dtl.Account_name 
            FROM Webcast_Mst Inner Join Webcast_Webinar_Mst on  
            Webcast_Mst.WcCode = Webcast_Webinar_Mst.fk_mid 
            Left Join Client_Mst on Webcast_Mst.ClientCode = Client_Mst.ClientCode
            Left Join Department_Mst on Webcast_Mst.DeptId = Department_Mst.DeptId
            Left Join User_mst on Webcast_Mst.CreatedBy = User_mst.userid
            LEFT JOIN zoom_ac_dtl
            ON Webcast_Webinar_Mst.AccountId = zoom_ac_dtl.Account_id
            where
            Webcast_Mst.EventType = @Etype and Webcast_Mst.EventStatus = @y and Webcast_Mst.Title LIKE '%' + @searchname + '%' ORDER BY Webcast_Mst.EventStartDateTime DESC
[2025-04-12T10:35:34.130Z] error: Error in /controller/authenticateCont/getClient: Failed to connect to 216.48.176.144:1433 - Could not connect (sequence). SQL query: SELECT ClientCode, FullName, ContactPerson, ContactNumber from Client_Mst Where Status = @y and FullName Like '%' + @searchname+ '%'
[2025-04-12T10:35:34.177Z] error: Error in /controller/adminCont/getMeetingList: Failed to connect to 216.48.176.144:1433 - Could not connect (sequence). SQL query: SELECT Webcast_Mst.WcCode, Webcast_Mst.Title, 
            Webcast_Mst.CreatedDate,Webcast_Mst.EventStartDateTime, Webcast_Mst.EventEndDateTime,
            Webcast_Mst.SpeakerCount,Webcast_Mst.Name,Webcast_Mst.Mobile,
            Webcast_Webinar_Mst.MeetingId,Webcast_Webinar_Mst.AccountId,
            Webcast_Webinar_Mst.PresenterUrl,Webcast_Webinar_Mst.AttendeeUrl,
            Client_Mst.FullName,Department_Mst.DeptName, User_mst.displayname,
            zoom_ac_dtl.Account_name 
            FROM Webcast_Mst Inner Join Webcast_Webinar_Mst on  
            Webcast_Mst.WcCode = Webcast_Webinar_Mst.fk_mid 
            Left Join Client_Mst on Webcast_Mst.ClientCode = Client_Mst.ClientCode
            Left Join Department_Mst on Webcast_Mst.DeptId = Department_Mst.DeptId
            Left Join User_mst on Webcast_Mst.CreatedBy = User_mst.userid
            LEFT JOIN zoom_ac_dtl
            ON Webcast_Webinar_Mst.AccountId = zoom_ac_dtl.Account_id
            where
            Webcast_Mst.EventType = @Etype and Webcast_Mst.EventStatus = @y and Webcast_Mst.Title LIKE '%' + @searchname + '%' ORDER BY Webcast_Mst.EventStartDateTime DESC
[2025-04-12T10:35:34.190Z] error: Error in /controller/adminCont/getMeetingWithStatus: Failed to connect to 216.48.176.144:1433 - Could not connect (sequence). SQL query: SELECT Webcast_Mst.WcCode, Webcast_Mst.Title, Webcast_Mst.EventStartDateTime, 
                    Webcast_Mst.EventEndDateTime, 
                    Webcast_Mst.CreatedDate,Webcast_Mst.SpeakerCount,Webcast_Mst.Name,
                    Webcast_Mst.Mobile,Client_Mst.FullName,Department_Mst.DeptName,User_mst.displayname 
                    FROM Webcast_Mst 
                          Left Join Client_Mst on Webcast_Mst.ClientCode = Client_Mst.ClientCode
                          Left Join Department_Mst on Webcast_Mst.DeptId = Department_Mst.DeptId
                          Left Join User_mst on Webcast_Mst.CreatedBy = User_mst.userid
                        where EventType = @Etype and EventStatus = @y and Title LIKE '%' + @searchname + '%' ORDER BY EventStartDateTime DESC
[2025-04-12T10:35:34.221Z] error: Error in /controller/adminCont/getMeetingWithStatus: Failed to connect to 216.48.176.144:1433 - Could not connect (sequence). SQL query: SELECT Webcast_Mst.WcCode, Webcast_Mst.Title, Webcast_Mst.EventStartDateTime, 
                    Webcast_Mst.EventEndDateTime, 
                    Webcast_Mst.CreatedDate,Webcast_Mst.SpeakerCount,Webcast_Mst.Name,
                    Webcast_Mst.Mobile,Client_Mst.FullName,Department_Mst.DeptName,User_mst.displayname 
                    FROM Webcast_Mst 
                          Left Join Client_Mst on Webcast_Mst.ClientCode = Client_Mst.ClientCode
                          Left Join Department_Mst on Webcast_Mst.DeptId = Department_Mst.DeptId
                          Left Join User_mst on Webcast_Mst.CreatedBy = User_mst.userid
                        where EventType = @Etype and EventStatus = @y and Title LIKE '%' + @searchname + '%' ORDER BY EventStartDateTime DESC
[2025-04-12T10:35:34.255Z] error: Error in /controller/adminCont/getMeetingList: Failed to connect to 216.48.176.144:1433 - Could not connect (sequence). SQL query: SELECT Webcast_Mst.WcCode, Webcast_Mst.Title, 
            Webcast_Mst.CreatedDate,Webcast_Mst.EventStartDateTime, Webcast_Mst.EventEndDateTime,
            Webcast_Mst.SpeakerCount,Webcast_Mst.Name,Webcast_Mst.Mobile,
            Webcast_Webinar_Mst.MeetingId,Webcast_Webinar_Mst.AccountId,
            Webcast_Webinar_Mst.PresenterUrl,Webcast_Webinar_Mst.AttendeeUrl,
            Client_Mst.FullName,Department_Mst.DeptName, User_mst.displayname,
            zoom_ac_dtl.Account_name 
            FROM Webcast_Mst Inner Join Webcast_Webinar_Mst on  
            Webcast_Mst.WcCode = Webcast_Webinar_Mst.fk_mid 
            Left Join Client_Mst on Webcast_Mst.ClientCode = Client_Mst.ClientCode
            Left Join Department_Mst on Webcast_Mst.DeptId = Department_Mst.DeptId
            Left Join User_mst on Webcast_Mst.CreatedBy = User_mst.userid
            LEFT JOIN zoom_ac_dtl
            ON Webcast_Webinar_Mst.AccountId = zoom_ac_dtl.Account_id
            where
            Webcast_Mst.EventType = @Etype and Webcast_Mst.EventStatus = @y and Webcast_Mst.Title LIKE '%' + @searchname + '%' ORDER BY Webcast_Mst.EventStartDateTime DESC
[2025-04-12T10:35:34.273Z] error: Error in /controller/authenticateCont/getClient: Failed to connect to 216.48.176.144:1433 - Could not connect (sequence). SQL query: SELECT ClientCode, FullName, ContactPerson, ContactNumber from Client_Mst Where Status = @y and FullName Like '%' + @searchname+ '%'
[2025-04-12T10:35:35.097Z] error: Error in /controller/adminCont/getMeetingWithStatus: Failed to connect to 216.48.176.144:1433 - Could not connect (sequence). SQL query: SELECT Webcast_Mst.WcCode, Webcast_Mst.Title, Webcast_Mst.EventStartDateTime, 
                    Webcast_Mst.EventEndDateTime, 
                    Webcast_Mst.CreatedDate,Webcast_Mst.SpeakerCount,Webcast_Mst.Name,
                    Webcast_Mst.Mobile,Client_Mst.FullName,Department_Mst.DeptName,User_mst.displayname 
                    FROM Webcast_Mst 
                          Left Join Client_Mst on Webcast_Mst.ClientCode = Client_Mst.ClientCode
                          Left Join Department_Mst on Webcast_Mst.DeptId = Department_Mst.DeptId
                          Left Join User_mst on Webcast_Mst.CreatedBy = User_mst.userid
                        where EventType = @Etype and EventStatus = @y and Title LIKE '%' + @searchname + '%' ORDER BY EventStartDateTime DESC
[2025-04-12T10:35:35.110Z] error: Error in /controller/adminCont/getMeetingList: Failed to connect to 216.48.176.144:1433 - Could not connect (sequence). SQL query: SELECT Webcast_Mst.WcCode, Webcast_Mst.Title, 
            Webcast_Mst.CreatedDate,Webcast_Mst.EventStartDateTime, Webcast_Mst.EventEndDateTime,
            Webcast_Mst.SpeakerCount,Webcast_Mst.Name,Webcast_Mst.Mobile,
            Webcast_Webinar_Mst.MeetingId,Webcast_Webinar_Mst.AccountId,
            Webcast_Webinar_Mst.PresenterUrl,Webcast_Webinar_Mst.AttendeeUrl,
            Client_Mst.FullName,Department_Mst.DeptName, User_mst.displayname,
            zoom_ac_dtl.Account_name 
            FROM Webcast_Mst Inner Join Webcast_Webinar_Mst on  
            Webcast_Mst.WcCode = Webcast_Webinar_Mst.fk_mid 
            Left Join Client_Mst on Webcast_Mst.ClientCode = Client_Mst.ClientCode
            Left Join Department_Mst on Webcast_Mst.DeptId = Department_Mst.DeptId
            Left Join User_mst on Webcast_Mst.CreatedBy = User_mst.userid
            LEFT JOIN zoom_ac_dtl
            ON Webcast_Webinar_Mst.AccountId = zoom_ac_dtl.Account_id
            where
            Webcast_Mst.EventType = @Etype and Webcast_Mst.EventStatus = @y and Webcast_Mst.Title LIKE '%' + @searchname + '%' ORDER BY Webcast_Mst.EventStartDateTime DESC
[2025-04-12T10:35:35.175Z] error: Error in /controller/adminCont/getMeetingList: Failed to connect to 216.48.176.144:1433 - Could not connect (sequence). SQL query: SELECT Webcast_Mst.WcCode, Webcast_Mst.Title, 
            Webcast_Mst.CreatedDate,Webcast_Mst.EventStartDateTime, Webcast_Mst.EventEndDateTime,
            Webcast_Mst.SpeakerCount,Webcast_Mst.Name,Webcast_Mst.Mobile,
            Webcast_Webinar_Mst.MeetingId,Webcast_Webinar_Mst.AccountId,
            Webcast_Webinar_Mst.PresenterUrl,Webcast_Webinar_Mst.AttendeeUrl,
            Client_Mst.FullName,Department_Mst.DeptName, User_mst.displayname,
            zoom_ac_dtl.Account_name 
            FROM Webcast_Mst Inner Join Webcast_Webinar_Mst on  
            Webcast_Mst.WcCode = Webcast_Webinar_Mst.fk_mid 
            Left Join Client_Mst on Webcast_Mst.ClientCode = Client_Mst.ClientCode
            Left Join Department_Mst on Webcast_Mst.DeptId = Department_Mst.DeptId
            Left Join User_mst on Webcast_Mst.CreatedBy = User_mst.userid
            LEFT JOIN zoom_ac_dtl
            ON Webcast_Webinar_Mst.AccountId = zoom_ac_dtl.Account_id
            where
            Webcast_Mst.EventType = @Etype and Webcast_Mst.EventStatus = @y and Webcast_Mst.Title LIKE '%' + @searchname + '%' ORDER BY Webcast_Mst.EventStartDateTime DESC
[2025-04-12T10:35:35.178Z] error: Error in /controller/adminCont/getMeetingWithStatus: Failed to connect to 216.48.176.144:1433 - Could not connect (sequence). SQL query: SELECT Webcast_Mst.WcCode, Webcast_Mst.Title, Webcast_Mst.EventStartDateTime, 
                    Webcast_Mst.EventEndDateTime, 
                    Webcast_Mst.CreatedDate,Webcast_Mst.SpeakerCount,Webcast_Mst.Name,
                    Webcast_Mst.Mobile,Client_Mst.FullName,Department_Mst.DeptName,User_mst.displayname 
                    FROM Webcast_Mst 
                          Left Join Client_Mst on Webcast_Mst.ClientCode = Client_Mst.ClientCode
                          Left Join Department_Mst on Webcast_Mst.DeptId = Department_Mst.DeptId
                          Left Join User_mst on Webcast_Mst.CreatedBy = User_mst.userid
                        where EventType = @Etype and EventStatus = @y and Title LIKE '%' + @searchname + '%' ORDER BY EventStartDateTime DESC
[2025-04-12T10:35:35.207Z] error: Error in /controller/adminCont/getMeetingWithStatus: Failed to connect to 216.48.176.144:1433 - Could not connect (sequence). SQL query: SELECT Webcast_Mst.WcCode, Webcast_Mst.Title, Webcast_Mst.EventStartDateTime, 
                    Webcast_Mst.EventEndDateTime, 
                    Webcast_Mst.CreatedDate,Webcast_Mst.SpeakerCount,Webcast_Mst.Name,
                    Webcast_Mst.Mobile,Client_Mst.FullName,Department_Mst.DeptName,User_mst.displayname 
                    FROM Webcast_Mst 
                          Left Join Client_Mst on Webcast_Mst.ClientCode = Client_Mst.ClientCode
                          Left Join Department_Mst on Webcast_Mst.DeptId = Department_Mst.DeptId
                          Left Join User_mst on Webcast_Mst.CreatedBy = User_mst.userid
                        where EventType = @Etype and EventStatus = @y and Title LIKE '%' + @searchname + '%' ORDER BY EventStartDateTime DESC
[2025-04-12T10:35:35.221Z] error: Error in /controller/adminCont/getMeetingList: Failed to connect to 216.48.176.144:1433 - Could not connect (sequence). SQL query: SELECT Webcast_Mst.WcCode, Webcast_Mst.Title, 
            Webcast_Mst.CreatedDate,Webcast_Mst.EventStartDateTime, Webcast_Mst.EventEndDateTime,
            Webcast_Mst.SpeakerCount,Webcast_Mst.Name,Webcast_Mst.Mobile,
            Webcast_Webinar_Mst.MeetingId,Webcast_Webinar_Mst.AccountId,
            Webcast_Webinar_Mst.PresenterUrl,Webcast_Webinar_Mst.AttendeeUrl,
            Client_Mst.FullName,Department_Mst.DeptName, User_mst.displayname,
            zoom_ac_dtl.Account_name 
            FROM Webcast_Mst Inner Join Webcast_Webinar_Mst on  
            Webcast_Mst.WcCode = Webcast_Webinar_Mst.fk_mid 
            Left Join Client_Mst on Webcast_Mst.ClientCode = Client_Mst.ClientCode
            Left Join Department_Mst on Webcast_Mst.DeptId = Department_Mst.DeptId
            Left Join User_mst on Webcast_Mst.CreatedBy = User_mst.userid
            LEFT JOIN zoom_ac_dtl
            ON Webcast_Webinar_Mst.AccountId = zoom_ac_dtl.Account_id
            where
            Webcast_Mst.EventType = @Etype and Webcast_Mst.EventStatus = @y and Webcast_Mst.Title LIKE '%' + @searchname + '%' ORDER BY Webcast_Mst.EventStartDateTime DESC
[2025-04-12T10:35:35.255Z] error: Error in /controller/adminCont/getAllMeetingCounts: Failed to connect to 216.48.176.144:1433 - Could not connect (sequence)
[2025-04-12T10:35:35.264Z] error: Error in /controller/adminCont/getAllMeetingCounts: Failed to connect to 216.48.176.144:1433 - Could not connect (sequence)
[2025-04-12T10:35:35.277Z] error: Error in getAllMeetingWithClientCounts: Failed to connect to 216.48.176.144:1433 - Could not connect (sequence)
[2025-04-12T10:35:35.301Z] error: Error in /controller/adminCont/getMeetingList: Failed to connect to 216.48.176.144:1433 - Could not connect (sequence). SQL query: SELECT Webcast_Mst.WcCode, Webcast_Mst.Title, 
            Webcast_Mst.CreatedDate,Webcast_Mst.EventStartDateTime, Webcast_Mst.EventEndDateTime,
            Webcast_Mst.SpeakerCount,Webcast_Mst.Name,Webcast_Mst.Mobile,
            Webcast_Webinar_Mst.MeetingId,Webcast_Webinar_Mst.AccountId,
            Webcast_Webinar_Mst.PresenterUrl,Webcast_Webinar_Mst.AttendeeUrl,
            Client_Mst.FullName,Department_Mst.DeptName, User_mst.displayname,
            zoom_ac_dtl.Account_name 
            FROM Webcast_Mst Inner Join Webcast_Webinar_Mst on  
            Webcast_Mst.WcCode = Webcast_Webinar_Mst.fk_mid 
            Left Join Client_Mst on Webcast_Mst.ClientCode = Client_Mst.ClientCode
            Left Join Department_Mst on Webcast_Mst.DeptId = Department_Mst.DeptId
            Left Join User_mst on Webcast_Mst.CreatedBy = User_mst.userid
            LEFT JOIN zoom_ac_dtl
            ON Webcast_Webinar_Mst.AccountId = zoom_ac_dtl.Account_id
            where
            Webcast_Mst.EventType = @Etype and Webcast_Mst.EventStatus = @y and Webcast_Mst.Title LIKE '%' + @searchname + '%' ORDER BY Webcast_Mst.EventStartDateTime DESC
[2025-04-12T10:35:35.312Z] error: Error in /controller/adminCont/getMeetingWithStatus: Failed to connect to 216.48.176.144:1433 - Could not connect (sequence). SQL query: SELECT Webcast_Mst.WcCode, Webcast_Mst.Title, Webcast_Mst.EventStartDateTime, 
                    Webcast_Mst.EventEndDateTime, 
                    Webcast_Mst.CreatedDate,Webcast_Mst.SpeakerCount,Webcast_Mst.Name,
                    Webcast_Mst.Mobile,Client_Mst.FullName,Department_Mst.DeptName,User_mst.displayname 
                    FROM Webcast_Mst 
                          Left Join Client_Mst on Webcast_Mst.ClientCode = Client_Mst.ClientCode
                          Left Join Department_Mst on Webcast_Mst.DeptId = Department_Mst.DeptId
                          Left Join User_mst on Webcast_Mst.CreatedBy = User_mst.userid
                        where EventType = @Etype and EventStatus = @y and Title LIKE '%' + @searchname + '%' ORDER BY EventStartDateTime DESC
[2025-04-12T10:35:35.327Z] error: Error in getAllPhysicalMeetingWithClientCounts: Failed to connect to 216.48.176.144:1433 - Could not connect (sequence)
[2025-04-12T10:35:35.348Z] error: Error in getAllMeetingWithClientCounts: Failed to connect to 216.48.176.144:1433 - Could not connect (sequence)
[2025-04-12T10:35:35.358Z] error: Error in getAllPhysicalMeetingWithClientCounts: Failed to connect to 216.48.176.144:1433 - Could not connect (sequence)
[2025-04-12T10:35:35.362Z] error: Error in /controller/authenticateCont/getClient: Failed to connect to 216.48.176.144:1433 - Could not connect (sequence). SQL query: SELECT ClientCode, FullName, ContactPerson, ContactNumber from Client_Mst Where Status = @y and FullName Like '%' + @searchname+ '%'
[2025-04-12T10:35:35.393Z] error: Error in /controller/adminCont/getAllMeetingCounts: Failed to connect to 216.48.176.144:1433 - Could not connect (sequence)
[2025-04-12T10:35:35.397Z] error: Error in /controller/adminCont/getAllMeetingCounts: Failed to connect to 216.48.176.144:1433 - Could not connect (sequence)
[2025-04-12T10:35:35.407Z] error: Error in getAllMeetingWithClientCounts: Failed to connect to 216.48.176.144:1433 - Could not connect (sequence)
[2025-04-12T10:35:35.413Z] error: Error in getAllPhysicalMeetingWithClientCounts: Failed to connect to 216.48.176.144:1433 - Could not connect (sequence)
[2025-04-12T10:35:35.425Z] error: Error in getAllMeetingWithClientCounts: Failed to connect to 216.48.176.144:1433 - Could not connect (sequence)
[2025-04-12T10:35:35.428Z] error: Error in getAllPhysicalMeetingWithClientCounts: Failed to connect to 216.48.176.144:1433 - Could not connect (sequence)
[2025-04-12T10:35:35.436Z] error: Error in /controller/authenticateCont/getClient: Failed to connect to 216.48.176.144:1433 - Could not connect (sequence). SQL query: SELECT ClientCode, FullName, ContactPerson, ContactNumber from Client_Mst Where Status = @y and FullName Like '%' + @searchname+ '%'
[2025-04-12T10:35:44.622Z] error: Error in /controller/adminCont/getMeetingWithStatus: Failed to connect to 216.48.176.144:1433 - Could not connect (sequence). SQL query: SELECT Webcast_Mst.WcCode, Webcast_Mst.Title, Webcast_Mst.EventStartDateTime, 
                    Webcast_Mst.EventEndDateTime, 
                    Webcast_Mst.CreatedDate,Webcast_Mst.SpeakerCount,Webcast_Mst.Name,
                    Webcast_Mst.Mobile,Client_Mst.FullName,Department_Mst.DeptName,User_mst.displayname 
                    FROM Webcast_Mst 
                          Left Join Client_Mst on Webcast_Mst.ClientCode = Client_Mst.ClientCode
                          Left Join Department_Mst on Webcast_Mst.DeptId = Department_Mst.DeptId
                          Left Join User_mst on Webcast_Mst.CreatedBy = User_mst.userid
                        where EventType = @Etype and EventStatus = @y and Title LIKE '%' + @searchname + '%' ORDER BY EventStartDateTime DESC
[2025-04-12T10:35:44.667Z] error: Error in /controller/adminCont/getMeetingList: Failed to connect to 216.48.176.144:1433 - Could not connect (sequence). SQL query: SELECT Webcast_Mst.WcCode, Webcast_Mst.Title, 
            Webcast_Mst.CreatedDate,Webcast_Mst.EventStartDateTime, Webcast_Mst.EventEndDateTime,
            Webcast_Mst.SpeakerCount,Webcast_Mst.Name,Webcast_Mst.Mobile,
            Webcast_Webinar_Mst.MeetingId,Webcast_Webinar_Mst.AccountId,
            Webcast_Webinar_Mst.PresenterUrl,Webcast_Webinar_Mst.AttendeeUrl,
            Client_Mst.FullName,Department_Mst.DeptName, User_mst.displayname,
            zoom_ac_dtl.Account_name 
            FROM Webcast_Mst Inner Join Webcast_Webinar_Mst on  
            Webcast_Mst.WcCode = Webcast_Webinar_Mst.fk_mid 
            Left Join Client_Mst on Webcast_Mst.ClientCode = Client_Mst.ClientCode
            Left Join Department_Mst on Webcast_Mst.DeptId = Department_Mst.DeptId
            Left Join User_mst on Webcast_Mst.CreatedBy = User_mst.userid
            LEFT JOIN zoom_ac_dtl
            ON Webcast_Webinar_Mst.AccountId = zoom_ac_dtl.Account_id
            where
            Webcast_Mst.EventType = @Etype and Webcast_Mst.EventStatus = @y and Webcast_Mst.Title LIKE '%' + @searchname + '%' ORDER BY Webcast_Mst.EventStartDateTime DESC
[2025-04-12T10:35:44.677Z] error: Error in /controller/adminCont/getMeetingList: Failed to connect to 216.48.176.144:1433 - Could not connect (sequence). SQL query: SELECT Webcast_Mst.WcCode, Webcast_Mst.Title, 
            Webcast_Mst.CreatedDate,Webcast_Mst.EventStartDateTime, Webcast_Mst.EventEndDateTime,
            Webcast_Mst.SpeakerCount,Webcast_Mst.Name,Webcast_Mst.Mobile,
            Webcast_Webinar_Mst.MeetingId,Webcast_Webinar_Mst.AccountId,
            Webcast_Webinar_Mst.PresenterUrl,Webcast_Webinar_Mst.AttendeeUrl,
            Client_Mst.FullName,Department_Mst.DeptName, User_mst.displayname,
            zoom_ac_dtl.Account_name 
            FROM Webcast_Mst Inner Join Webcast_Webinar_Mst on  
            Webcast_Mst.WcCode = Webcast_Webinar_Mst.fk_mid 
            Left Join Client_Mst on Webcast_Mst.ClientCode = Client_Mst.ClientCode
            Left Join Department_Mst on Webcast_Mst.DeptId = Department_Mst.DeptId
            Left Join User_mst on Webcast_Mst.CreatedBy = User_mst.userid
            LEFT JOIN zoom_ac_dtl
            ON Webcast_Webinar_Mst.AccountId = zoom_ac_dtl.Account_id
            where
            Webcast_Mst.EventType = @Etype and Webcast_Mst.EventStatus = @y and Webcast_Mst.Title LIKE '%' + @searchname + '%' ORDER BY Webcast_Mst.EventStartDateTime DESC
[2025-04-12T10:35:44.704Z] error: Error in /controller/adminCont/getMeetingWithStatus: Failed to connect to 216.48.176.144:1433 - Could not connect (sequence). SQL query: SELECT Webcast_Mst.WcCode, Webcast_Mst.Title, Webcast_Mst.EventStartDateTime, 
                    Webcast_Mst.EventEndDateTime, 
                    Webcast_Mst.CreatedDate,Webcast_Mst.SpeakerCount,Webcast_Mst.Name,
                    Webcast_Mst.Mobile,Client_Mst.FullName,Department_Mst.DeptName,User_mst.displayname 
                    FROM Webcast_Mst 
                          Left Join Client_Mst on Webcast_Mst.ClientCode = Client_Mst.ClientCode
                          Left Join Department_Mst on Webcast_Mst.DeptId = Department_Mst.DeptId
                          Left Join User_mst on Webcast_Mst.CreatedBy = User_mst.userid
                        where EventType = @Etype and EventStatus = @y and Title LIKE '%' + @searchname + '%' ORDER BY EventStartDateTime DESC
[2025-04-12T10:35:44.715Z] error: Error in /controller/adminCont/getMeetingList: Failed to connect to 216.48.176.144:1433 - Could not connect (sequence). SQL query: SELECT Webcast_Mst.WcCode, Webcast_Mst.Title, 
            Webcast_Mst.CreatedDate,Webcast_Mst.EventStartDateTime, Webcast_Mst.EventEndDateTime,
            Webcast_Mst.SpeakerCount,Webcast_Mst.Name,Webcast_Mst.Mobile,
            Webcast_Webinar_Mst.MeetingId,Webcast_Webinar_Mst.AccountId,
            Webcast_Webinar_Mst.PresenterUrl,Webcast_Webinar_Mst.AttendeeUrl,
            Client_Mst.FullName,Department_Mst.DeptName, User_mst.displayname,
            zoom_ac_dtl.Account_name 
            FROM Webcast_Mst Inner Join Webcast_Webinar_Mst on  
            Webcast_Mst.WcCode = Webcast_Webinar_Mst.fk_mid 
            Left Join Client_Mst on Webcast_Mst.ClientCode = Client_Mst.ClientCode
            Left Join Department_Mst on Webcast_Mst.DeptId = Department_Mst.DeptId
            Left Join User_mst on Webcast_Mst.CreatedBy = User_mst.userid
            LEFT JOIN zoom_ac_dtl
            ON Webcast_Webinar_Mst.AccountId = zoom_ac_dtl.Account_id
            where
            Webcast_Mst.EventType = @Etype and Webcast_Mst.EventStatus = @y and Webcast_Mst.Title LIKE '%' + @searchname + '%' ORDER BY Webcast_Mst.EventStartDateTime DESC
[2025-04-12T10:35:44.730Z] error: Error in /controller/adminCont/getMeetingWithStatus: Failed to connect to 216.48.176.144:1433 - Could not connect (sequence). SQL query: SELECT Webcast_Mst.WcCode, Webcast_Mst.Title, Webcast_Mst.EventStartDateTime, 
                    Webcast_Mst.EventEndDateTime, 
                    Webcast_Mst.CreatedDate,Webcast_Mst.SpeakerCount,Webcast_Mst.Name,
                    Webcast_Mst.Mobile,Client_Mst.FullName,Department_Mst.DeptName,User_mst.displayname 
                    FROM Webcast_Mst 
                          Left Join Client_Mst on Webcast_Mst.ClientCode = Client_Mst.ClientCode
                          Left Join Department_Mst on Webcast_Mst.DeptId = Department_Mst.DeptId
                          Left Join User_mst on Webcast_Mst.CreatedBy = User_mst.userid
                        where EventType = @Etype and EventStatus = @y and Title LIKE '%' + @searchname + '%' ORDER BY EventStartDateTime DESC
[2025-04-12T10:35:44.761Z] error: Error in /controller/adminCont/getMeetingList: Failed to connect to 216.48.176.144:1433 - Could not connect (sequence). SQL query: SELECT Webcast_Mst.WcCode, Webcast_Mst.Title, 
            Webcast_Mst.CreatedDate,Webcast_Mst.EventStartDateTime, Webcast_Mst.EventEndDateTime,
            Webcast_Mst.SpeakerCount,Webcast_Mst.Name,Webcast_Mst.Mobile,
            Webcast_Webinar_Mst.MeetingId,Webcast_Webinar_Mst.AccountId,
            Webcast_Webinar_Mst.PresenterUrl,Webcast_Webinar_Mst.AttendeeUrl,
            Client_Mst.FullName,Department_Mst.DeptName, User_mst.displayname,
            zoom_ac_dtl.Account_name 
            FROM Webcast_Mst Inner Join Webcast_Webinar_Mst on  
            Webcast_Mst.WcCode = Webcast_Webinar_Mst.fk_mid 
            Left Join Client_Mst on Webcast_Mst.ClientCode = Client_Mst.ClientCode
            Left Join Department_Mst on Webcast_Mst.DeptId = Department_Mst.DeptId
            Left Join User_mst on Webcast_Mst.CreatedBy = User_mst.userid
            LEFT JOIN zoom_ac_dtl
            ON Webcast_Webinar_Mst.AccountId = zoom_ac_dtl.Account_id
            where
            Webcast_Mst.EventType = @Etype and Webcast_Mst.EventStatus = @y and Webcast_Mst.Title LIKE '%' + @searchname + '%' ORDER BY Webcast_Mst.EventStartDateTime DESC
[2025-04-12T10:35:44.791Z] error: Error in /controller/adminCont/getMeetingWithStatus: Failed to connect to 216.48.176.144:1433 - Could not connect (sequence). SQL query: SELECT Webcast_Mst.WcCode, Webcast_Mst.Title, Webcast_Mst.EventStartDateTime, 
                    Webcast_Mst.EventEndDateTime, 
                    Webcast_Mst.CreatedDate,Webcast_Mst.SpeakerCount,Webcast_Mst.Name,
                    Webcast_Mst.Mobile,Client_Mst.FullName,Department_Mst.DeptName,User_mst.displayname 
                    FROM Webcast_Mst 
                          Left Join Client_Mst on Webcast_Mst.ClientCode = Client_Mst.ClientCode
                          Left Join Department_Mst on Webcast_Mst.DeptId = Department_Mst.DeptId
                          Left Join User_mst on Webcast_Mst.CreatedBy = User_mst.userid
                        where EventType = @Etype and EventStatus = @y and Title LIKE '%' + @searchname + '%' ORDER BY EventStartDateTime DESC
[2025-04-12T10:35:44.881Z] error: Error in /controller/authenticateCont/getClient: Failed to connect to 216.48.176.144:1433 - Could not connect (sequence). SQL query: SELECT ClientCode, FullName, ContactPerson, ContactNumber from Client_Mst Where Status = @y and FullName Like '%' + @searchname+ '%'
[2025-04-12T10:35:44.978Z] error: Error in /controller/authenticateCont/getClient: Failed to connect to 216.48.176.144:1433 - Could not connect (sequence). SQL query: SELECT ClientCode, FullName, ContactPerson, ContactNumber from Client_Mst Where Status = @y and FullName Like '%' + @searchname+ '%'
[2025-04-12T10:35:52.029Z] error: Error in /controller/authenticateCont/getDepartMent: Failed to connect to 216.48.176.144:1433 - Could not connect (sequence). SQL query: SELECT DeptId, DeptName,DeptUrl from Department_Mst Where ClientCode = @clientId and Status = @y and DeptName Like '%' + @searchname+ '%'
[2025-04-12T10:35:52.033Z] error: Error in /controller/authenticateCont/getDepartMent: Failed to connect to 216.48.176.144:1433 - Could not connect (sequence). SQL query: SELECT DeptId, DeptName,DeptUrl from Department_Mst Where ClientCode = @clientId and Status = @y and DeptName Like '%' + @searchname+ '%'
[2025-04-12T10:35:52.051Z] error: Error in /controller/authenticateCont/getClient: Failed to connect to 216.48.176.144:1433 - Could not connect (sequence). SQL query: SELECT ClientCode, FullName, ContactPerson, ContactNumber from Client_Mst Where Status = @y and FullName Like '%' + @searchname+ '%'
[2025-04-12T10:35:52.063Z] error: Error in /controller/authenticateCont/getClient: Failed to connect to 216.48.176.144:1433 - Could not connect (sequence). SQL query: SELECT ClientCode, FullName, ContactPerson, ContactNumber from Client_Mst Where Status = @y and FullName Like '%' + @searchname+ '%'
[2025-04-12T10:35:58.835Z] error: Error in /controller/adminCont/getAllMeetingCounts: Failed to connect to 216.48.176.144:1433 - Could not connect (sequence)
[2025-04-12T10:35:58.865Z] error: Error in /controller/adminCont/getAllMeetingCounts: Failed to connect to 216.48.176.144:1433 - Could not connect (sequence)
[2025-04-12T10:35:58.870Z] error: Error in /controller/adminCont/getAllMeetingCounts: Failed to connect to 216.48.176.144:1433 - Could not connect (sequence)
[2025-04-12T10:35:58.884Z] error: Error in /controller/adminCont/getAllMeetingCounts: Failed to connect to 216.48.176.144:1433 - Could not connect (sequence)
[2025-04-12T10:35:58.888Z] error: Error in getAllMeetingWithClientCounts: Failed to connect to 216.48.176.144:1433 - Could not connect (sequence)
[2025-04-12T10:35:58.907Z] error: Error in getAllMeetingWithClientCounts: Failed to connect to 216.48.176.144:1433 - Could not connect (sequence)
[2025-04-12T10:35:58.932Z] error: Error in getAllPhysicalMeetingWithClientCounts: Failed to connect to 216.48.176.144:1433 - Could not connect (sequence)
[2025-04-12T10:35:58.949Z] error: Error in getAllPhysicalMeetingWithClientCounts: Failed to connect to 216.48.176.144:1433 - Could not connect (sequence)
[2025-04-12T10:35:58.965Z] error: Error in getAllMeetingWithClientCounts: Failed to connect to 216.48.176.144:1433 - Could not connect (sequence)
[2025-04-12T10:35:58.968Z] error: Error in getAllPhysicalMeetingWithClientCounts: Failed to connect to 216.48.176.144:1433 - Could not connect (sequence)
[2025-04-12T10:35:58.971Z] error: Error in getAllMeetingWithClientCounts: Failed to connect to 216.48.176.144:1433 - Could not connect (sequence)
[2025-04-12T10:35:59.018Z] error: Error in getAllPhysicalMeetingWithClientCounts: Failed to connect to 216.48.176.144:1433 - Could not connect (sequence)
[2025-04-12T10:35:59.031Z] error: Error in /controller/authenticateCont/getDepartMent: Failed to connect to 216.48.176.144:1433 - Could not connect (sequence). SQL query: SELECT DeptId, DeptName,DeptUrl from Department_Mst Where ClientCode = @clientId and Status = @y and DeptName Like '%' + @searchname+ '%'
[2025-04-12T10:35:59.050Z] error: Error in getAllMeetingWithClientCounts: Failed to connect to 216.48.176.144:1433 - Could not connect (sequence)
[2025-04-12T10:35:59.064Z] error: Error in getAllPhysicalMeetingWithClientCounts: Failed to connect to 216.48.176.144:1433 - Could not connect (sequence)
[2025-04-12T10:35:59.070Z] error: Error in /controller/adminCont/getMeetingWithStatus: Failed to connect to 216.48.176.144:1433 - Could not connect (sequence). SQL query: SELECT Webcast_Mst.WcCode, Webcast_Mst.Title, Webcast_Mst.EventStartDateTime, 
            Webcast_Mst.EventEndDateTime, 
            Webcast_Mst.CreatedDate,Webcast_Mst.SpeakerCount,Webcast_Mst.Name,
            Webcast_Mst.Mobile,Client_Mst.FullName,Department_Mst.DeptName,User_mst.displayname 
            FROM Webcast_Mst 
                  Left Join Client_Mst on Webcast_Mst.ClientCode = Client_Mst.ClientCode
                  Left Join Department_Mst on Webcast_Mst.DeptId = Department_Mst.DeptId
                  Left Join User_mst on Webcast_Mst.CreatedBy = User_mst.userid
                where EventType = @Etype and EventStatus = @y AND Webcast_Mst.ClientCode = @clientId and Title LIKE '%' + @searchname + '%' ORDER BY EventStartDateTime DESC
[2025-04-12T10:35:59.117Z] error: Error in /controller/authenticateCont/getClient: Failed to connect to 216.48.176.144:1433 - Could not connect (sequence). SQL query: SELECT ClientCode, FullName, ContactPerson, ContactNumber from Client_Mst Where Status = @y and FullName Like '%' + @searchname+ '%'
[2025-04-12T10:35:59.131Z] error: Error in /controller/adminCont/getMeetingList: Failed to connect to 216.48.176.144:1433 - Could not connect (sequence). SQL query: SELECT Webcast_Mst.WcCode, Webcast_Mst.Title, 
            Webcast_Mst.CreatedDate,Webcast_Mst.EventStartDateTime, Webcast_Mst.EventEndDateTime,
            Webcast_Mst.SpeakerCount,Webcast_Mst.Name,Webcast_Mst.Mobile,
            Webcast_Webinar_Mst.MeetingId,Webcast_Webinar_Mst.AccountId,
            Webcast_Webinar_Mst.PresenterUrl,Webcast_Webinar_Mst.AttendeeUrl,
            Client_Mst.FullName,Department_Mst.DeptName, User_mst.displayname,
            zoom_ac_dtl.Account_name 
            FROM Webcast_Mst Inner Join Webcast_Webinar_Mst on  
            Webcast_Mst.WcCode = Webcast_Webinar_Mst.fk_mid 
            Left Join Client_Mst on Webcast_Mst.ClientCode = Client_Mst.ClientCode
            Left Join Department_Mst on Webcast_Mst.DeptId = Department_Mst.DeptId
            Left Join User_mst on Webcast_Mst.CreatedBy = User_mst.userid
            LEFT JOIN zoom_ac_dtl
            ON Webcast_Webinar_Mst.AccountId = zoom_ac_dtl.Account_id
            where
            Webcast_Mst.EventType = @Etype and Webcast_Mst.EventStatus = @y 
            AND Webcast_Mst.ClientCode = @clientId and Webcast_Mst.Title LIKE '%' + @searchname + '%' ORDER BY Webcast_Mst.EventStartDateTime DESC
[2025-04-12T10:35:59.183Z] error: Error in /controller/adminCont/getMeetingList: Failed to connect to 216.48.176.144:1433 - Could not connect (sequence). SQL query: SELECT Webcast_Mst.WcCode, Webcast_Mst.Title, 
            Webcast_Mst.CreatedDate,Webcast_Mst.EventStartDateTime, Webcast_Mst.EventEndDateTime,
            Webcast_Mst.SpeakerCount,Webcast_Mst.Name,Webcast_Mst.Mobile,
            Webcast_Webinar_Mst.MeetingId,Webcast_Webinar_Mst.AccountId,
            Webcast_Webinar_Mst.PresenterUrl,Webcast_Webinar_Mst.AttendeeUrl,
            Client_Mst.FullName,Department_Mst.DeptName, User_mst.displayname,
            zoom_ac_dtl.Account_name 
            FROM Webcast_Mst Inner Join Webcast_Webinar_Mst on  
            Webcast_Mst.WcCode = Webcast_Webinar_Mst.fk_mid 
            Left Join Client_Mst on Webcast_Mst.ClientCode = Client_Mst.ClientCode
            Left Join Department_Mst on Webcast_Mst.DeptId = Department_Mst.DeptId
            Left Join User_mst on Webcast_Mst.CreatedBy = User_mst.userid
            LEFT JOIN zoom_ac_dtl
            ON Webcast_Webinar_Mst.AccountId = zoom_ac_dtl.Account_id
            where
            Webcast_Mst.EventType = @Etype and Webcast_Mst.EventStatus = @y 
            AND Webcast_Mst.ClientCode = @clientId and Webcast_Mst.Title LIKE '%' + @searchname + '%' ORDER BY Webcast_Mst.EventStartDateTime DESC
[2025-04-12T10:35:59.223Z] error: Error in /controller/adminCont/getMeetingWithStatus: Failed to connect to 216.48.176.144:1433 - Could not connect (sequence). SQL query: SELECT Webcast_Mst.WcCode, Webcast_Mst.Title, Webcast_Mst.EventStartDateTime, 
            Webcast_Mst.EventEndDateTime, 
            Webcast_Mst.CreatedDate,Webcast_Mst.SpeakerCount,Webcast_Mst.Name,
            Webcast_Mst.Mobile,Client_Mst.FullName,Department_Mst.DeptName,User_mst.displayname 
            FROM Webcast_Mst 
                  Left Join Client_Mst on Webcast_Mst.ClientCode = Client_Mst.ClientCode
                  Left Join Department_Mst on Webcast_Mst.DeptId = Department_Mst.DeptId
                  Left Join User_mst on Webcast_Mst.CreatedBy = User_mst.userid
                where EventType = @Etype and EventStatus = @y AND Webcast_Mst.ClientCode = @clientId and Title LIKE '%' + @searchname + '%' ORDER BY EventStartDateTime DESC
[2025-04-12T10:35:59.357Z] error: Error in getAllMeetingWithClientCounts: Failed to connect to 216.48.176.144:1433 - Could not connect (sequence)
[2025-04-12T10:35:59.447Z] error: Error in getAllPhysicalMeetingWithClientCounts: Failed to connect to 216.48.176.144:1433 - Could not connect (sequence)
[2025-04-12T10:35:59.590Z] error: Error in /controller/authenticateCont/getDepartMent: Failed to connect to 216.48.176.144:1433 - Could not connect (sequence). SQL query: SELECT DeptId, DeptName,DeptUrl from Department_Mst Where ClientCode = @clientId and Status = @y and DeptName Like '%' + @searchname+ '%'
[2025-04-12T10:35:59.607Z] error: Error in /controller/adminCont/getMeetingWithStatus: Failed to connect to 216.48.176.144:1433 - Could not connect (sequence). SQL query: SELECT Webcast_Mst.WcCode, Webcast_Mst.Title, Webcast_Mst.EventStartDateTime, 
            Webcast_Mst.EventEndDateTime, 
            Webcast_Mst.CreatedDate,Webcast_Mst.SpeakerCount,Webcast_Mst.Name,
            Webcast_Mst.Mobile,Client_Mst.FullName,Department_Mst.DeptName,User_mst.displayname 
            FROM Webcast_Mst 
                  Left Join Client_Mst on Webcast_Mst.ClientCode = Client_Mst.ClientCode
                  Left Join Department_Mst on Webcast_Mst.DeptId = Department_Mst.DeptId
                  Left Join User_mst on Webcast_Mst.CreatedBy = User_mst.userid
                where EventType = @Etype and EventStatus = @y AND Webcast_Mst.ClientCode = @clientId and Title LIKE '%' + @searchname + '%' ORDER BY EventStartDateTime DESC
[2025-04-12T10:35:59.689Z] error: Error in /controller/adminCont/getMeetingList: Failed to connect to 216.48.176.144:1433 - Could not connect (sequence). SQL query: SELECT Webcast_Mst.WcCode, Webcast_Mst.Title, 
            Webcast_Mst.CreatedDate,Webcast_Mst.EventStartDateTime, Webcast_Mst.EventEndDateTime,
            Webcast_Mst.SpeakerCount,Webcast_Mst.Name,Webcast_Mst.Mobile,
            Webcast_Webinar_Mst.MeetingId,Webcast_Webinar_Mst.AccountId,
            Webcast_Webinar_Mst.PresenterUrl,Webcast_Webinar_Mst.AttendeeUrl,
            Client_Mst.FullName,Department_Mst.DeptName, User_mst.displayname,
            zoom_ac_dtl.Account_name 
            FROM Webcast_Mst Inner Join Webcast_Webinar_Mst on  
            Webcast_Mst.WcCode = Webcast_Webinar_Mst.fk_mid 
            Left Join Client_Mst on Webcast_Mst.ClientCode = Client_Mst.ClientCode
            Left Join Department_Mst on Webcast_Mst.DeptId = Department_Mst.DeptId
            Left Join User_mst on Webcast_Mst.CreatedBy = User_mst.userid
            LEFT JOIN zoom_ac_dtl
            ON Webcast_Webinar_Mst.AccountId = zoom_ac_dtl.Account_id
            where
            Webcast_Mst.EventType = @Etype and Webcast_Mst.EventStatus = @y 
            AND Webcast_Mst.ClientCode = @clientId and Webcast_Mst.Title LIKE '%' + @searchname + '%' ORDER BY Webcast_Mst.EventStartDateTime DESC
[2025-04-12T10:35:59.732Z] error: Error in /controller/adminCont/getMeetingList: Failed to connect to 216.48.176.144:1433 - Could not connect (sequence). SQL query: SELECT Webcast_Mst.WcCode, Webcast_Mst.Title, 
            Webcast_Mst.CreatedDate,Webcast_Mst.EventStartDateTime, Webcast_Mst.EventEndDateTime,
            Webcast_Mst.SpeakerCount,Webcast_Mst.Name,Webcast_Mst.Mobile,
            Webcast_Webinar_Mst.MeetingId,Webcast_Webinar_Mst.AccountId,
            Webcast_Webinar_Mst.PresenterUrl,Webcast_Webinar_Mst.AttendeeUrl,
            Client_Mst.FullName,Department_Mst.DeptName, User_mst.displayname,
            zoom_ac_dtl.Account_name 
            FROM Webcast_Mst Inner Join Webcast_Webinar_Mst on  
            Webcast_Mst.WcCode = Webcast_Webinar_Mst.fk_mid 
            Left Join Client_Mst on Webcast_Mst.ClientCode = Client_Mst.ClientCode
            Left Join Department_Mst on Webcast_Mst.DeptId = Department_Mst.DeptId
            Left Join User_mst on Webcast_Mst.CreatedBy = User_mst.userid
            LEFT JOIN zoom_ac_dtl
            ON Webcast_Webinar_Mst.AccountId = zoom_ac_dtl.Account_id
            where
            Webcast_Mst.EventType = @Etype and Webcast_Mst.EventStatus = @y 
            AND Webcast_Mst.ClientCode = @clientId and Webcast_Mst.Title LIKE '%' + @searchname + '%' ORDER BY Webcast_Mst.EventStartDateTime DESC
[2025-04-12T10:35:59.779Z] error: Error in /controller/adminCont/getMeetingWithStatus: Failed to connect to 216.48.176.144:1433 - Could not connect (sequence). SQL query: SELECT Webcast_Mst.WcCode, Webcast_Mst.Title, Webcast_Mst.EventStartDateTime, 
            Webcast_Mst.EventEndDateTime, 
            Webcast_Mst.CreatedDate,Webcast_Mst.SpeakerCount,Webcast_Mst.Name,
            Webcast_Mst.Mobile,Client_Mst.FullName,Department_Mst.DeptName,User_mst.displayname 
            FROM Webcast_Mst 
                  Left Join Client_Mst on Webcast_Mst.ClientCode = Client_Mst.ClientCode
                  Left Join Department_Mst on Webcast_Mst.DeptId = Department_Mst.DeptId
                  Left Join User_mst on Webcast_Mst.CreatedBy = User_mst.userid
                where EventType = @Etype and EventStatus = @y AND Webcast_Mst.ClientCode = @clientId and Title LIKE '%' + @searchname + '%' ORDER BY EventStartDateTime DESC
[2025-04-12T10:35:59.815Z] error: Error in /controller/authenticateCont/getClient: Failed to connect to 216.48.176.144:1433 - Could not connect (sequence). SQL query: SELECT ClientCode, FullName, ContactPerson, ContactNumber from Client_Mst Where Status = @y and FullName Like '%' + @searchname+ '%'
[2025-04-18T11:51:54.979Z] error: Error in /controller/authenticateCont/getClient: Connection is closed.. SQL query: SELECT ClientCode, FullName, ContactPerson, ContactNumber from Client_Mst Where Status = @y and FullName Like '%' + @searchname+ '%'
[2025-04-18T11:51:54.993Z] error: Error in /controller/authenticateCont/getClient: Connection is closed.. SQL query: SELECT ClientCode, FullName, ContactPerson, ContactNumber from Client_Mst Where Status = @y and FullName Like '%' + @searchname+ '%'
[2025-04-18T11:51:55.021Z] error: Error in /controller/adminCont/getMeetingList: Connection is closed.. SQL query: SELECT Webcast_Mst.WcCode, Webcast_Mst.Title, 
            Webcast_Mst.CreatedDate,Webcast_Mst.EventStartDateTime, Webcast_Mst.EventEndDateTime,
            Webcast_Mst.SpeakerCount,Webcast_Mst.Name,Webcast_Mst.Mobile,
            Webcast_Mst.EventType,
            Webcast_Webinar_Mst.MeetingId,Webcast_Webinar_Mst.AccountId,
            Webcast_Webinar_Mst.PresenterUrl,Webcast_Webinar_Mst.AttendeeUrl,
            Client_Mst.FullName,Department_Mst.DeptName, User_mst.displayname,
            zoom_ac_dtl.Account_name 
            FROM Webcast_Mst Inner Join Webcast_Webinar_Mst on  
            Webcast_Mst.WcCode = Webcast_Webinar_Mst.fk_mid 
            Left Join Client_Mst on Webcast_Mst.ClientCode = Client_Mst.ClientCode
            Left Join Department_Mst on Webcast_Mst.DeptId = Department_Mst.DeptId
            Left Join User_mst on Webcast_Mst.CreatedBy = User_mst.userid
            LEFT JOIN zoom_ac_dtl
            ON Webcast_Webinar_Mst.AccountId = zoom_ac_dtl.Account_id
            where
            Webcast_Mst.EventType = @Etype and Webcast_Mst.EventStatus = @y and Webcast_Mst.Title LIKE '%' + @searchname + '%' ORDER BY Webcast_Mst.EventStartDateTime DESC
[2025-04-18T11:51:55.433Z] error: Error in /controller/adminCont/getAllMeetingCounts: Connection is closed.
[2025-04-18T11:51:55.453Z] error: Error in /controller/adminCont/getMeetingWithStatus: Connection is closed.. SQL query: SELECT Webcast_Mst.WcCode, Webcast_Mst.Title, Webcast_Mst.EventStartDateTime, 
                    Webcast_Mst.EventEndDateTime,Webcast_Mst.EventType, 
                    Webcast_Mst.CreatedDate,Webcast_Mst.SpeakerCount,Webcast_Mst.Name,
                    Webcast_Mst.Mobile,Client_Mst.FullName,Department_Mst.DeptName,User_mst.displayname 
                    FROM Webcast_Mst 
                          Left Join Client_Mst on Webcast_Mst.ClientCode = Client_Mst.ClientCode
                          Left Join Department_Mst on Webcast_Mst.DeptId = Department_Mst.DeptId
                          Left Join User_mst on Webcast_Mst.CreatedBy = User_mst.userid
                        where EventType = @Etype and EventStatus = @y and Title LIKE '%' + @searchname + '%' ORDER BY EventStartDateTime DESC
[2025-04-18T11:51:55.488Z] error: Error in getAllMeetingWithClientCounts: Connection is closed.
[2025-04-18T11:51:55.538Z] error: Error in getAllPhysicalMeetingWithClientCounts: Connection is closed.
[2025-04-18T11:51:55.557Z] error: Error in getAllMeetingWithClientCounts: Connection is closed.
[2025-04-18T11:51:55.584Z] error: Error in /controller/adminCont/getAllMeetingCounts: Connection is closed.
[2025-04-18T11:51:55.854Z] error: Error in getAllPhysicalMeetingWithClientCounts: Connection is closed.
[2025-04-18T11:51:55.858Z] error: Error in /controller/adminCont/getMeetingWithStatus: Connection is closed.. SQL query: SELECT Webcast_Mst.WcCode, Webcast_Mst.Title, Webcast_Mst.EventStartDateTime, 
                    Webcast_Mst.EventEndDateTime,Webcast_Mst.EventType, 
                    Webcast_Mst.CreatedDate,Webcast_Mst.SpeakerCount,Webcast_Mst.Name,
                    Webcast_Mst.Mobile,Client_Mst.FullName,Department_Mst.DeptName,User_mst.displayname 
                    FROM Webcast_Mst 
                          Left Join Client_Mst on Webcast_Mst.ClientCode = Client_Mst.ClientCode
                          Left Join Department_Mst on Webcast_Mst.DeptId = Department_Mst.DeptId
                          Left Join User_mst on Webcast_Mst.CreatedBy = User_mst.userid
                        where EventType = @Etype and EventStatus = @y and Title LIKE '%' + @searchname + '%' ORDER BY EventStartDateTime DESC
[2025-04-18T11:51:55.929Z] error: Error in /controller/adminCont/getMeetingList: Connection is closed.. SQL query: SELECT Webcast_Mst.WcCode, Webcast_Mst.Title, 
            Webcast_Mst.CreatedDate,Webcast_Mst.EventStartDateTime, Webcast_Mst.EventEndDateTime,
            Webcast_Mst.SpeakerCount,Webcast_Mst.Name,Webcast_Mst.Mobile,
            Webcast_Mst.EventType,
            Webcast_Webinar_Mst.MeetingId,Webcast_Webinar_Mst.AccountId,
            Webcast_Webinar_Mst.PresenterUrl,Webcast_Webinar_Mst.AttendeeUrl,
            Client_Mst.FullName,Department_Mst.DeptName, User_mst.displayname,
            zoom_ac_dtl.Account_name 
            FROM Webcast_Mst Inner Join Webcast_Webinar_Mst on  
            Webcast_Mst.WcCode = Webcast_Webinar_Mst.fk_mid 
            Left Join Client_Mst on Webcast_Mst.ClientCode = Client_Mst.ClientCode
            Left Join Department_Mst on Webcast_Mst.DeptId = Department_Mst.DeptId
            Left Join User_mst on Webcast_Mst.CreatedBy = User_mst.userid
            LEFT JOIN zoom_ac_dtl
            ON Webcast_Webinar_Mst.AccountId = zoom_ac_dtl.Account_id
            where
            Webcast_Mst.EventType = @Etype and Webcast_Mst.EventStatus = @y and Webcast_Mst.Title LIKE '%' + @searchname + '%' ORDER BY Webcast_Mst.EventStartDateTime DESC
[2025-04-18T11:51:56.027Z] error: Error in /controller/adminCont/getMeetingWithStatus: Connection is closed.. SQL query: SELECT Webcast_Mst.WcCode, Webcast_Mst.Title, Webcast_Mst.EventStartDateTime, 
                    Webcast_Mst.EventEndDateTime,Webcast_Mst.EventType, 
                    Webcast_Mst.CreatedDate,Webcast_Mst.SpeakerCount,Webcast_Mst.Name,
                    Webcast_Mst.Mobile,Client_Mst.FullName,Department_Mst.DeptName,User_mst.displayname 
                    FROM Webcast_Mst 
                          Left Join Client_Mst on Webcast_Mst.ClientCode = Client_Mst.ClientCode
                          Left Join Department_Mst on Webcast_Mst.DeptId = Department_Mst.DeptId
                          Left Join User_mst on Webcast_Mst.CreatedBy = User_mst.userid
                        where EventType = @Etype and EventStatus = @y and Title LIKE '%' + @searchname + '%' ORDER BY EventStartDateTime DESC
[2025-04-18T11:51:56.095Z] error: Error in /controller/adminCont/getMeetingList: Connection is closed.. SQL query: SELECT Webcast_Mst.WcCode, Webcast_Mst.Title, 
            Webcast_Mst.CreatedDate,Webcast_Mst.EventStartDateTime, Webcast_Mst.EventEndDateTime,
            Webcast_Mst.SpeakerCount,Webcast_Mst.Name,Webcast_Mst.Mobile,
            Webcast_Mst.EventType,
            Webcast_Webinar_Mst.MeetingId,Webcast_Webinar_Mst.AccountId,
            Webcast_Webinar_Mst.PresenterUrl,Webcast_Webinar_Mst.AttendeeUrl,
            Client_Mst.FullName,Department_Mst.DeptName, User_mst.displayname,
            zoom_ac_dtl.Account_name 
            FROM Webcast_Mst Inner Join Webcast_Webinar_Mst on  
            Webcast_Mst.WcCode = Webcast_Webinar_Mst.fk_mid 
            Left Join Client_Mst on Webcast_Mst.ClientCode = Client_Mst.ClientCode
            Left Join Department_Mst on Webcast_Mst.DeptId = Department_Mst.DeptId
            Left Join User_mst on Webcast_Mst.CreatedBy = User_mst.userid
            LEFT JOIN zoom_ac_dtl
            ON Webcast_Webinar_Mst.AccountId = zoom_ac_dtl.Account_id
            where
            Webcast_Mst.EventType = @Etype and Webcast_Mst.EventStatus = @y and Webcast_Mst.Title LIKE '%' + @searchname + '%' ORDER BY Webcast_Mst.EventStartDateTime DESC
[2025-04-19T03:08:38.262Z] error: Error in /controller/adminCont/getMeetingWithStatus: Failed to connect to 216.48.176.144:1433 - Could not connect (sequence). SQL query: SELECT Webcast_Mst.WcCode, Webcast_Mst.Title, Webcast_Mst.EventStartDateTime, 
            Webcast_Mst.EventEndDateTime,Webcast_Mst.EventType, 
            Webcast_Mst.CreatedDate,Webcast_Mst.SpeakerCount,Webcast_Mst.Name,
            Webcast_Mst.Mobile,Client_Mst.FullName,Department_Mst.DeptName,User_mst.displayname 
            FROM Webcast_Mst 
                  Left Join Client_Mst on Webcast_Mst.ClientCode = Client_Mst.ClientCode
                  Left Join Department_Mst on Webcast_Mst.DeptId = Department_Mst.DeptId
                  Left Join User_mst on Webcast_Mst.CreatedBy = User_mst.userid
                where EventType = @Etype and EventStatus = @y AND Webcast_Mst.DeptId = @departmentId and Title LIKE '%' + @searchname + '%' ORDER BY EventStartDateTime DESC
[2025-04-19T03:08:38.285Z] error: Error in /controller/adminCont/getMeetingList: Failed to connect to 216.48.176.144:1433 - Could not connect (sequence). SQL query: SELECT Webcast_Mst.WcCode, Webcast_Mst.Title, 
            Webcast_Mst.CreatedDate,Webcast_Mst.EventStartDateTime, Webcast_Mst.EventEndDateTime,
            Webcast_Mst.SpeakerCount,Webcast_Mst.Name,Webcast_Mst.Mobile,
            Webcast_Mst.EventType,
            Webcast_Webinar_Mst.MeetingId,Webcast_Webinar_Mst.AccountId,
            Webcast_Webinar_Mst.PresenterUrl,Webcast_Webinar_Mst.AttendeeUrl,
            Client_Mst.FullName,Department_Mst.DeptName, User_mst.displayname,
            zoom_ac_dtl.Account_name 
            FROM Webcast_Mst Inner Join Webcast_Webinar_Mst on  
            Webcast_Mst.WcCode = Webcast_Webinar_Mst.fk_mid 
            Left Join Client_Mst on Webcast_Mst.ClientCode = Client_Mst.ClientCode
            Left Join Department_Mst on Webcast_Mst.DeptId = Department_Mst.DeptId
            Left Join User_mst on Webcast_Mst.CreatedBy = User_mst.userid
            LEFT JOIN zoom_ac_dtl
            ON Webcast_Webinar_Mst.AccountId = zoom_ac_dtl.Account_id
            where
            Webcast_Mst.EventType = @Etype and Webcast_Mst.EventStatus = @y 
            AND Webcast_Mst.DeptId = @departmentId and Webcast_Mst.Title LIKE '%' + @searchname + '%' ORDER BY Webcast_Mst.EventStartDateTime DESC
[2025-04-19T03:08:38.295Z] error: Error in /controller/adminCont/getMeetingList: Failed to connect to 216.48.176.144:1433 - Could not connect (sequence). SQL query: SELECT Webcast_Mst.WcCode, Webcast_Mst.Title, 
            Webcast_Mst.CreatedDate,Webcast_Mst.EventStartDateTime, Webcast_Mst.EventEndDateTime,
            Webcast_Mst.SpeakerCount,Webcast_Mst.Name,Webcast_Mst.Mobile,
            Webcast_Mst.EventType,
            Webcast_Webinar_Mst.MeetingId,Webcast_Webinar_Mst.AccountId,
            Webcast_Webinar_Mst.PresenterUrl,Webcast_Webinar_Mst.AttendeeUrl,
            Client_Mst.FullName,Department_Mst.DeptName, User_mst.displayname,
            zoom_ac_dtl.Account_name 
            FROM Webcast_Mst Inner Join Webcast_Webinar_Mst on  
            Webcast_Mst.WcCode = Webcast_Webinar_Mst.fk_mid 
            Left Join Client_Mst on Webcast_Mst.ClientCode = Client_Mst.ClientCode
            Left Join Department_Mst on Webcast_Mst.DeptId = Department_Mst.DeptId
            Left Join User_mst on Webcast_Mst.CreatedBy = User_mst.userid
            LEFT JOIN zoom_ac_dtl
            ON Webcast_Webinar_Mst.AccountId = zoom_ac_dtl.Account_id
            where
            Webcast_Mst.EventType = @Etype and Webcast_Mst.EventStatus = @y 
            AND Webcast_Mst.DeptId = @departmentId and Webcast_Mst.Title LIKE '%' + @searchname + '%' ORDER BY Webcast_Mst.EventStartDateTime DESC
[2025-04-19T03:08:38.305Z] error: Error in /controller/adminCont/getMeetingList: Failed to connect to 216.48.176.144:1433 - Could not connect (sequence). SQL query: SELECT Webcast_Mst.WcCode, Webcast_Mst.Title, 
            Webcast_Mst.CreatedDate,Webcast_Mst.EventStartDateTime, Webcast_Mst.EventEndDateTime,
            Webcast_Mst.SpeakerCount,Webcast_Mst.Name,Webcast_Mst.Mobile,
            Webcast_Mst.EventType,
            Webcast_Webinar_Mst.MeetingId,Webcast_Webinar_Mst.AccountId,
            Webcast_Webinar_Mst.PresenterUrl,Webcast_Webinar_Mst.AttendeeUrl,
            Client_Mst.FullName,Department_Mst.DeptName, User_mst.displayname,
            zoom_ac_dtl.Account_name 
            FROM Webcast_Mst Inner Join Webcast_Webinar_Mst on  
            Webcast_Mst.WcCode = Webcast_Webinar_Mst.fk_mid 
            Left Join Client_Mst on Webcast_Mst.ClientCode = Client_Mst.ClientCode
            Left Join Department_Mst on Webcast_Mst.DeptId = Department_Mst.DeptId
            Left Join User_mst on Webcast_Mst.CreatedBy = User_mst.userid
            LEFT JOIN zoom_ac_dtl
            ON Webcast_Webinar_Mst.AccountId = zoom_ac_dtl.Account_id
            where
            Webcast_Mst.EventType = @Etype and Webcast_Mst.EventStatus = @y 
            AND Webcast_Mst.DeptId = @departmentId and Webcast_Mst.Title LIKE '%' + @searchname + '%' ORDER BY Webcast_Mst.EventStartDateTime DESC
[2025-04-19T03:08:38.309Z] error: Error in /controller/adminCont/getMeetingWithStatus: Failed to connect to 216.48.176.144:1433 - Could not connect (sequence). SQL query: SELECT Webcast_Mst.WcCode, Webcast_Mst.Title, Webcast_Mst.EventStartDateTime, 
            Webcast_Mst.EventEndDateTime,Webcast_Mst.EventType, 
            Webcast_Mst.CreatedDate,Webcast_Mst.SpeakerCount,Webcast_Mst.Name,
            Webcast_Mst.Mobile,Client_Mst.FullName,Department_Mst.DeptName,User_mst.displayname 
            FROM Webcast_Mst 
                  Left Join Client_Mst on Webcast_Mst.ClientCode = Client_Mst.ClientCode
                  Left Join Department_Mst on Webcast_Mst.DeptId = Department_Mst.DeptId
                  Left Join User_mst on Webcast_Mst.CreatedBy = User_mst.userid
                where EventType = @Etype and EventStatus = @y AND Webcast_Mst.DeptId = @departmentId and Title LIKE '%' + @searchname + '%' ORDER BY EventStartDateTime DESC
[2025-04-19T03:08:38.312Z] error: Error in /controller/adminCont/getMeetingWithStatus: Failed to connect to 216.48.176.144:1433 - Could not connect (sequence). SQL query: SELECT Webcast_Mst.WcCode, Webcast_Mst.Title, Webcast_Mst.EventStartDateTime, 
            Webcast_Mst.EventEndDateTime,Webcast_Mst.EventType, 
            Webcast_Mst.CreatedDate,Webcast_Mst.SpeakerCount,Webcast_Mst.Name,
            Webcast_Mst.Mobile,Client_Mst.FullName,Department_Mst.DeptName,User_mst.displayname 
            FROM Webcast_Mst 
                  Left Join Client_Mst on Webcast_Mst.ClientCode = Client_Mst.ClientCode
                  Left Join Department_Mst on Webcast_Mst.DeptId = Department_Mst.DeptId
                  Left Join User_mst on Webcast_Mst.CreatedBy = User_mst.userid
                where EventType = @Etype and EventStatus = @y AND Webcast_Mst.DeptId = @departmentId and Title LIKE '%' + @searchname + '%' ORDER BY EventStartDateTime DESC
[2025-04-19T03:08:38.324Z] error: Error in /controller/authenticateCont/getDepartMent: Failed to connect to 216.48.176.144:1433 - Could not connect (sequence). SQL query: SELECT DeptId, DeptName,DeptUrl from Department_Mst Where ClientCode = @clientId and Status = @y and DeptName Like '%' + @searchname+ '%'
[2025-04-19T03:08:38.327Z] error: Error in /controller/adminCont/getMeetingWithStatus: Failed to connect to 216.48.176.144:1433 - Could not connect (sequence). SQL query: SELECT Webcast_Mst.WcCode, Webcast_Mst.Title, Webcast_Mst.EventStartDateTime, 
            Webcast_Mst.EventEndDateTime,Webcast_Mst.EventType, 
            Webcast_Mst.CreatedDate,Webcast_Mst.SpeakerCount,Webcast_Mst.Name,
            Webcast_Mst.Mobile,Client_Mst.FullName,Department_Mst.DeptName,User_mst.displayname 
            FROM Webcast_Mst 
                  Left Join Client_Mst on Webcast_Mst.ClientCode = Client_Mst.ClientCode
                  Left Join Department_Mst on Webcast_Mst.DeptId = Department_Mst.DeptId
                  Left Join User_mst on Webcast_Mst.CreatedBy = User_mst.userid
                where EventType = @Etype and EventStatus = @y AND Webcast_Mst.DeptId = @departmentId and Title LIKE '%' + @searchname + '%' ORDER BY EventStartDateTime DESC
[2025-04-19T03:08:38.338Z] error: Error in /controller/authenticateCont/getDepartMent: Failed to connect to 216.48.176.144:1433 - Could not connect (sequence). SQL query: SELECT DeptId, DeptName,DeptUrl from Department_Mst Where ClientCode = @clientId and Status = @y and DeptName Like '%' + @searchname+ '%'
[2025-04-19T03:08:38.342Z] error: Error in /controller/authenticateCont/getClient: Failed to connect to 216.48.176.144:1433 - Could not connect (sequence). SQL query: SELECT ClientCode, FullName, ContactPerson, ContactNumber from Client_Mst Where Status = @y and FullName Like '%' + @searchname+ '%'
[2025-04-19T03:08:38.345Z] error: Error in /controller/adminCont/getMeetingList: Failed to connect to 216.48.176.144:1433 - Could not connect (sequence). SQL query: SELECT Webcast_Mst.WcCode, Webcast_Mst.Title, 
            Webcast_Mst.CreatedDate,Webcast_Mst.EventStartDateTime, Webcast_Mst.EventEndDateTime,
            Webcast_Mst.SpeakerCount,Webcast_Mst.Name,Webcast_Mst.Mobile,
            Webcast_Mst.EventType,
            Webcast_Webinar_Mst.MeetingId,Webcast_Webinar_Mst.AccountId,
            Webcast_Webinar_Mst.PresenterUrl,Webcast_Webinar_Mst.AttendeeUrl,
            Client_Mst.FullName,Department_Mst.DeptName, User_mst.displayname,
            zoom_ac_dtl.Account_name 
            FROM Webcast_Mst Inner Join Webcast_Webinar_Mst on  
            Webcast_Mst.WcCode = Webcast_Webinar_Mst.fk_mid 
            Left Join Client_Mst on Webcast_Mst.ClientCode = Client_Mst.ClientCode
            Left Join Department_Mst on Webcast_Mst.DeptId = Department_Mst.DeptId
            Left Join User_mst on Webcast_Mst.CreatedBy = User_mst.userid
            LEFT JOIN zoom_ac_dtl
            ON Webcast_Webinar_Mst.AccountId = zoom_ac_dtl.Account_id
            where
            Webcast_Mst.EventType = @Etype and Webcast_Mst.EventStatus = @y 
            AND Webcast_Mst.DeptId = @departmentId and Webcast_Mst.Title LIKE '%' + @searchname + '%' ORDER BY Webcast_Mst.EventStartDateTime DESC
[2025-04-19T03:08:38.352Z] error: Error in /controller/authenticateCont/getClient: Failed to connect to 216.48.176.144:1433 - Could not connect (sequence). SQL query: SELECT ClientCode, FullName, ContactPerson, ContactNumber from Client_Mst Where Status = @y and FullName Like '%' + @searchname+ '%'
[2025-04-19T03:08:54.319Z] error: Error in /controller/adminCont/getMeetingWithStatus: Failed to connect to 216.48.176.144:1433 - Could not connect (sequence). SQL query: SELECT Webcast_Mst.WcCode, Webcast_Mst.Title, Webcast_Mst.EventStartDateTime, 
            Webcast_Mst.EventEndDateTime,Webcast_Mst.EventType, 
            Webcast_Mst.CreatedDate,Webcast_Mst.SpeakerCount,Webcast_Mst.Name,
            Webcast_Mst.Mobile,Client_Mst.FullName,Department_Mst.DeptName,User_mst.displayname 
            FROM Webcast_Mst 
                  Left Join Client_Mst on Webcast_Mst.ClientCode = Client_Mst.ClientCode
                  Left Join Department_Mst on Webcast_Mst.DeptId = Department_Mst.DeptId
                  Left Join User_mst on Webcast_Mst.CreatedBy = User_mst.userid
                where EventType = @Etype and EventStatus = @y AND Webcast_Mst.DeptId = @departmentId and Title LIKE '%' + @searchname + '%' ORDER BY EventStartDateTime DESC
[2025-04-19T03:08:54.339Z] error: Error in /controller/adminCont/getMeetingList: Failed to connect to 216.48.176.144:1433 - Could not connect (sequence). SQL query: SELECT Webcast_Mst.WcCode, Webcast_Mst.Title, 
            Webcast_Mst.CreatedDate,Webcast_Mst.EventStartDateTime, Webcast_Mst.EventEndDateTime,
            Webcast_Mst.SpeakerCount,Webcast_Mst.Name,Webcast_Mst.Mobile,
            Webcast_Mst.EventType,
            Webcast_Webinar_Mst.MeetingId,Webcast_Webinar_Mst.AccountId,
            Webcast_Webinar_Mst.PresenterUrl,Webcast_Webinar_Mst.AttendeeUrl,
            Client_Mst.FullName,Department_Mst.DeptName, User_mst.displayname,
            zoom_ac_dtl.Account_name 
            FROM Webcast_Mst Inner Join Webcast_Webinar_Mst on  
            Webcast_Mst.WcCode = Webcast_Webinar_Mst.fk_mid 
            Left Join Client_Mst on Webcast_Mst.ClientCode = Client_Mst.ClientCode
            Left Join Department_Mst on Webcast_Mst.DeptId = Department_Mst.DeptId
            Left Join User_mst on Webcast_Mst.CreatedBy = User_mst.userid
            LEFT JOIN zoom_ac_dtl
            ON Webcast_Webinar_Mst.AccountId = zoom_ac_dtl.Account_id
            where
            Webcast_Mst.EventType = @Etype and Webcast_Mst.EventStatus = @y 
            AND Webcast_Mst.DeptId = @departmentId and Webcast_Mst.Title LIKE '%' + @searchname + '%' ORDER BY Webcast_Mst.EventStartDateTime DESC
[2025-04-19T03:08:54.399Z] error: Error in /controller/adminCont/getMeetingWithStatus: Failed to connect to 216.48.176.144:1433 - Could not connect (sequence). SQL query: SELECT Webcast_Mst.WcCode, Webcast_Mst.Title, Webcast_Mst.EventStartDateTime, 
            Webcast_Mst.EventEndDateTime,Webcast_Mst.EventType, 
            Webcast_Mst.CreatedDate,Webcast_Mst.SpeakerCount,Webcast_Mst.Name,
            Webcast_Mst.Mobile,Client_Mst.FullName,Department_Mst.DeptName,User_mst.displayname 
            FROM Webcast_Mst 
                  Left Join Client_Mst on Webcast_Mst.ClientCode = Client_Mst.ClientCode
                  Left Join Department_Mst on Webcast_Mst.DeptId = Department_Mst.DeptId
                  Left Join User_mst on Webcast_Mst.CreatedBy = User_mst.userid
                where EventType = @Etype and EventStatus = @y AND Webcast_Mst.DeptId = @departmentId and Title LIKE '%' + @searchname + '%' ORDER BY EventStartDateTime DESC
[2025-04-19T03:08:54.412Z] error: Error in /controller/adminCont/getMeetingList: Failed to connect to 216.48.176.144:1433 - Could not connect (sequence). SQL query: SELECT Webcast_Mst.WcCode, Webcast_Mst.Title, 
            Webcast_Mst.CreatedDate,Webcast_Mst.EventStartDateTime, Webcast_Mst.EventEndDateTime,
            Webcast_Mst.SpeakerCount,Webcast_Mst.Name,Webcast_Mst.Mobile,
            Webcast_Mst.EventType,
            Webcast_Webinar_Mst.MeetingId,Webcast_Webinar_Mst.AccountId,
            Webcast_Webinar_Mst.PresenterUrl,Webcast_Webinar_Mst.AttendeeUrl,
            Client_Mst.FullName,Department_Mst.DeptName, User_mst.displayname,
            zoom_ac_dtl.Account_name 
            FROM Webcast_Mst Inner Join Webcast_Webinar_Mst on  
            Webcast_Mst.WcCode = Webcast_Webinar_Mst.fk_mid 
            Left Join Client_Mst on Webcast_Mst.ClientCode = Client_Mst.ClientCode
            Left Join Department_Mst on Webcast_Mst.DeptId = Department_Mst.DeptId
            Left Join User_mst on Webcast_Mst.CreatedBy = User_mst.userid
            LEFT JOIN zoom_ac_dtl
            ON Webcast_Webinar_Mst.AccountId = zoom_ac_dtl.Account_id
            where
            Webcast_Mst.EventType = @Etype and Webcast_Mst.EventStatus = @y 
            AND Webcast_Mst.DeptId = @departmentId and Webcast_Mst.Title LIKE '%' + @searchname + '%' ORDER BY Webcast_Mst.EventStartDateTime DESC
[2025-04-19T03:08:54.548Z] error: Error in /controller/adminCont/getMeetingWithStatus: Failed to connect to 216.48.176.144:1433 - Could not connect (sequence). SQL query: SELECT Webcast_Mst.WcCode, Webcast_Mst.Title, Webcast_Mst.EventStartDateTime, 
            Webcast_Mst.EventEndDateTime,Webcast_Mst.EventType, 
            Webcast_Mst.CreatedDate,Webcast_Mst.SpeakerCount,Webcast_Mst.Name,
            Webcast_Mst.Mobile,Client_Mst.FullName,Department_Mst.DeptName,User_mst.displayname 
            FROM Webcast_Mst 
                  Left Join Client_Mst on Webcast_Mst.ClientCode = Client_Mst.ClientCode
                  Left Join Department_Mst on Webcast_Mst.DeptId = Department_Mst.DeptId
                  Left Join User_mst on Webcast_Mst.CreatedBy = User_mst.userid
                where EventType = @Etype and EventStatus = @y AND Webcast_Mst.DeptId = @departmentId and Title LIKE '%' + @searchname + '%' ORDER BY EventStartDateTime DESC
[2025-04-19T03:08:54.598Z] error: Error in /controller/adminCont/getMeetingList: Failed to connect to 216.48.176.144:1433 - Could not connect (sequence). SQL query: SELECT Webcast_Mst.WcCode, Webcast_Mst.Title, 
            Webcast_Mst.CreatedDate,Webcast_Mst.EventStartDateTime, Webcast_Mst.EventEndDateTime,
            Webcast_Mst.SpeakerCount,Webcast_Mst.Name,Webcast_Mst.Mobile,
            Webcast_Mst.EventType,
            Webcast_Webinar_Mst.MeetingId,Webcast_Webinar_Mst.AccountId,
            Webcast_Webinar_Mst.PresenterUrl,Webcast_Webinar_Mst.AttendeeUrl,
            Client_Mst.FullName,Department_Mst.DeptName, User_mst.displayname,
            zoom_ac_dtl.Account_name 
            FROM Webcast_Mst Inner Join Webcast_Webinar_Mst on  
            Webcast_Mst.WcCode = Webcast_Webinar_Mst.fk_mid 
            Left Join Client_Mst on Webcast_Mst.ClientCode = Client_Mst.ClientCode
            Left Join Department_Mst on Webcast_Mst.DeptId = Department_Mst.DeptId
            Left Join User_mst on Webcast_Mst.CreatedBy = User_mst.userid
            LEFT JOIN zoom_ac_dtl
            ON Webcast_Webinar_Mst.AccountId = zoom_ac_dtl.Account_id
            where
            Webcast_Mst.EventType = @Etype and Webcast_Mst.EventStatus = @y 
            AND Webcast_Mst.DeptId = @departmentId and Webcast_Mst.Title LIKE '%' + @searchname + '%' ORDER BY Webcast_Mst.EventStartDateTime DESC
[2025-04-19T03:08:54.634Z] error: Error in /controller/adminCont/getMeetingList: Failed to connect to 216.48.176.144:1433 - Could not connect (sequence). SQL query: SELECT Webcast_Mst.WcCode, Webcast_Mst.Title, 
            Webcast_Mst.CreatedDate,Webcast_Mst.EventStartDateTime, Webcast_Mst.EventEndDateTime,
            Webcast_Mst.SpeakerCount,Webcast_Mst.Name,Webcast_Mst.Mobile,
            Webcast_Mst.EventType,
            Webcast_Webinar_Mst.MeetingId,Webcast_Webinar_Mst.AccountId,
            Webcast_Webinar_Mst.PresenterUrl,Webcast_Webinar_Mst.AttendeeUrl,
            Client_Mst.FullName,Department_Mst.DeptName, User_mst.displayname,
            zoom_ac_dtl.Account_name 
            FROM Webcast_Mst Inner Join Webcast_Webinar_Mst on  
            Webcast_Mst.WcCode = Webcast_Webinar_Mst.fk_mid 
            Left Join Client_Mst on Webcast_Mst.ClientCode = Client_Mst.ClientCode
            Left Join Department_Mst on Webcast_Mst.DeptId = Department_Mst.DeptId
            Left Join User_mst on Webcast_Mst.CreatedBy = User_mst.userid
            LEFT JOIN zoom_ac_dtl
            ON Webcast_Webinar_Mst.AccountId = zoom_ac_dtl.Account_id
            where
            Webcast_Mst.EventType = @Etype and Webcast_Mst.EventStatus = @y 
            AND Webcast_Mst.DeptId = @departmentId and Webcast_Mst.Title LIKE '%' + @searchname + '%' ORDER BY Webcast_Mst.EventStartDateTime DESC
[2025-04-19T03:08:54.670Z] error: Error in /controller/adminCont/getMeetingWithStatus: Failed to connect to 216.48.176.144:1433 - Could not connect (sequence). SQL query: SELECT Webcast_Mst.WcCode, Webcast_Mst.Title, Webcast_Mst.EventStartDateTime, 
            Webcast_Mst.EventEndDateTime,Webcast_Mst.EventType, 
            Webcast_Mst.CreatedDate,Webcast_Mst.SpeakerCount,Webcast_Mst.Name,
            Webcast_Mst.Mobile,Client_Mst.FullName,Department_Mst.DeptName,User_mst.displayname 
            FROM Webcast_Mst 
                  Left Join Client_Mst on Webcast_Mst.ClientCode = Client_Mst.ClientCode
                  Left Join Department_Mst on Webcast_Mst.DeptId = Department_Mst.DeptId
                  Left Join User_mst on Webcast_Mst.CreatedBy = User_mst.userid
                where EventType = @Etype and EventStatus = @y AND Webcast_Mst.DeptId = @departmentId and Title LIKE '%' + @searchname + '%' ORDER BY EventStartDateTime DESC
[2025-04-19T03:08:54.752Z] error: Error in /controller/authenticateCont/getClient: Failed to connect to 216.48.176.144:1433 - Could not connect (sequence). SQL query: SELECT ClientCode, FullName, ContactPerson, ContactNumber from Client_Mst Where Status = @y and FullName Like '%' + @searchname+ '%'
[2025-04-19T03:08:54.770Z] error: Error in /controller/authenticateCont/getDepartMent: Failed to connect to 216.48.176.144:1433 - Could not connect (sequence). SQL query: SELECT DeptId, DeptName,DeptUrl from Department_Mst Where ClientCode = @clientId and Status = @y and DeptName Like '%' + @searchname+ '%'
[2025-04-19T03:08:54.791Z] error: Error in /controller/authenticateCont/getDepartMent: Failed to connect to 216.48.176.144:1433 - Could not connect (sequence). SQL query: SELECT DeptId, DeptName,DeptUrl from Department_Mst Where ClientCode = @clientId and Status = @y and DeptName Like '%' + @searchname+ '%'
[2025-04-19T03:08:54.819Z] error: Error in /controller/authenticateCont/getClient: Failed to connect to 216.48.176.144:1433 - Could not connect (sequence). SQL query: SELECT ClientCode, FullName, ContactPerson, ContactNumber from Client_Mst Where Status = @y and FullName Like '%' + @searchname+ '%'
